codigo,descricao,descricao_sefaz,gtin,ncm,gpc,unidade_medida,data_venda,valor_declarado,valor_venda
61,COADOR DESCARTAVEL P TINTA,,7891452179092,38140090,83000000,LT,2026-09-14T19:14:37Z,1.0,1.0
7891153033211,TINTA ACRILICA BRILH,,0,32091010,83000000,UN,2026-09-09T16:11:13Z,2.0,2.0
7891153079493,TINTA ACRILICA FOSCA,,0,32091010,83000000,UN,2026-09-15T20:09:59Z,2.0,2.0
12459,TINTA LIQUIDA ARTISTICA VERMELHA 15ML - ROSTINHO PINTADO,,0,32082019,83000000,UN,2026-09-11T20:38:05Z,4.9,2.05
000162,TINTA ESM.SINT.100ML TINTAS LUX,,0,32081010,83000000,UN,2026-09-09T15:53:33Z,9.9,2.3333333333333335
12465,TINTA LIQUIDA ARTISTICA PELE 1 15ML - ROSTINHO PINTADO,,0,32082019,83000000,UN,2026-09-11T20:38:05Z,5.9,2.47
12468,TINTA LIQUIDA ARTISTICA PINK FLUOR 15ML - ROSTINHO PINTADO,,0,32082019,83000000,UN,2026-09-11T20:38:05Z,5.9,2.47
0000000003156,PROMOCAO TINTA FOSCA,,0,32091010,83000000,UN,2026-09-11T15:47:59Z,2.75,2.75
13746,POLIDOR LIMPA BOM 500ML,POLIDOR DE ALUMINIO LIMPA BOM R MAIS500M - 1X500ML,7898758141303,32091010,83000000,UN,2026-09-14T17:16:18Z,2.79,2.79
2375,CORANTE VIOLETA 50ML HIDROTINTAS,BISNAGA CORANTE VIOLETA 50ML HIDRO COLOR HIDROTINTAS,7899010478076,32041700,83000000,UND,2026-09-14T18:18:15Z,3.15,3.15
2371,CORANTE AZUL 50ML HIDROTINTAS,BISNAGA CORANTE AZUL 50ML HIDRO COLOR HIDROTINTAS,7899010478038,32041700,83000000,UND,2026-09-14T18:40:05Z,3.15,3.15
013085,TINTA SPRAY 350ML TEKBOND,,0,32082019,83000000,UN,2026-09-12T11:22:46Z,22.0,3.2
12454,TINTA FACIAL METALICA AZUL 15ML - ROSTINHO PINTADO,,0,32082019,83000000,UN,2026-09-11T20:38:05Z,8.9,3.73
6399,CORANTE SOLUT 50ML PRETO - TINTAS LUX,,0,32041700,83000000,UN,2026-09-10T17:34:15Z,4.0,4.0
5103,TINTA PARA MARCADOR QB 20ML PRETO - RADEX,,0,32082019,83000000,UN,2026-09-10T18:28:57Z,4.4,4.4
577,CORANTE SOLUT 50ML VIOLETA - TINTAS LUX,,0,32082011,83000000,UN,2026-09-09T16:20:50Z,4.99,4.88
7891153072210,TINTA P TECIDO 37ML,,0,32091010,83000000,UN,2026-09-10T14:25:01Z,5.55,4.993333333333333
565,CORANTE SOLUT 50ML VERMELHO - TINTAS LUX,,0,32082011,83000000,UN,2026-09-11T17:52:25Z,5.0,5.0
660,CORANTE AZUL SOLUT 50ML - TINTAS LUX,,0,32041700,83000000,UN,2026-09-09T17:30:05Z,5.0,5.0
1890,CORANTE OCRE 50ML - SOLUT - TINTAS LUX,,0,32041700,83000000,UN,2026-09-12T14:36:28Z,5.0,5.0
447,HIDRACOR TINTA PO CREME SC 02KGS,,0,25223000,83000000,UN,2026-09-11T12:42:37Z,5.0,5.0
566,Rejunte cz Rhota,"HIDRAMAIS ESM SINT BCO GELO 900ML -> COD.ONU: 1263 CL.RISCO: 3,0 GR.EMB: III TINTA CONTENDO SOLVENTE ORGANICO. PESO BRUT",7897144014375,32081010,83000000,UN,2026-09-11T18:23:43Z,5.0,5.0
7891153049663,TINTA P TECIDO META,,0,32091010,83000000,UN,2026-09-14T16:25:29Z,5.0,5.0
29719,CORANTE SOLUT 50ML PRETO TINTAS LUX,,0,32041700,83000000,UN,2026-09-12T14:46:40Z,5.0,5.0
344,CORANTE SOLUT 50ML PRETO - TINTAS LUX,,0,32041700,83000000,UNID,2026-09-13T14:40:22Z,6.0,5.0
000401,CORANTE SOLUT 50ML AMARELO - TINTAS LUX,,0,32041700,83000000,UN,2026-09-15T18:36:38Z,5.0,5.0
000404,CORANTE SOLUT 50ML VERDE - TINTAS LUX,,0,32041700,83000000,UN,2026-09-15T18:36:11Z,5.0,5.0
7891153040097,TINTA P TECIDO 37ML,,0,32091010,83000000,UN,2026-09-10T14:23:21Z,5.2,5.2
7891153026299,TINTA FOSCA P ARTES,,0,32091010,83000000,UN,2026-09-15T13:38:58Z,5.25,5.25
7891153025612,TINTA FOSCA P ARTESANATO 37ML ACRILEX,,0,32091010,83000000,UN,2026-09-09T13:35:38Z,5.25,5.25
7891153032191,TINTA FOSCA P ARTE,,0,32091010,83000000,UN,2026-09-15T15:20:41Z,5.25,5.25
7891153032078,TINTA FOSCA P ARTESA,,0,32091010,83000000,UN,2026-09-15T20:02:06Z,5.25,5.25
07898903221225,TINTA LIQUIDA FACIAL 15ML REF 1209 COLORMAKE,,0,32089010,83000000,UN,2026-09-09T14:11:53Z,5.8,5.51
7891153041339,TINTA P TECIDO 37ML,,0,32091010,83000000,UN,2026-09-14T14:43:51Z,5.55,5.55
7891153041346,TINTA P TECIDO 37ML,,0,32091010,83000000,UN,2026-09-14T15:06:21Z,5.55,5.55
7891153041391,TINTA P TECIDO 37ML,,0,32091010,83000000,UN,2026-09-14T15:58:16Z,5.55,5.55
7891153041407,TINTA P TECIDO 37ML,,0,32091010,83000000,UN,2026-09-14T16:08:19Z,5.55,5.55
7891153041421,TINTA P TECIDO 37ML,,0,32091010,83000000,UN,2026-09-10T14:50:19Z,5.55,5.55
7891153041476,TINTA P TECIDO 37ML,,0,32091010,83000000,UN,2026-09-11T16:24:17Z,5.55,5.55
7891153041582,TINTA P TECIDO 37ML,,0,32091010,83000000,UN,2026-09-10T12:51:25Z,5.55,5.55
7891153041711,TINTA P TECIDO 37ML,,0,32091010,83000000,UN,2026-09-14T14:12:43Z,5.55,5.55
7891153041735,TINTA P TECIDO 37ML,,0,32091010,83000000,UN,2026-09-14T14:12:43Z,5.55,5.55
7891153041773,TINTA P TECIDO 37ML,,0,32091010,83000000,UN,2026-09-11T15:27:40Z,5.55,5.55
7891153041803,TINTA P TECIDO 37ML,,0,32091010,83000000,UN,2026-09-11T11:51:28Z,5.55,5.55
7891153041810,TINTA P TECIDO 37ML,,0,32091010,83000000,UN,2026-09-14T17:35:56Z,5.55,5.55
7891153072272,TINTA P TECIDO 37ML,,0,32091010,83000000,UN,2026-09-14T15:06:21Z,5.55,5.55
7891153072357,TINTA P TECIDO 37ML,,0,32091010,83000000,UN,2026-09-14T15:59:14Z,5.55,5.55
7891153014210,TINTA P TECIDO 37ML,,0,32091010,83000000,UN,2026-09-14T15:06:21Z,5.55,5.55
7891153072494,TINTA P TECIDO 37ML,,0,32091010,83000000,UN,2026-09-09T17:04:27Z,5.55,5.55
7891153072432,TINTA P TECIDO 37ML,,0,32091010,83000000,UN,2026-09-12T14:36:10Z,5.55,5.55
7891153041223,TINTA P TECIDO 37ML,,0,32091010,83000000,UN,2026-09-12T14:23:26Z,5.55,5.55
7891153041261,TINTA P TECIDO 37ML,,0,32091010,83000000,UN,2026-09-11T18:54:54Z,5.55,5.55
9358,TINTA DIMENSIONAL METALICA  VERDE FOLHA,,0,32082019,83000000,UN,2026-09-15T20:23:20Z,6.5,6.5
9,TINTA BISNAGA GLOBO 50ML PTO,CORANTE LIQUIDO DZ GLOBOCOR PRETO - GLOBOCOR,7891323075423,32041700,83000000,UN,2026-09-11T17:50:49Z,7.1,6.666666666666667
000839,TINTA BISNAGA GLOBO 50ML,CORANTE LIQUIDO DZ GLOBOCOR AMARELO - GLOBOCOR,7891323075362,32041700,83000000,UND,2026-09-09T11:53:37Z,7.0,7.0
7891153048499,DILUENTE P TINTA P,,0,38140090,83000000,UN,2026-09-14T17:35:56Z,7.3,7.3
7891153035093,TINTA ACRILICA FOSCA,,0,32091010,83000000,UN,2026-09-14T11:43:41Z,7.45,7.45
7891153035178,TINTA ACRILICA FOSCA,,0,32091010,83000000,UN,2026-09-10T17:49:32Z,7.45,7.45
7891153035154,TINTA ACRILICA FOSCA,,0,32091010,83000000,UN,2026-09-15T20:09:59Z,7.45,7.45
7891153035062,TINTA ACRILICA FOSCA,,0,32091010,83000000,UN,2026-09-14T14:21:36Z,7.45,7.45
7891153033129,TINTA ACRILICA BRILH,,0,32091010,83000000,UN,2026-09-14T14:36:24Z,7.5,7.5
7891153033082,TINTA ACRILICA BRILH,,0,32091010,83000000,UN,2026-09-09T16:14:15Z,7.5,7.5
7368,"TINTA STARLUX 112,5ML PRETO",,0,32081010,83000000,UN,2026-09-11T16:35:04Z,7.9,7.9
328478,"HIDROTINTAS ESM SECAMAX 0,1125L PRETO UND","ESMALTE SINT. SEC. RAP. SECAMIX 112,5 PRETO HIDROTINTAS",7899010407571,32081010,83000000,UN,2026-09-15T15:22:24Z,7.99,7.99
7898518198509,TINTA P ARTE PVA CIN,,0,32091010,83000000,UN,2026-09-14T14:46:12Z,8.1,8.1
7898415881528,TINTA ACRILICA 20ML,,0,32091010,83000000,UN,2026-09-15T15:51:48Z,8.25,8.25
7891153121369,TINTA SHAKE PAINT CO,,0,32089010,83000000,UN,2026-09-09T16:31:52Z,8.3,8.3
7891153121116,TINTA SHAKE PAINT CO,,0,32089010,83000000,UN,2026-09-14T14:37:13Z,8.3,8.3
7891153121093,TINTA SHAKE PAINT CO,,0,32089010,83000000,UN,2026-09-11T18:13:41Z,8.3,8.3
7891153121147,TINTA SHAKE PAINT CO,,0,32089010,83000000,UN,2026-09-10T15:20:21Z,8.3,8.3
7896380191666,RASPADOR P/PINTURA 275/6 6CM ATLAS,RASPADOR P/TINTAS 275/6 (6)CM UN ATLAS,7896380191666,83014000,83000000,UN,2026-09-14T12:12:12Z,8.99,8.99
002341,"TINTA EXTRALUX 0,1125L VERDE FOLHA",,7908147602756,32081010,83000000,UN,2026-09-11T18:27:38Z,9.99,8.99
16974,SPRAY PRATA ORBI-QUIMICA,TINTA SPRAY USO GERAL PRATA 340ML/220G ORBISPRAY,7898314113089,32082019,83000000,UN,2026-09-10T19:24:24Z,10.03,9.59
2347,TINTA ESM EXT BR NEVE 100G LUX,,0,32081010,83000000,UN,2026-09-15T20:48:24Z,10.0,9.66
10103,TINTA REFIL BULK INK CANON G CORANTE BLACK 135ML MASTERPRINT,,0,32082019,83000000,UND,2026-09-15T14:10:05Z,9.9,9.9
4732,"TINTA ESM PRETO112,5ML SECAMAX HIDROTINTAS OK","ESMALTE SINT. SEC. RAP. SECAMIX 112,5 PRETO HIDROTINTAS",7899010407571,32081010,83000000,UN,2026-09-14T19:29:38Z,9.99,9.99
2768,ESM SINT SR SECAMAX 112 5 PT HIDROTINTAS,,0,32081010,83000000,UN,2026-09-09T10:31:26Z,10.0,10.0
155,ESM EXTRALUX 1/32 AMARELO - TINTAS LUX,,0,32081010,83000000,UN,2026-09-15T14:10:21Z,10.0,10.0
411,TINTA ESM 125ML VERM,,0,32081010,83000000,UN,2026-09-14T18:43:17Z,10.0,10.0
8556,"Esmalte 112,5ml vinho Hidrotintas /",TINTA ESM SECAMAX 1/32 VINHO HIDRO,7899010407137,32081010,83000000,UN,2026-09-09T14:49:57Z,10.0,10.0
5058,ESM EXTRALUX 1/32 PRETO - TINTAS LUX,,0,32081010,83000000,UN,2026-09-10T19:00:54Z,10.0,10.0
5326,ESM EXTRALUX 1/32 BR NEVE - TINTAS LUX,,0,32081010,83000000,UN,2026-09-10T19:00:54Z,10.0,10.0
6431,"TINTA ESM BR 0,112L DELANIL VM IQUINE",,0,32081010,83000000,LT,2026-09-14T11:16:03Z,10.0,10.0
914,TINTA ESM EXT PR 100G LUX,,0,32081010,83000000,UN,2026-09-09T16:07:23Z,10.0,10.0
471,TINTA ESM. STAR 1\32 BRANCO 0639 - STARLUX,,0,32081010,83000000,UN,2026-09-11T13:29:07Z,10.5,10.5
2403,"TINTA ESM ST EXTRALUX 0,1125L BR NEVE",,0,32081010,83000000,UN,2026-09-15T18:47:32Z,10.5,10.5
6583,"TINTA ESM ST EXTRALUX 0,1125L PLATINA",,7898355012631,32081010,83000000,UN,2026-09-15T18:47:32Z,10.5,10.5
7891153050058,TINTA P TECIDO GLITT,,0,32091010,83000000,UN,2026-09-11T15:27:40Z,10.55,10.55
16014,SPRAY PRETO FOSCO ORBI-QUIMICA,TINTA SPRAY PR FO USO GERAL 340ML/190G WHITE COLOR,7898314112693,32082011,83000000,UN,2026-09-15T12:51:55Z,11.19,10.666666666666666
000106656,"TINTA ESMALTE EXTRALUX 0,112L CINZA MEDIO",,7908147602657,32081010,83000000,UN,2026-09-09T13:43:58Z,11.5,10.925
002298,ESM SINT SR SECAMAX 112 5ML AZ D R HIDRO,"ESMALTE SINT.HIDROTINTAS AZUL DEL REY 112,5ML",7899010406697,32081010,83000000,UN,2026-09-15T19:21:09Z,11.0,11.0
0000000000102,"TINTA ESM PRETO 0,112L DIALINE IQUINE",,7892948007905,32081010,83000000,UN,2026-09-15T12:30:06Z,11.5,11.0
7896011705347,TINTA A OLEO GR.1 20,,0,32091010,83000000,UN,2026-09-11T17:25:08Z,11.4,11.4
7896011705392,TINTA A OLEO GR.1 20,,0,32091010,83000000,UN,2026-09-10T15:43:12Z,11.4,11.4
7896011705286,TINTA A OLEO GR.1 20,,0,32091010,83000000,UN,2026-09-10T17:34:42Z,11.4,11.4
447,ESM EXTRALUX 1/32 PRETO - TINTAS LUX,,0,32081010,83000000,UN,2026-09-14T10:36:31Z,11.5,11.5
7891153023670,TINTA FOSCA P ARTES,,0,32091010,83000000,UN,2026-09-12T13:11:50Z,12.85,11.5475
7891153024318,TINTA FOSCA P ARTESA,,0,32081010,83000000,UN,2026-09-11T15:37:44Z,12.85,11.646666666666667
52355,ORBI TINTA SPRAY U.G BRANCO,,0,32082011,83000000,UN,2026-09-15T18:43:57Z,11.99,11.98
452,ESM EXTRALUX 1/32 PRETO - TINTAS LUX,,0,32081010,83000000,UN,2026-09-10T20:53:48Z,12.0,12.0
7891153023939,TINTA FOSCA P ARTESA,,0,32081010,83000000,UN,2026-09-11T15:50:08Z,12.85,12.0025
CFOP5102,SPRAY 350ML BEGE TEKBOND,TINTA SUPER COLOR BEGE USO GERAL SPRAY TEK BOND,7898543381099,32082019,83000000,UN,2026-09-14T17:52:48Z,18.0,12.46
7891153074405,TINTA FOSCA P ARTESA,,0,32089010,83000000,UN,2026-09-14T18:39:12Z,12.85,12.85
7891153023472,TINTA ARTESANATO 100ML ACRILEX,,0,32091010,83000000,UN,2026-09-11T17:37:35Z,12.85,12.85
7891153023618,TINTA P ARTESANATO,,0,32091010,83000000,UN,2026-09-12T13:08:54Z,12.85,12.85
7891153023533,TINTA FOSCA P ARTESA,,0,32081010,83000000,UN,2026-09-14T18:07:41Z,12.85,12.85
7891153023953,TINTA FOSCA P ARTESA,,0,32081010,83000000,UN,2026-09-15T15:20:41Z,12.85,12.85
2723,TINTA AEROSSOL VERMELHO USO GERAL 350 ML/250G,,0,32082019,83000000,UN,2026-09-09T12:45:36Z,13.0,13.0
7898518193924,TINTA PVA CINTILANTE,,0,32091010,83000000,UN,2026-09-14T14:46:12Z,14.1,13.11
227910,TINTA SPRAY BCO FOSCO USO GERAL 250ML CHEMICOLOR,,17899674039832,32082011,83000000,UN,2026-09-12T13:18:38Z,13.15,13.15
CFOP5405,MAZA ESMALTE SINTETICO AZUL FRANCA 225ML,TINTA ESM SINT 225ML AZ FRANCA 1X225ML MAZA,7898289935761,32081010,83000000,UN,2026-09-14T17:15:20Z,20.0,13.48
497,TINTA SPRAY USO G 350ML PT FOSCO TEK BON,,0,32082019,83000000,UN,2026-09-10T19:00:54Z,13.5,13.5
12773,TINTA E.SINT. 225G DIALINE ALUMINIO,"DIALINE-ESM SINT ALUMINIO 225 ML -> COD.ONU: 1263 CL.RISCO: 3,0 GR.EMB: III TINTA CONTENDO SOLVENTE ORGANICO.",7892948012596,32081010,83000000,UN,2026-09-12T13:52:30Z,13.5,13.5
7891153122519,TINTA 3D GLITTER 35M,,0,32091010,83000000,UN,2026-09-11T16:24:17Z,13.6,13.6
7891153122564,TINTA 3D GLITTER 35M,,0,32091010,83000000,UN,2026-09-09T16:14:15Z,13.6,13.6
0000000001241,TINTA EM PO VD PRIMEVERA,,7890000012416,25223000,83000000,UN,2026-09-14T18:56:37Z,13.8,13.676
57850,TINTA SPRAY 350ML DOURADO NORDESTIN SPRA,,0,32082019,83000000,UN,2026-09-10T19:30:44Z,14.5,13.78
14412,SPRAY ALUMINIO ORBI-QUIMICA,TINTA PRETO FOSCO 340ML 220G TINTA ALUMINIO COD 6695,7898314112730,32082011,83000000,UN,2026-09-10T16:36:23Z,15.0,13.8
11038,TINTA ESMAL BRILHO BRANCO 225ml,,7908027015669,32091010,83000000,PC,2026-09-11T08:51:42Z,15.0,13.89
7891153068022,TINTA VIDRO 150 37ML,,0,32089010,83000000,UN,2026-09-12T12:33:59Z,13.95,13.95
7891153067926,TINTA VIDRO 150 37ML,,0,32089010,83000000,UN,2026-09-11T17:00:51Z,13.95,13.95
000236,"TINTA ESM 112,5ml BRANCO NEVE IQUINE","DIALINE-ESM SEC RAP BCO NEVE 112,5ML -> COD.ONU: 1263 CL.RISCO: 3,0 GR.EMB: III TINTA CONTENDO SOLVENTE ORGANICO.",7892948012398,32081010,83000000,UN,2026-09-12T13:09:36Z,14.0,14.0
337,TINTA SPRAY U G PT BRILHO 400ML CHEMIC,,0,32082011,83000000,UN,2026-09-14T17:36:30Z,14.4,14.4
57865,TINTA SPRAY 350ML BR FOSCO NORDESTIN SPR,,0,32082019,83000000,UN,2026-09-10T15:40:01Z,14.5,14.5
57856,TINTA SPRAY 350ML BR BRILHANTE NORDESTIN,,0,32082019,83000000,UN,2026-09-10T12:52:44Z,14.5,14.5
57861,TINTA SPRAY 350ML PR FOSCO NORDESTIN SPR,,0,32082019,83000000,UN,2026-09-10T15:40:01Z,14.5,14.5
57848,TINTA SPRAY 350ML PR BRILHANTE NORDESTIN,,0,32082019,83000000,UN,2026-09-09T15:01:14Z,14.5,14.5
57847,TINTA SPRAY 350ML CZ CLARO NORDESTIN SPR,,0,32082019,83000000,UN,2026-09-09T15:01:14Z,14.5,14.5
324916,"IQUINE ESM DIALINE AB 0,1125L M TABACO UND","TINTA ACRIL. ESM RAP MARROM TABACO 112,5ML DIALINE IQUINE",7892948012527,32081010,83000000,UN,2026-09-11T12:41:49Z,14.5,14.5
40220,"IQUINE ESM DIALINE AB 0,1125L PRETO UND","DIALINE-ESM SEC RAP PRETO 112,5 ML - COD.ONU 1263 CL.RISCO 3,0 GR.EMB III TINTA CONTENDO SOLVENTE ORGANICO.",7892948012374,32081010,83000000,UN,2026-09-14T14:21:55Z,14.5,14.5
40219,"IQUINE ESM DIALINE AB 0,1125L BR NEVE UN","DIALINE-ESM SEC RAP BCO NEVE 112,5ML -> COD.ONU: 1263 CL.RISCO: 3,0 GR.EMB: III TINTA CONTENDO SOLVENTE ORGANICO.",7892948012398,32081010,83000000,UN,2026-09-10T12:13:23Z,14.5,14.5
40220,"IQUINE ESM DIALINE AB 0,1125L PRETO UN","DIALINE-ESM SEC RAP PRETO 112,5 ML - COD.ONU 1263 CL.RISCO 3,0 GR.EMB III TINTA CONTENDO SOLVENTE ORGANICO.",7892948012374,32081010,83000000,UN,2026-09-13T11:59:09Z,14.5,14.5
009628,MASSA CORRIDA BALDE 20KG TINTAS LUX,,0,32141020,83000000,U N,2026-09-12T11:40:46Z,55.0,14.5
7892948024919,"TINTA ESMALTE BRANCO 112,5ML DELANIL IQUINE","TINTA ESMALTE SINTETICO IQUINE BRILHANTE DELANIL 112,5ML BRANCO NEVE",7892948024919,32081010,83000000,Lata,2026-09-15T14:25:53Z,14.5,14.5
11270,TINTA SPRAY U GER 400ML CZMD MUNDIAL,SPRAY CINZA MEDIO MUNDIAL 400ML,7898907527361,32082019,83000000,SP,2026-09-14T12:24:30Z,17.9,14.56
20164,TINTA SPRAY VERDE 340ML/190G,,0,32082011,83000000,UN,2026-09-10T17:47:06Z,14.7,14.7
145,THINER 500ML STARLUX,THINNER DILUENTE 500ML STARLUX,7898482120131,38140090,83000000,UN,2026-09-11T12:07:50Z,15.0,14.846666666666666
0004484,TINTA SPRAY PT FO 350ML U.GERA - TEKBOND,,7890000044844,32082019,83000000,UN,2026-09-12T15:31:27Z,14.9,14.9
7891153062181,TINTA P TECIDO 120M,,0,32091010,83000000,UN,2026-09-12T13:11:50Z,16.6,14.91
405486-1,TINTA VERMELHO 250ML CHEMICOLOR,,7899674039927,32082019,83000000,PC,2026-09-11T17:38:27Z,14.99,14.99
405485-1,TINTA CINZA CLARO 250ML CHEMICOLOR,,7899674035721,32082011,83000000,PC,2026-09-15T00:04:23Z,14.99,14.99
26049,TINTA SPRAY U.G AZ CLARO 400ML IQUINE,TINTA SPRAY U GER 400ML AZ/CL IQUINE SP0001SP,7899674031600,32082011,83000000,UN,2026-09-12T12:12:37Z,14.99,14.99
74754,"TINTA ESM BR 0,112L DIALINE SEC BR/NV I LT0001LT","DIALINE-ESM SEC RAP BCO NEVE 112,5ML -> COD.ONU: 1263 CL.RISCO: 3,0 GR.EMB: III TINTA CONTENDO SOLVENTE ORGANICO.",7892948012398,32081010,83000000,LT,2026-09-15T16:20:51Z,14.99,14.99
74750,"TINTA ESM BR 0,112L DIALINE SEC TB IQUIN","TINTA ACRIL. ESM RAP MARROM TABACO 112,5ML DIALINE IQUINE",7892948012527,32081010,83000000,LT,2026-09-13T14:03:17Z,14.99,14.99
76051,"TINTA ESM BR 0,112L DIALINE SEC AM IQUIN","DIALINE-ESM SEC RAP AMARELO 112,5ML -COD.ONU:1263 CL.RISCO3,0 GR.EMBIII TINTA CONTENDO SOLVENTE ORGANICO.",7892948012381,32081010,83000000,LT,2026-09-13T14:03:17Z,14.99,14.99
405490-1,TINTA AZUL CLARO 250ML CHEMICOLOR,,7899674039804,32082011,83000000,PC,2026-09-12T17:21:48Z,14.99,14.99
76044,"TINTA ESM BR 0,112L DIALINE SEC VM IQUIN","DIALINE-ESM SEC RAP VERMELHO112,5 ML -> COD.ONU: 1263 CL.RISCO: 3,0 GR.EMB: III TINTA CONTENDO SOLVE",7892948012367,32081010,83000000,LT,2026-09-13T14:03:17Z,14.99,14.99
11039,TINTA ESMAL BRILHO PRETO 225ml,,7908027015775,32091010,83000000,PC,2026-09-09T05:51:59Z,15.0,15.0
0000000002902,TINTA SPRAY UG PRETO BRILHO 400ML PRATIK,,7896480666576,32082011,83000000,UN,2026-09-12T14:25:00Z,15.0,15.0
3128,SPRAY TINTAS LUX U GERAL CZ PRIMER 400ML,,0,32082011,83000000,UN,2026-09-09T15:30:58Z,16.0,15.0
7891153062228,TINTA P TECIDO 120M,,0,32091010,83000000,UN,2026-09-11T15:37:44Z,16.6,15.04
18496,TINTA SPRAY PAINTCOLOR BRANCO FOSCO 400ML,,7899674036315,32082011,83000000,UND,2026-09-10T14:12:37Z,17.99,15.29
18332,TINTA SPRAY PAINTCOLOR PRETO BRILHANTE 400ML,,7899674036391,32082011,83000000,UND,2026-09-15T19:36:57Z,17.99,15.29
17305,TINTA CHEMIC U.G. LJA 400ML BASTON,TINTA SPRAY USO G LR 400ML CHEMICOLO 1X400ML CHEMICOLOR,7898436141557,32082011,83000000,UN,2026-09-11T12:11:06Z,19.0,15.333333333333334
53933,TINTA AEROSSOL LARANJA   2443  TEK BOND,TINTA AEROSSOL LARANJA USO GERAL 350 ML/250G COD 23131006900,7898543381044,32082019,83000000,UN,2026-09-15T13:29:38Z,17.01,15.395
48201,TINTA NORDESTIN U.G ALUM. P RODAS 350ML,,0,32082019,83000000,UN,2026-09-15T15:16:19Z,17.1,15.46
9101,Tinta Spray White Color Preto Brilhante 340ml Orbi,TINTA SPRAY PR BR USO GERAL 340/ML/190 WHITE COLOR,7898314112709,32082011,83000000,UN,2026-09-14T18:15:52Z,15.6,15.6
3267,TINTA SPRAY 400ML PRETO - CHEMICOLOR,,0,32082011,83000000,UN,2026-09-15T17:20:24Z,16.9,15.71
5408,TINTA SPRAY NORDESTIN PTO BRILHANTE 350ML,,0,32082019,83000000,UN,2026-09-11T17:25:28Z,15.99,15.99
5093,SPRAY TEKBOND U.G PRETO BRIL 350ML,"TINTA SPRAY USOGERAL PR BRILHO 350ML - TEKBOND,ONU 1950,AEROSOIS - PIRETROIDES,SUBCLASSE 2.1,(CLASSE",7898543380924,32082019,83000000,UN,2026-09-15T14:42:04Z,16.0,16.0
5094,SPRAY TEKBOND U.G PRETO FSC 350ML,TINTA AEROSSOL PRETO FOSCO USO GERAL 350 ML/250G REF 23001006900,7898543380917,32082019,83000000,UN,2026-09-12T10:52:11Z,16.0,16.0
33,Tinta Spray 400ml uso geral verde claro Chemicolor,TINTA SPRAY USO G VD CLARO 400ML CHAMICO 1X400ML CHEMICOLOR,7898436141595,32082011,83000000,UN,2026-09-12T15:59:41Z,16.0,16.0
10501,TINTA SPRAY 500ML BRANCO BRILHANTE USO G - CHEMICOLOR,,0,32082011,83000000,UN,2026-09-14T14:17:41Z,16.9,16.0
9706,Tinta spray rosa uso geral 400ml Chemicolor /,TINTA SPRAY USO G RS 400ML CHEMICOLOR 1X400ML CHEMICOLOR,7898436141656,32082011,83000000,UN,2026-09-11T11:12:18Z,17.0,16.0
213,TINTA SPRAY MONDIAL 400ML,,0,32082019,83000000,UN,2026-09-12T12:20:28Z,16.0,16.0
3205,TINTA SPRAY USO G BR BRILHANTE 400ML,,0,32082011,83000000,UN,2026-09-13T15:44:31Z,16.0,16.0
8648,TINTA SPRAY U GER 400ML AL CHEMICOLOR,,0,32082011,83000000,SP,2026-09-10T19:45:38Z,16.0,16.0
14661,TINTA SPRAY U GER 400ML AL/ROD CHEMICOLO,,0,32082011,83000000,SP,2026-09-13T15:44:31Z,16.0,16.0
011557,TINTA SPRAY U GER 400ML BR CHEMICOLOR,T SPRAY USO G BR BRILHANTE 400ML CHEMIC 1X400ML CHEMICOLOR,7898436140581,32082011,83000000,UND,2026-09-10T18:11:37Z,18.0,16.0
0000000004446,TINTA SPARY UG PRETO,,7898314112709,32082011,83000000,UN,2026-09-14T16:20:53Z,16.0,16.0
0000000004447,TINTA SPARY UG PRETO,,7898314112693,32082011,83000000,UN,2026-09-11T19:10:52Z,16.0,16.0
2682,SPRAY TINTAS LUX U GERAL BR BRILH 400ML,,0,32082019,83000000,UN,2026-09-10T18:37:13Z,16.0,16.0
6077,TINTA SPRAY 400ML CINZA ESCURO - CHEMICOLOR,,0,32082011,83000000,UN,2026-09-13T12:46:08Z,16.9,16.1
10852,TINTA SPRAY 350ML BRANCO USO G. - TEK BOND,,0,32082019,83000000,UN,2026-09-13T12:46:08Z,16.9,16.1
0074468050907,TINTA SPRAY USO GERA,,0,32082019,83000000,UN,2026-09-09T19:11:03Z,17.95,16.15
18333,TINTA SPRAY PAINTCOLOR PRETO FOSCO 400ML,,7899674036407,32082011,83000000,UND,2026-09-11T17:24:06Z,17.99,16.19
CFOP5405,MAZA ESMALTE SINTETICO VERDE FOLHA 225ML,TINTA ESM SINT 225ML VD FOLHA 1X225MLMAZA,7898289935075,32081010,83000000,UN,2026-09-15T18:58:09Z,20.0,16.19
18331,TINTA SPRAY PAINTCOLOR BRANCO BRILHANTE 400ML,,7899674036308,32082011,83000000,UND,2026-09-12T13:29:20Z,17.99,16.19
1108,"TINTA ESM BR RAP LT0,225L DELANIL BR NEV",,0,32081010,83000000,UN,2026-09-10T16:52:12Z,16.35,16.35
003409,MASSA CORRIDA BALDE 25KG TINTAS LUX,,0,32141020,83000000,UN,2026-09-10T15:14:49Z,66.0,16.5
7891153062204,TINTA P TECIDO 120M,,0,32091010,83000000,UN,2026-09-11T11:51:28Z,16.6,16.6
013992,TINTA SPRAY USO GERAL PRETO BRILHANTE 350 ML- NORDESTIN*,,74468050808,32091010,83000000,UND,2026-09-14T16:27:59Z,18.0,16.7
015030,TINTA SPRAY USO GERAL CINZA CLARO 350 ML- NORDESTIN*,,74468050945,32091010,83000000,UND,2026-09-15T16:34:29Z,18.0,16.75
D220480,TINTA AEROSSOL PRETO BRILHANTE USO,"TINTA SPRAY USOGERAL PR BRILHO 350ML - TEKBOND,ONU 1950,AEROSOIS - PIRETROIDES,SUBCLASSE 2.1,(CLASSE",7898543380924,32082019,83000000,PC,2026-09-10T11:27:51Z,16.8,16.8
D220485,TINTA AEROSSOL ALUMINIO USO GERAL,"TINTA SPRAY USOGERAL ALUMINIO 350ML - TEKBOND,ONU 1950,AEROSOIS - PIRETROIDES,SUBCLASSE 2.1,(CLASSE",7898543380948,32082019,83000000,PC,2026-09-09T20:36:10Z,16.8,16.8
D220484,TINTA AEROSSOL BRACO FOSCO USO GER,TINTA AEROSSOL BRANCO FOSCO USO GERAL 350 ML/250G REF 23101006900,7898543381013,32082019,83000000,PC,2026-09-11T16:29:24Z,16.8,16.8
CFOP5102,SPRAY 350ML ALTA TEMPERATURA ALUMINIO TEKBOND,TINTA AEROSSOL ALUMINIO ALTA TEMPERATURA 350ML/250G COD 23261006900,7898543381174,32082019,83000000,UN,2026-09-15T19:38:13Z,25.0,16.9
4326,TINTA SPRAY 400ML CINZA CLARO - CHEMICOLOR,,0,32082011,83000000,UN,2026-09-14T20:04:39Z,16.9,16.9
1040,TINTA SPRAY 400ML PRETO FOSCO - CHEMICOLOR,,0,32082011,83000000,UN,2026-09-14T11:32:35Z,16.9,16.9
7896011705514,TINTA OLEO METALICA,,0,32091010,83000000,UN,2026-09-10T15:43:12Z,16.9,16.9
12279,TINTA SPRAY USOGERAL PR FOSCO 350ML - KALA,TINTA SPRAY USOGERAL PR FOSCO 350ML - KALA,7899009002121,32082019,83000000,UN,2026-09-10T14:23:16Z,19.9,16.913333333333334
2126,THINNER 5000/6000 900ML FARBEN,THINNER 5000. ONU 1263 QUANT.LTDA MATERIAL RELACIONADO COM TINTA,7899381687244,38140090,83000000,UN,2026-09-12T14:26:52Z,17.0,16.94
733,TINTA SPRAY 350ML PT BRILH U.G - NORDESTIN,,0,32082019,83000000,UN,2026-09-15T11:36:25Z,18.0,17.0
3114,TINTA SPRAY CHEMICOLOR PTO BRILH USO GERAL 400ML - REF 0680092,,0,32082011,83000000,CX6,2026-09-10T17:21:19Z,17.0,17.0
794,TINTA SPRAY 350ML BRANCO BRILHANTE,,0,32082019,83000000,UN,2026-09-15T19:47:59Z,17.0,17.0
247,"ARACOR TINTA INT ECON  3,0L BR NEVE 60",,7890000054270,32091010,83000000,GL,2026-09-15T19:17:33Z,17.0,17.0
003489,TINTA SPRAY PRETO FOSCO 400 ML CHESIQUIMICA,"ZARCAO ZARCOFER METAIS FERROSOS CZ 3,6L 1X3,6L IQUINE",7892948001149,32081010,83000000,PÇ,2026-09-09T17:44:55Z,17.0,17.0
9615,Tinta Spray Uso Geral 400ml Azul escuro Chemicolor /,T SPRAY USO G AZ ESCURO 400ML CHEMICO 1X400ML CHEMICOLOR,7898436141618,32081010,83000000,UN,2026-09-12T13:51:51Z,17.0,17.0
2325,TINTA SPRAY BRANCO BRILHO 350ML COLORE/TEK,TINTA AEROSSOL BRANCO BRILHANTE USO GERAL 350 ML/250G REF 23021006900,7898543380931,32082019,83000000,UN,2026-09-15T13:33:44Z,17.0,17.0
2126,THINNER 5000/6000 900ML FARBEN,THINNER 5000. ONU 1263 QUANT.LTDA MATERIAL RELACIONADO COM TINTA,7899381687244,38140090,83000000,UN,2026-09-15T19:10:14Z,17.0,17.0
0074468050846,TINTA SPRAY 350ML BR FOSCO NORDESTIN,,0,32082019,83000000,UN,2026-09-14T19:22:05Z,18.9,17.01
0074468050808,TINTA SPRAY 350G PRETO NORDESTIN,,0,32082019,83000000,UN,2026-09-15T19:05:42Z,18.9,17.01
0074468050815,TINTA SPRAY 350ML PRETO FOSCO NORDESTIN,,0,32082019,83000000,UN,2026-09-14T14:02:59Z,18.9,17.01
0074468050952,TINTA SPRAY 350ML CINZA ESCURO NORDESTIN,,0,32082019,83000000,UN,2026-09-09T20:18:45Z,18.9,17.01
5405,TINTA PRETO FOSCO 34,,7898314112693,32082011,83000000,UN,2026-09-15T20:45:15Z,20.0,17.09
17308,TINTA CHEMIC U.G. AZ ESCURO 400ML BASTON,T SPRAY USO G AZ ESCURO 400ML CHEMICO 1X400ML CHEMICOLOR,7898436141618,32082011,83000000,UN,2026-09-12T14:14:03Z,19.0,17.11
25207,TINTA SPRAY BRILHANTE ALUMINIO P/RODAS - 250G,,7899228201404,32089010,83000000,PC,2026-09-09T13:30:43Z,17.15,17.15
17292,TINTA CHEMIC U.G. AZ CLARO 400ML BASTON,T SPRAY USO G AZ CLARO 400ML CHAMICOL 1X400MLCHEMICOLOR,7898436140574,32082011,83000000,UN,2026-09-11T14:52:48Z,21.5,17.2
17296,TINTA CHEMIC U.G. PT FOS. 400ML BASTON,T SPRAY USO G PT FOSCO 400ML CHEMICOLO 1X400ML CHEMICOLOR,7898436140628,32082011,83000000,UN,2026-09-15T18:57:25Z,19.0,17.22
32246,SPRAY PRETO BRILHOSO TEKBOND,"TINTA SPRAY USOGERAL PR BRILHO 350ML - TEKBOND,ONU 1950,AEROSOIS - PIRETROIDES,SUBCLASSE 2.1,(CLASSE",7898543380924,32082019,83000000,UN,2026-09-09T13:16:02Z,18.18,17.25
1741,TINTA SPRAY PR FOSCO USO GERAL 350ML/250G TEKBOND,,0,32082019,83000000,UN,2026-09-15T14:42:03Z,18.6,17.433333333333334
32691,TINTA SPRAY VERDE METALICO 350ML 250G TE,TINTA AEROSSOL VERDE METALICO USO GERAL 350ML/250G COD 23331006900,7898543381242,32082019,83000000,UN,2026-09-14T14:35:19Z,34.99,17.5
0000000000071,TINTA SPRAY UG 400ML PRETO BRILHO CHEMICOLOR,,7898436140611,32082011,83000000,UN,2026-09-14T18:29:22Z,17.5,17.5
0000000000066,TINTA SPRAY UG 400ML AZUL CLARO CHEMICOLOR,,7898436140574,32082011,83000000,UN,2026-09-11T14:53:58Z,17.5,17.5
2894,TINTA SPRAY KALA PRETO,,0,32082019,83000000,UN,2026-09-15T17:41:30Z,20.0,17.52
214203,TINTA SPRAY WHITE COLOR ALTA/TEMP ALUM 340ML ORBI,TINTA SPRAY WHITE COLOR ALTA TEMPERATURA 340ML ALUMINIO+,7898314113317,32082011,83000000,UN,2026-09-14T18:36:25Z,17.52,17.52
1737,TINTA SPRAY VERDE USO GERAL 350ML/250G TEKBOND,,0,32082019,83000000,UN,2026-09-12T12:49:03Z,18.6,17.54
17294,TINTA CHEMIC U.G. PT BRILH. 400ML BASTON,T SPRAY USO G PT BRILHANTE 400ML CHEMICO 1X400ML CHEMICOLOR,7898436140611,32082011,83000000,UN,2026-09-12T15:00:45Z,19.0,17.59
10355,SPRAY CHEMICOLOR USO GERAL CINZA ESCURO 400ML,TINTA SPRAY USO GERAL 400ML CINZA ESCURO - CHEMICOLOR,7898436146132,32082011,83000000,UN,2026-09-10T12:04:36Z,22.0,17.6
214202,TINTA SPRAY WHITE COLOR ALTA/TEMP PRETO 340ML ORBI,ORBI TINTA - PRETO FOSCO ALTA TEMPERATURA (ORBI QUIMICA),7898314113300,32082011,83000000,UN,2026-09-15T12:12:22Z,17.62,17.62
601,SPRAY BRANCO BRILHANTE - MAZA,TINTA SPRAY AUTOM 300ML BRANCO ACABAMENTO COLORGIN,7891452228196,32089010,83000000,MR,2026-09-11T21:11:43Z,21.3,17.67
0004740,MASSA CORRIDA 4KG - TINTAS LUX,,7890000047401,32141020,83000000,UN,2026-09-10T18:56:33Z,17.82,17.82
4700,TINTA PAINTCOLOR 400ML A.T.PRETO FOSCO NOVA,,7899674036643,32082011,83000000,UN,2026-09-11T18:05:35Z,18.99,17.835
D220481,TINTA AEROSSOL PRETO FOSCO USO GER,TINTA AEROSSOL PRETO FOSCO USO GERAL 350 ML/250G REF 23001006900,7898543380917,32082019,83000000,PC,2026-09-09T20:36:10Z,17.87,17.87
D220483,TINTA AEROSSOL BRANCO BRILHANTE US,TINTA AEROSSOL BRANCO BRILHANTE USO GERAL 350 ML/250G REF 23021006900,7898543380931,32082019,83000000,PC,2026-09-15T16:40:42Z,17.87,17.87
9231,TINTA SPRAY U GER 400ML PTFC MUNDIAL,TINTA SPRAY 400ML MUNDIAL PRIME UG PRETO FOSCO,7898907527545,32082019,83000000,SP,2026-09-11T09:46:46Z,17.9,17.9
11887,TINTA SPRAY U GER 400ML VERNIZ MUNDIAL,TINTA SPRAY 400ML UG VERNIZ MUNDIAL PRIME,7898907527019,32082019,83000000,SP,2026-09-11T05:05:08Z,17.9,17.9
11271,TINTA SPRAY U GER 400ML CZ PRIMER MUNDIA,TINTA SPRAY 400ML USO GERAL MUNDIAL PRIME,7898915994360,32082019,83000000,SP,2026-09-09T16:12:22Z,17.9,17.9
9173,TINTA SPRAY U GER 400ML BR MUNDIAL,TINTA SPRAY 400ML MUNDIAL PRIME UG BRANCO,7898907527354,32082019,83000000,SP,2026-09-11T05:05:08Z,17.9,17.9
7898543380931,TINTA SPRAY BRANCO BRILHANTE 350ML TEKBOND,,0,32082019,83000000,UN,2026-09-15T17:22:29Z,19.9,17.91
0074468050808,TINTA SPRAY USO GERA,,0,32082019,83000000,UN,2026-09-09T15:56:30Z,17.95,17.95
0074468050815,TINTA SPRAY USO GERA,,0,32082019,83000000,UN,2026-09-11T18:41:25Z,17.95,17.95
00074468050884,TINTA SPRAY USO GERAL 350ML NORDESTN,,0,32082019,83000000,UN,2026-09-11T13:03:16Z,17.95,17.95
0074468050815,TINTA NORDESTIN 350ML PRETO FOSCO PETKOV REF 002.001.001.002,,0,32082019,83000000,UN,2026-09-14T19:03:26Z,17.95,17.95
0074468050822,TINTA NORDESTIN 350ML BR BRILHANTE PETKOV REF 002.001.001.004,,0,32082019,83000000,UN,2026-09-10T18:10:04Z,17.95,17.95
0074468050846,TINTA NORDESTIN 350ML BR FOSCO PETKOV REF 002.001.001.005,,0,32082019,83000000,UN,2026-09-14T14:06:40Z,17.95,17.95
0074468050884,TINTA NORDESTIN 350ML VERNIZ BRILHANTE PETKOV REF 002.001.001.006,,0,32082019,83000000,UN,2026-09-15T18:01:28Z,17.95,17.95
7898543381006,TINTA SPRAY SUPER CO,,0,32089010,83000000,UN,2026-09-09T16:31:52Z,17.95,17.95
7898543380993,TINTA SPRAY SUPER CO,,0,32089010,83000000,UN,2026-09-15T16:27:41Z,17.95,17.95
0074468050969,TINTA SPRAY USO GERA,,0,32082019,83000000,UN,2026-09-11T13:47:09Z,17.95,17.95
0074468050884,TINTA SPRAY USO GERA,,0,32082019,83000000,UN,2026-09-15T16:43:49Z,17.95,17.95
0074468050822,TINTA SPRAY USO GERA,,0,32082019,83000000,UN,2026-09-15T17:41:18Z,17.95,17.95
00074468050846,TINTA SPRAY USO GERAL 350ML NORDESTN,,0,32082019,83000000,UN,2026-09-14T13:11:04Z,17.95,17.95
00074468050815,TINTA SPRAY USO GERAL 350ML NORDESTN,,0,32082019,83000000,UN,2026-09-14T13:11:04Z,17.95,17.95
0074468050846,TINTA SPRAY USO GERA,,0,32082019,83000000,UN,2026-09-15T20:15:51Z,17.95,17.95
00074468050822,TINTA SPRAY USO GERAL 350ML NORDESTN,,0,32082019,83000000,UN,2026-09-11T20:11:06Z,17.95,17.95
4115,TINTA NORDESTIN 350ML/250G U.G.BRANCO FOSCO,,0,32082019,83000000,UN,2026-09-11T16:47:38Z,17.99,17.99
1350,TINTA SPRAY TEKBOND PTO BRIL 350ML OK,"TINTA SPRAY USOGERAL PR BRILHO 350ML - TEKBOND,ONU 1950,AEROSOIS - PIRETROIDES,SUBCLASSE 2.1,(CLASSE",7898543380924,32082019,83000000,UN,2026-09-10T20:20:53Z,17.99,17.99
791,TINTA SPRAY 350ML BR FOSCO U.G - NORDESTIN,,0,32082019,83000000,UN,2026-09-15T13:46:49Z,18.0,18.0
1149,TINTA NORDESTIN 350ML/250G U.G.ALUMINIO,,0,32082019,83000000,UN,2026-09-11T14:56:12Z,18.0,18.0
920,SPRAY U.G 400ML CHEMICOLOR VERMELHO,TINTA SPRAY USO G VM 400ML CHEMICOLOR 1X400ML CHEMICOLOR,7898436140642,32082011,83000000,UN,2026-09-11T19:55:42Z,18.0,18.0
3525,SPRAY U.G 400ML CHEMICOLOR MARROM,TINTA SPRAY USO G 400ML MR CHEMICOLOR 04237,7898436141571,32082011,83000000,UN,2026-09-09T15:49:20Z,18.0,18.0
23699,TINTA SPRAY USO G 350ML PT TEK BOND,"TINTA SPRAY USOGERAL PR BRILHO 350ML - TEKBOND,ONU 1950,AEROSOIS - PIRETROIDES,SUBCLASSE 2.1,(CLASSE",7898543380924,32082019,83000000,UN,2026-09-10T19:12:55Z,18.0,18.0
003445,TINTA AEROSSOL PR FOSCO USO GERAL 350ML TEKBOND,,0,32082019,83000000,UNIDA,2026-09-15T19:11:57Z,18.0,18.0
003819,VERNIZ AEROSSOL BRILHO USO GERAL 350ML TEKBOND,"TINTA SPRAY USOGERAL VERNIZ 350ML - TEKBOND,ONU 1950,AEROSOIS - PIRETROIDES,SUBCLASSE 2.1,(CLASSE 2)",7898543381082,32082019,83000000,UNIDA,2026-09-10T20:38:54Z,18.0,18.0
2920,TINTA ESMALTE 116 STAND BCA UNIVERSO  -  REF R11,,7891696011882,32081010,83000000,CX12,2026-09-09T21:52:30Z,18.0,18.0
0000000003146,PROMOCAO TINTA FOSCA,,0,32091010,83000000,UN,2026-09-15T12:14:02Z,18.0,18.0
3081,935590 TINTA SPRAY USOGERAL BR BRILHO 350ML,TINTA SPRAY USOGERAL BR BRILHO 350ML - KALA,7899009002145,32082019,83000000,PEC,2026-09-14T13:16:20Z,18.0,18.0
000041,TINTA SPRAY USO GERAL 400ML PRETO BRILHANTE CHEMICOLOR*,T SPRAY USO G PT BRILHANTE 400ML CHEMICO 1X400ML CHEMICOLOR,7898436140611,32082011,83000000,UN,2026-09-11T14:33:07Z,18.0,18.0
002808,TINTA SPRAY USO GERAL 400ML VERMELHO CHEMICOLOR*,TINTA SPRAY USO G VM 400ML CHEMICOLOR 1X400ML CHEMICOLOR,7898436140642,32089010,83000000,UN,2026-09-15T16:46:41Z,18.0,18.0
002813,TINTA SPRAY USO GERAL 400ML MARROM CHEMICOLOR*,TINTA SPRAY USO G 400ML MR CHEMICOLOR 04237,7898436141571,32089010,83000000,UN,2026-09-12T17:43:01Z,18.0,18.0
002815,TINTA SPRAY USO GERAL 400ML BRANCO BRILHANTE CHEMICOLLOR*,T SPRAY USO G BR BRILHANTE 400ML CHEMIC 1X400ML CHEMICOLOR,7898436140581,32089010,83000000,UN,2026-09-11T14:33:07Z,18.0,18.0
005008,TINTA SPRAY CHEMICOLOR VIOLETA CLARO 400ML- USO GERAL,,7898436147832,32081010,83000000,UN,2026-09-15T21:39:39Z,18.0,18.0
006295,TINTA SPRAY USO GERAL 400ML GRAFITE CHEMICOLOR*,T SPRAY USO G GRAFITE 400ML CHEMICOLOR 1X400ML CHEMICOLOR,7898436140604,32089010,83000000,UN,2026-09-15T16:26:16Z,18.0,18.0
006300,TINTA SPRAY USO GERAL BRANCO BRIL 350 ML - TEK BOND*,TINTA AEROSSOL BRANCO BRILHANTE USO GERAL 350 ML/250G REF 23021006900,7898543380931,32082019,83000000,UND,2026-09-12T12:03:02Z,18.0,18.0
007625,TINTA SPRAY USO GERAL 400ML VIOLETA CLARO CHEMICOLOR*,TINTA SPRAY CHEMI COLOR VIOLETA CLARO VIOLET EDITION 400ML,7898436147832,32089010,83000000,UN,2026-09-11T16:27:23Z,18.0,18.0
011184,TINTA SPRAY ALTA TEMP 250ML PRETO CHEMICOLOR*,,7899674039958,32089010,83000000,UN,2026-09-12T21:17:35Z,18.0,18.0
CFOP5102,SPRAY 350ML BRANCO FOSCO TEKBOND,TINTA AEROSSOL BRANCO FOSCO USO GERAL 350 ML/250G REF 23101006900,7898543381013,32082019,83000000,UN,2026-09-11T13:51:48Z,18.0,18.0
751,TINTA SPRAY USO G 350ML DOURADO TEK BOND,,0,32082019,83000000,UN,2026-09-09T12:21:13Z,18.0,18.0
5681,TINTA SPRAY USO G 400ML DOURADO CHEMICOL,,0,32082011,83000000,UN,2026-09-14T10:49:16Z,18.0,18.0
12619,TINTA SPRAY MET 400ML CR PAINTCOLOR,,0,32082011,83000000,PC,2026-09-11T18:30:37Z,18.0,18.0
14265,TINTA PAINTCOLOR 400ML METALICA PRATA NOVA,,0,32082011,83000000,UN,2026-09-11T18:30:37Z,18.0,18.0
0000000004441,TINTA SPARY UG ALUMI,,7898314112730,32082011,83000000,UN,2026-09-12T15:01:35Z,18.0,18.0
1733,TINTA SPRAY VERMELHO USO GERAL 350ML/250G TEKBOND,,0,32082019,83000000,UN,2026-09-14T12:43:46Z,18.6,18.0
6735,TINTA SPRAY USO GERAL 350ML BRANCO BRIL - NORDESTIN,,74468050822,32082011,83000000,UN,2026-09-09T13:09:50Z,18.0,18.0
734,TINTA SPRAY 350ML BRANCO BRILHO - NORDESTIN,,74468050822,32082019,83000000,UN,2026-09-15T14:01:45Z,18.0,18.0
000361,TINTA SPRAY PRETO BRILHANTE CHEMICOLO,T SPRAY USO G PT BRILHANTE 400ML CHEMICO 1X400ML CHEMICOLOR,7898436140611,32082011,83000000,UN,2026-09-12T13:17:37Z,20.0,18.18
17315,TINTA CHEMIC U.G. CZ CLARO 400ML BASTON,TINTA SPRAY CHEMICOLOR USO GERAL CINZA CLARO (EMB. CONTEM 1UN. DE 400ML),7898436146125,32082011,83000000,UN,2026-09-15T11:43:26Z,21.5,18.275862068965516
2849,THINNER MULTIUSO 900ML - FARBEN,THINNER 5000. ONU 1263 QUANT.LTDA MATERIAL RELACIONADO COM TINTA,7899381687244,38140090,83000000,MR,2026-09-11T19:18:05Z,22.0,18.3
17303,TINTA CHEMIC U.G. BR FOS. 400ML BASTON,T SPRAY USO G BR FOSCO 400ML CHEMICOLO 1X400ML CHEMICOLOR,7898436141540,32082011,83000000,UN,2026-09-11T16:27:53Z,19.0,18.3
823914,TINTA SPRAY U GER 400ML AM CHEMICOLOR,TINTA SPRAY USO G AM 400ML CHEMICOLOR 1X400ML CHEMICOLOR,7898436140567,32082011,83000000,SP,2026-09-09T16:26:48Z,20.0,18.406666666666666
823913,TINTA SPRAY U GER 400ML AZES CHEMICOLOR,T SPRAY USO G AZ ESCURO 400ML CHEMICO 1X400ML CHEMICOLOR,7898436141618,32082011,83000000,SP,2026-09-09T16:26:48Z,20.0,18.406666666666666
824056,TINTA SPRAY U GER 400ML PTFC CHEMICOLOR,TINTA SPRAY 400ML MUNDIAL PRIME UG PRETO FOSCO,7898907527545,32082019,83000000,SP,2026-09-09T16:26:48Z,20.0,18.4075
824062,TINTA SPRAY U GER 400ML AL CHEMICOLOR,T SPRAY USO G ALUMINIO 400ML CHEMICOLOR 1X400ML CHEMICOLOR,7898436140550,32082011,83000000,SP,2026-09-09T16:26:48Z,20.0,18.407777777777778
824584,TINTA SPRAY U GER 400ML VT/CL CHEMICOLOR,TINTA SPRAY CHEMI COLOR VIOLETA CLARO VIOLET EDITION 400ML,7898436147832,32082011,83000000,SP,2026-09-09T16:26:48Z,20.0,18.408
823915,TINTA SPRAY U GER 400ML PTBRI CHEMICOLOR,TINTA SPRAY 400ML MUNDIAL PRIME UG PRETO BRILHANTE,7898907527538,32082019,83000000,SP,2026-09-09T16:26:48Z,20.0,18.408333333333335
823714,TINTA SPRAY U GER 400ML VM CHEMICOLOR,TINTA SPRAY USO G VM 400ML CHEMICOLOR 1X400ML CHEMICOLOR,7898436140642,32082019,83000000,SP,2026-09-09T16:26:48Z,20.0,18.41
824580,TINTA SPRAY U GER 400ML FD CZ CHEMICOLOR,TINTA SPRAY CHEMICOLLOR 400ML FUNDO PREPARADOR GERAL CINZA,7898436140680,32082019,83000000,SP,2026-09-09T16:26:48Z,20.0,18.41
000359,TINTA SPRAY PRETO FOSCO CHEMICOLO,T SPRAY USO G PT FOSCO 400ML CHEMICOLO 1X400ML CHEMICOLOR,7898436140628,32082011,83000000,UN,2026-09-11T16:23:40Z,20.0,18.46
54371,TINTA NORDESTIN 350ML PT BRILHANTE - 41.49,,0,32082019,83000000,UN,2026-09-13T14:06:37Z,18.59,18.59
55806,TINTA NORDESTIN 350ML VD CLARO - 41.49,,0,32082019,83000000,UN,2026-09-13T12:40:54Z,18.59,18.59
55649,TINTA NORDESTIN 350ML CZ CLARO - 41.49,,0,32082019,83000000,UN,2026-09-13T21:22:23Z,18.59,18.59
55504,TINTA NORDESTIN 350ML BR FOSCO - 41.49,,0,32082019,83000000,UN,2026-09-15T16:03:58Z,18.59,18.59
55471,TINTA NORDESTIN 350ML BR BRILHANTE - 41.49,,0,32082019,83000000,UN,2026-09-13T14:08:39Z,18.59,18.59
55345,TINTA NORDESTIN 350ML PT FOSCO - 41.49,,0,32082019,83000000,UN,2026-09-13T22:11:03Z,18.59,18.59
1732,TINTA SPRAY ALUMINIO USO GERAL 350ML/250G TEKBOND,,0,32082019,83000000,UN,2026-09-15T14:28:05Z,18.6,18.6
40154,"IQUINE ESM DIALINE FOSCO 0,1125L PRETO UND",TINTA IQUINE DIALINE ESMALTE SINTETICO 112ML PRETO FOSCO,7892948012480,32091010,83000000,UN,2026-09-10T17:49:25Z,18.62,18.62
2304,TINTA SPRAY 350ML PT BRILH NORDESTIN,,7890000023047,32082019,83000000,UN,2026-09-12T11:06:55Z,21.0,18.72
7850,TINTA SPRAY 400ML DOURADO - CHEMICOLOR,,0,32082011,83000000,PT,2026-09-11T12:07:01Z,18.9,18.9
303426,TINTA SPRAY A TEMP 400ML PT/FC PAINTCOLO,,0,32082011,83000000,UN,2026-09-11T14:41:20Z,18.98,18.98
7898543380993,TINTA AEROSOL AZUL 350ML/250G,,0,32082019,83000000,UN,2026-09-12T12:02:54Z,18.99,18.99
14648,THINNER 5000 #  # ONU 1263 MATERIAL RELACIONADO COM TINTAS 3 II,THINNER 5000. ONU 1263 QUANT.LTDA MATERIAL RELACIONADO COM TINTA,7899381687244,38140090,83000000,UN,2026-09-12T14:39:09Z,19.99,18.99
7898543380931,*TINTA AEROSSOL BRANCO BRILHANTE USO GERAL 350 ML/250G REF 23021006900,TINTA AEROSSOL BRANCO BRILHANTE USO GERAL 350 ML/250G REF 23021006900,7898543380931,32082019,83000000,UND,2026-09-10T19:51:46Z,18.99,18.99
7898907527538,SPRAY PRETO BRILHO 400ML TEKBOND,TINTA SPRAY 400ML MUNDIAL PRIME UG PRETO BRILHANTE,7898907527538,32082019,83000000,UN,2026-09-09T16:46:27Z,19.0,19.0
10354,SPRAY CHEMICOLOR USO GERAL CINZA CLARO 400ML,TINTA SPRAY CHEMICOLOR USO GERAL CINZA CLARO (EMB. CONTEM 1UN. DE 400ML),7898436146125,32082011,83000000,UN,2026-09-15T17:15:45Z,19.0,19.0
498,TINTA SPRAY USO G 350ML BR TEK BOND,,0,32082019,83000000,UN,2026-09-12T14:51:16Z,19.0,19.0
2615,TINTA SPRAY BR 350ML U.GERAL - TEKBOND,,0,32082019,83000000,UN,2026-09-15T15:59:22Z,19.0,19.0
18329,TINTA SPRAY PAINTCOLOR ALTA TEMPERATURA PRETO FOSCO 400ML,,7899674036643,32082011,83000000,UND,2026-09-10T17:00:29Z,22.3,19.18
01380,ESMALTE PREMIUM CORALIT ULTRA RESISTENCIA BRANCO BRILHANTE 225ML CORAL,"TINTA ESM BR 0,225L CORALIT BR CORAL LT0001LT",7891019201754,32089010,83000000,UND,2026-09-15T19:46:23Z,24.0,19.2
10349,SPRAY CHEMICOLOR USO GERAL ALUMINIO PARA RODAS 400ML,TINTA SPRAY CHEMICOLOR U.G.ALUMINIO P/RODAS 400ML - BASTON,7898436142714,32082011,83000000,UN,2026-09-14T15:34:08Z,19.2,19.2
10369,SPRAY CHEMICOLOR VERNIZ USO GERAL INCOLOR BRILHANTE 400ML,TINTA SPRAY USO G VERNIZ 400ML CHEMICOLO UN C/400ML,7898436140703,32082011,83000000,UN,2026-09-10T19:59:12Z,19.2,19.2
01413,ESMALTE PREMIUM CORALIT ULTRA RESISTENCIA AZUL DEL RY BRILHANTE 225ML CORAL,"TINTA ESM BR 0,225L CORALIT AZ/DR CORAL LT0001LT",7891019202195,32089010,83000000,UND,2026-09-11T13:52:34Z,24.0,19.28
CFOP5405,TINTA ACRILICA SOFT 3L BRANCO GELO MEGAO,,7898701773902,32091010,83000000,GL,2026-09-14T18:01:39Z,30.0,19.61
17307,TINTA CHEMIC U.G. MARROM 400ML BASTON,TINTA SPRAY USO G 400ML MR CHEMICOLOR 04237,7898436141571,32082011,83000000,UN,2026-09-09T17:10:27Z,21.5,19.65
7891153078656,TINTA ACRILICA BRILH,,0,32091010,83000000,UN,2026-09-15T13:24:03Z,19.7,19.7
31,TINTA SPRAY USO G 400ML AZ ESCURO CHEMIC,,0,32082011,83000000,UN,2026-09-10T20:59:04Z,20.0,19.714285714285715
10363,SPRAY CHEMICOLOR USO GERAL VERDE ESCURO 400ML,TINTA SPRAY USO GERAL 400ML VERDE ESCURO - CHEMICOLOR,7898436140635,32082011,83000000,UN,2026-09-12T15:06:09Z,22.0,19.786666666666665
10359,SPRAY CHEMICOLOR USO GERAL MARROM 400ML,TINTA SPRAY USO G 400ML MR CHEMICOLOR 04237,7898436141571,32082011,83000000,UN,2026-09-10T15:15:08Z,22.0,19.79
10355,SPRAY CHEMICOLOR USO GERAL CINZA ESCURO 400ML,TINTA SPRAY USO GERAL 400ML CINZA ESCURO - CHEMICOLOR,7898436146132,32082011,83000000,UN,2026-09-11T14:58:14Z,22.0,19.8
10354,SPRAY CHEMICOLOR USO GERAL CINZA CLARO 400ML,TINTA SPRAY CHEMICOLOR USO GERAL CINZA CLARO (EMB. CONTEM 1UN. DE 400ML),7898436146125,32082011,83000000,UN,2026-09-11T13:44:44Z,19.8,19.8
10356,SPRAY CHEMICOLOR USO GERAL AMARELO 400ML,TINTA SPRAY USO G AM 400ML CHEMICOLOR 1X400ML CHEMICOLOR,7898436140567,32082011,83000000,UN,2026-09-14T12:34:32Z,19.8,19.8
10359,SPRAY CHEMICOLOR USO GERAL MARROM 400ML,TINTA SPRAY USO G 400ML MR CHEMICOLOR 04237,7898436141571,32082011,83000000,UN,2026-09-14T18:43:28Z,22.0,19.8
10363,SPRAY CHEMICOLOR USO GERAL VERDE ESCURO 400ML,TINTA SPRAY USO GERAL 400ML VERDE ESCURO - CHEMICOLOR,7898436140635,32082011,83000000,UN,2026-09-09T18:44:06Z,19.8,19.8
10366,SPRAY CHEMICOLOR USO GERAL VERMELHO 400ML,TINTA SPRAY USO G VM 400ML CHEMICOLOR 1X400ML CHEMICOLOR,7898436140642,32082011,83000000,UN,2026-09-12T13:25:38Z,22.0,19.8
10354,SPRAY CHEMICOLOR USO GERAL CINZA CLARO 400ML,TINTA SPRAY CHEMICOLOR USO GERAL CINZA CLARO (EMB. CONTEM 1UN. DE 400ML),7898436146125,32082011,83000000,UN,2026-09-11T18:05:19Z,22.0,19.8
10366,SPRAY CHEMICOLOR USO GERAL VERMELHO 400ML,TINTA SPRAY USO G VM 400ML CHEMICOLOR 1X400ML CHEMICOLOR,7898436140642,32082011,83000000,UN,2026-09-15T13:12:37Z,22.0,19.8
10366,SPRAY CHEMICOLOR USO GERAL VERMELHO 400ML,TINTA SPRAY USO G VM 400ML CHEMICOLOR 1X400ML CHEMICOLOR,7898436140642,32082011,83000000,UN,2026-09-14T12:34:32Z,19.8,19.8
07898543380917,TINTA SPRAY PTO FOSCO TEKBOND,TINTA AEROSSOL PRETO FOSCO USO GERAL 350 ML/250G REF 23001006900,7898543380917,32082019,83000000,UN,2026-09-15T19:17:56Z,23.0,19.872
7898543380931,TINTA SPRAY BRANCO BRILHANTE TEK BOND,TINTA AEROSSOL BRANCO BRILHANTE USO GERAL 350 ML/250G REF 23021006900,7898543380931,32082019,83000000,un,2026-09-09T13:08:40Z,21.0,19.88
32349,TINTA AER MR USO GERAL 350ML - 1X350ML,TINTA SUPER COLOR MARROM USO GERAL SPRAY TEK BOND REF: 28517,7898543381112,32082019,83000000,UN,2026-09-15T14:27:30Z,19.9,19.9
32418,TINTA AER VD USO GERAL 350ML - 1X350ML,TINTA AEROSSOL VERDE USO GERAL 350 ML/250G REF 23161006900,7898543381075,32082019,83000000,UN,2026-09-14T16:11:43Z,19.9,19.9
32423,TINTA AER VM USO GERAL 350ML - 1X350ML,TINTA AEROSSOL VERMELHO USO GERAL 350 ML/250G REF 23041006900,7898543380955,32082019,83000000,UN,2026-09-12T15:40:35Z,19.9,19.9
32093,TINTA AER AZ CL USO GERAL 350ML - 1X350ML,TINTA AEROSSOL AZUL CLARO USO GERAL 350 ML/250G REF 23071006900,7898543380986,32082019,83000000,UN,2026-09-09T13:25:15Z,19.9,19.9
32311,TINTA AER BR BRILHANTE USO GERAL 350ML - 1X350ML,TINTA AEROSSOL BRANCO BRILHANTE USO GERAL 350 ML/250G REF 23021006900,7898543380931,32082019,83000000,UN,2026-09-15T14:27:30Z,19.9,19.9
32423,TINTA AER VM USO GERAL 350ML - 1X350ML,TINTA AEROSSOL VERMELHO USO GERAL 350 ML/250G REF 23041006900,7898543380955,32082019,83000000,UN,2026-09-10T13:03:46Z,19.9,19.9
32418,TINTA AER VD USO GERAL 350ML - 1X350ML,TINTA AEROSSOL VERDE USO GERAL 350 ML/250G REF 23161006900,7898543381075,32082019,83000000,UN,2026-09-10T19:58:22Z,19.9,19.9
32408,TINTA AER RS USO GERAL 350ML - 1X350ML,SPRAY SUPER COLOR ROSA 350 ML/250G TEKBOND REF: 23141006900,7898543381051,32082019,83000000,UN,2026-09-09T16:47:37Z,19.9,19.9
32371,TINTA AER PT FOSCO USO GERAL 350ML - 1X350ML,TINTA AEROSSOL PRETO FOSCO USO GERAL 350 ML/250G REF 23001006900,7898543380917,32082019,83000000,UN,2026-09-15T18:13:16Z,19.9,19.9
32362,TINTA AER PT BRILHANTE USO GERAL 350ML - 1X350ML,"TINTA SPRAY USOGERAL PR BRILHO 350ML - TEKBOND,ONU 1950,AEROSOIS - PIRETROIDES,SUBCLASSE 2.1,(CLASSE",7898543380924,32082019,83000000,UN,2026-09-11T19:34:29Z,19.9,19.9
32349,TINTA AER MR USO GERAL 350ML - 1X350ML,TINTA SUPER COLOR MARROM USO GERAL SPRAY TEK BOND REF: 28517,7898543381112,32082019,83000000,UN,2026-09-15T13:23:11Z,19.9,19.9
32348,TINTA AER LJ USO GERAL 350ML - 1X350ML,TINTA AEROSSOL LARANJA USO GERAL 350 ML/250G COD 23131006900,7898543381044,32082019,83000000,UN,2026-09-12T20:19:30Z,19.9,19.9
32312,TINTA AER BR FOSCO USO GERAL 350ML - 1X350ML,TINTA AEROSSOL BRANCO FOSCO USO GERAL 350 ML/250G REF 23101006900,7898543381013,32082019,83000000,UN,2026-09-15T15:35:18Z,19.9,19.9
32050,TINTA AER ALUMINIO USO GERAL 350ML - 1X350ML,"TINTA SPRAY USOGERAL ALUMINIO 350ML - TEKBOND,ONU 1950,AEROSOIS - PIRETROIDES,SUBCLASSE 2.1,(CLASSE",7898543380948,32082019,83000000,UN,2026-09-10T17:18:36Z,19.9,19.9
7898543380924,TINTA SPRAY PRETO BRILHANTE 350ML TEKBOND,,0,32082019,83000000,UN,2026-09-14T20:56:17Z,19.9,19.9
32371,TINTA AER PT FOSCO USO GERAL 350ML - 1X350ML,TINTA AEROSSOL PRETO FOSCO USO GERAL 350 ML/250G REF 23001006900,7898543380917,32082019,83000000,UN,2026-09-14T14:16:04Z,19.9,19.9
32362,TINTA AER PT BRILHANTE USO GERAL 350ML - 1X350ML,"TINTA SPRAY USOGERAL PR BRILHO 350ML - TEKBOND,ONU 1950,AEROSOIS - PIRETROIDES,SUBCLASSE 2.1,(CLASSE",7898543380924,32082019,83000000,UN,2026-09-11T14:09:33Z,19.9,19.9
32312,TINTA AER BR FOSCO USO GERAL 350ML - 1X350ML,TINTA AEROSSOL BRANCO FOSCO USO GERAL 350 ML/250G REF 23101006900,7898543381013,32082019,83000000,UN,2026-09-15T11:14:38Z,19.9,19.9
32311,TINTA AER BR BRILHANTE USO GERAL 350ML - 1X350ML,TINTA AEROSSOL BRANCO BRILHANTE USO GERAL 350 ML/250G REF 23021006900,7898543380931,32082019,83000000,UN,2026-09-09T20:32:04Z,19.9,19.9
32050,TINTA AER ALUMINIO USO GERAL 350ML - 1X350ML,"TINTA SPRAY USOGERAL ALUMINIO 350ML - TEKBOND,ONU 1950,AEROSOIS - PIRETROIDES,SUBCLASSE 2.1,(CLASSE",7898543380948,32082019,83000000,UN,2026-09-15T21:15:21Z,19.9,19.9
32371,TINTA AER PT FOSCO USO GERAL 350ML - 1X350ML,TINTA AEROSSOL PRETO FOSCO USO GERAL 350 ML/250G REF 23001006900,7898543380917,32082019,83000000,UN,2026-09-12T18:08:20Z,19.9,19.9
32362,TINTA AER PT BRILHANTE USO GERAL 350ML - 1X350ML,"TINTA SPRAY USOGERAL PR BRILHO 350ML - TEKBOND,ONU 1950,AEROSOIS - PIRETROIDES,SUBCLASSE 2.1,(CLASSE",7898543380924,32082019,83000000,UN,2026-09-15T22:16:19Z,19.9,19.9
32349,TINTA AER MR USO GERAL 350ML - 1X350ML,TINTA SUPER COLOR MARROM USO GERAL SPRAY TEK BOND REF: 28517,7898543381112,32082019,83000000,UN,2026-09-14T22:08:54Z,19.9,19.9
32312,TINTA AER BR FOSCO USO GERAL 350ML - 1X350ML,TINTA AEROSSOL BRANCO FOSCO USO GERAL 350 ML/250G REF 23101006900,7898543381013,32082019,83000000,UN,2026-09-15T15:32:20Z,19.9,19.9
32311,TINTA AER BR BRILHANTE USO GERAL 350ML - 1X350ML,TINTA AEROSSOL BRANCO BRILHANTE USO GERAL 350 ML/250G REF 23021006900,7898543380931,32082019,83000000,UN,2026-09-15T16:27:52Z,19.9,19.9
32311,TINTA AER BR BRILHANTE USO GERAL 350ML - 1X350ML,TINTA AEROSSOL BRANCO BRILHANTE USO GERAL 350 ML/250G REF 23021006900,7898543380931,32082019,83000000,UN,2026-09-12T20:12:47Z,19.9,19.9
32312,TINTA AER BR FOSCO USO GERAL 350ML - 1X350ML,TINTA AEROSSOL BRANCO FOSCO USO GERAL 350 ML/250G REF 23101006900,7898543381013,32082019,83000000,UN,2026-09-12T13:20:21Z,19.9,19.9
32371,TINTA AER PT FOSCO USO GERAL 350ML - 1X350ML,TINTA AEROSSOL PRETO FOSCO USO GERAL 350 ML/250G REF 23001006900,7898543380917,32082019,83000000,UN,2026-09-14T19:36:08Z,19.9,19.9
32307,TINTA AER BEGE USO GERAL 350ML - 1X350ML,TINTA SUPER COLOR BEGE USO GERAL SPRAY TEK BOND,7898543381099,32082019,83000000,UN,2026-09-14T22:08:54Z,19.9,19.9
6353,TINTA SPRAY USOGERAL BR BRILHO 350ML - TEKBOND,,17898543380938,32082019,83000000,PC,2026-09-15T19:25:26Z,21.0,19.95
7898543381044,TINTA AEROSOL SUPER COLOR LARANJA 350M TEK BOND REF 23131006900,,0,32082019,83000000,UN,2026-09-14T17:10:33Z,19.95,19.95
313653,TINTA SPRAY U GER 400ML BRFC IQUINE,,7908886505523,32082011,83000000,SP,2026-09-13T17:54:41Z,19.99,19.99
313652,TINTA SPRAY U GER 400ML BR IQUINE SP0001SP,,7908886505516,32082011,83000000,SP,2026-09-14T17:00:10Z,19.99,19.99
313650,TINTA SPRAY U GER 400ML AZ/CL IQUINE SP0001SP,,7908886505493,32082011,83000000,SP,2026-09-11T15:56:29Z,19.99,19.99
313649,TINTA SPRAY U GER 400ML AM IQUINE SP0001SP,,7908886505486,32082011,83000000,SP,2026-09-11T15:56:29Z,19.99,19.99
313648,TINTA SPRAY U GER 400ML AL IQUINE,,7908886505479,32082011,83000000,SP,2026-09-13T11:07:01Z,19.99,19.99
313660,TINTA SPRAY U GER 400ML SB PT IQUINE SP0001SP,,7908886505592,32082011,83000000,SP,2026-09-14T11:46:36Z,19.99,19.99
313659,TINTA SPRAY U GER 400ML PT/FC IQUINE SP0001SP,,7908886505585,32082011,83000000,SP,2026-09-11T17:25:53Z,19.99,19.99
58425,TINTA SPRAY U.G.340ML AMARELO ORBI QUIMI,TINTA SPRAY AMARELO WHITE COLOR 340ML/220G+,7898314112747,32082011,83000000,UN,2026-09-14T18:20:31Z,19.99,19.99
58424,TINTA SPRAY U.G.340ML ALUMINIO ORBI QUIM,TINTA PRETO FOSCO 340ML 220G TINTA ALUMINIO COD 6695,7898314112730,32082011,83000000,UN,2026-09-10T20:43:18Z,19.99,19.99
53260,TINTA SPRAY BR BRILHANTE 340ML ORBI QUIM,TINTA SPRAY USO GERAL BRANCO BRILH 340ML/220G ORBI SERIE: 6693,7898314112716,32082011,83000000,UN,2026-09-15T18:30:26Z,19.99,19.99
53259,TINTA SPRAY PT BRILHANTE 340ML ORBI QUIM,TINTA SPRAY PR BR USO GERAL 340/ML/190 WHITE COLOR,7898314112709,32082011,83000000,UN,2026-09-13T12:20:29Z,19.99,19.99
31054,REMOVEDOR DE TINTAS SPRAY 340ML 220G ORB,REMOVEDOR DE TINTAS SPRAY 340ML/220G ORBI QUIMICA REF.12606,7898314119135,38140090,83000000,UN,2026-09-14T14:44:59Z,19.99,19.99
23346,TINTA SPRAY ALTA TEMP.BR FOSCO 400ML IQU,TINTA SPRAY ALT TEMP 350ML BR/FC IQUINE SP0001SP,7899674031877,32082011,83000000,UN,2026-09-10T13:32:24Z,19.99,19.99
0000000054293,TINTA SPRAY TEKBOND ALTA TEMP PRETO 350ML,,7898543381167,32082011,83000000,UN,2026-09-11T16:02:16Z,19.99,19.99
0000000041921,TINTA SPRAY TEKBOND BRANCO BRILHANTE 350ML,,7898543380931,32082011,83000000,UN,2026-09-11T11:55:27Z,19.99,19.99
490644,Tinta Spray Tek Bond,TINTA AEROSSOL PRETO FOSCO USO GERAL 350 ML/250G REF 23001006900,7898543380917,32082019,83000000,UN,2026-09-09T23:06:42Z,19.99,19.99
490636,Tinta Spray Tek Bond,"TINTA SPRAY USOGERAL PR BRILHO 350ML - TEKBOND,ONU 1950,AEROSOIS - PIRETROIDES,SUBCLASSE 2.1,(CLASSE",7898543380924,32082019,83000000,UN,2026-09-09T22:21:26Z,19.99,19.99
313658,TINTA SPRAY U GER 400ML PT IQUINE SP0001SP,,7908886505578,32082011,83000000,SP,2026-09-15T14:36:53Z,19.99,19.99
313654,TINTA SPRAY U GER 400ML CZ/CL IQUINE SP0001SP,,7908886505530,32082011,83000000,SP,2026-09-15T21:37:55Z,19.99,19.99
132,TINTA SPR GERAL 350ML/250G BCO BRILHANTE CX/6 QTD. 5.00 CX,,0,32082019,83000000,UN,2026-09-12T14:00:00Z,20.0,20.0
875,THINNER 5000 # # ONU 1263 QUANT.LTDA MATERIAL RELACIONADO COM TINTAS 3 II,,0,38140090,83000000,UN,2026-09-15T17:50:12Z,20.0,20.0
336,TINTA SPRAY ALTA TEMP PT FOS 350ML CHEMI,,0,32082011,83000000,UN,2026-09-12T14:17:51Z,20.0,20.0
1050,TINTA SPRAY PRETO FOSCO 350ML U.G - NORDESTIN,,0,32082019,83000000,UN,2026-09-14T14:02:56Z,20.0,20.0
10365,SPRAY CHEMICOLOR USO GERAL VIOLETA CLARO 400ML,TINTA SPRAY CHEMI COLOR VIOLETA CLARO VIOLET EDITION 400ML,7898436147832,32082011,83000000,UN,2026-09-10T18:16:35Z,22.0,20.0
10369,SPRAY CHEMICOLOR VERNIZ USO GERAL INCOLOR BRILHANTE 400ML,TINTA SPRAY USO G VERNIZ 400ML CHEMICOLO UN C/400ML,7898436140703,32082011,83000000,UN,2026-09-11T14:28:29Z,24.0,20.0
000358,TINTA SPRAY AZUL ESCURO CHEMICOLO,T SPRAY USO G AZ ESCURO 400ML CHEMICO 1X400ML CHEMICOLOR,7898436141618,32082011,83000000,UN,2026-09-13T11:44:42Z,20.0,20.0
000360,TINTA SPRAY BRANCO BRILHANTE CHEMICOLO,T SPRAY USO G BR BRILHANTE 400ML CHEMIC 1X400ML CHEMICOLOR,7898436140581,32082011,83000000,UN,2026-09-13T12:26:05Z,20.0,20.0
31756,TINTA SPRAY PRETO FOSCO 340ML/220G,TINTA SPRAY PR FO USO GERAL 340ML/190G WHITE COLOR,7898314112693,32082011,83000000,UN,2026-09-11T18:15:22Z,22.22,20.0
003444,TINTA AEROSSOL PR BRILH USO GERAL 350ML TEKBOND,"TINTA SPRAY USOGERAL PR BRILHO 350ML - TEKBOND,ONU 1950,AEROSOIS - PIRETROIDES,SUBCLASSE 2.1,(CLASSE",7898543380924,32082019,83000000,UNIDA,2026-09-12T12:59:45Z,20.0,20.0
13388,TINTA SPRAY PRATA MET TEKBOND,,0,32082019,83000000,UND,2026-09-11T20:40:37Z,29.9,20.0
2457,TINTA ACRILICA INT 5L CONCRETO,,0,32091010,83000000,BB,2026-09-11T17:09:43Z,20.0,20.0
8122,TINTA SPRAY U GER 400ML PTBRI PAINTCOLO,,7899674036391,32082011,83000000,PC,2026-09-10T21:16:16Z,20.0,20.0
003915,TINTA SPRAY TEKBOND 350 PRETO FOSCO COD. 23698,TINTA AEROSSOL PRETO FOSCO USO GERAL 350 ML/250G REF 23001006900,7898543380917,32082011,83000000,UND,2026-09-10T15:10:53Z,25.0,20.0
5153,TINTA SPRAY USO G 350ML VM NORDESTIN,,0,32082019,83000000,UN,2026-09-14T21:09:36Z,20.0,20.0
3338,TINTA SPRAY KALA PT.FOSCO,,0,32082019,83000000,UN,2026-09-15T17:04:44Z,20.0,20.0
1788,TINTA SPRAY CHEMICOLOR PTO BRILH USO GERAL 400ML  -  REF 0680092,T SPRAY USO G PT BRILHANTE 400ML CHEMICO 1X400ML CHEMICOLOR,7898436140611,32082011,83000000,CX6,2026-09-15T13:26:52Z,20.0,20.0
9716,Tinta spray uso geral verniz incolor Chemicolor 400ml /,TINTA SPRAY USO G VERNIZ 400ML CHEMICOLO UN C/400ML,7898436140703,32082011,83000000,UN,2026-09-09T15:59:02Z,20.0,20.0
6211,TINTA SPRAY 350ML PT BRILH U.G - NORDESTIN,,7890000062114,32082019,83000000,UN,2026-09-12T16:01:47Z,20.0,20.0
999921526,TINTA SPRAY 400ML MUNDIAL PRIME UG PRETO BRIL.3197,,0,32082019,83000000,UN,2026-09-09T14:40:20Z,22.0,20.0
17679,*TINTA SPRAY PEGUZE BART PTO FOSCO USO GER 300ML  -  REF 51388,,17897208696032,32082011,83000000,UN,2026-09-11T16:49:26Z,20.0,20.0
MLB4412659463,Spray Aluminio Uso Geral - Tekbond,"TINTA SPRAY USOGERAL ALUMINIO 350ML - TEKBOND,ONU 1950,AEROSOIS - PIRETROIDES,SUBCLASSE 2.1,(CLASSE",7898543380948,32082019,83000000,UN,2026-09-13T10:37:50Z,20.0,20.0
005363,SPRAY TEKBOND U.GERAL BRANCO FOSCO 350ML,TINTA AEROSSOL BRANCO FOSCO USO GERAL 350 ML/250G REF 23101006900,7898543381013,32082019,83000000,UN,2026-09-09T11:53:48Z,20.0,20.0
002806,TINTA SPRAY USO GERAL 400ML ALUMINIO CHEMICOLOR*,T SPRAY USO G ALUMINIO 400ML CHEMICOLOR 1X400ML CHEMICOLOR,7898436140550,32089010,83000000,UN,2026-09-09T13:31:13Z,20.0,20.0
002821,TINTA SPRAY USO GERAL 400ML VIOLETA ESCURO CHEMICOLOR*,TINTA SPRAY USO G 400ML VIOLETA ESCUR CH UN C/400ML,7898436147825,32089010,83000000,UN,2026-09-10T20:46:04Z,20.0,20.0
011128,TINTA SPRAY METALICA 250ML ROSE GOLD CHEMICOLOR*,,7899674039767,32089010,83000000,UN,2026-09-12T21:07:39Z,20.0,20.0
011133,VERNIZ BRILHANTE 350 ML TEK BOND*,"TINTA SPRAY USOGERAL VERNIZ 350ML - TEKBOND,ONU 1950,AEROSOIS - PIRETROIDES,SUBCLASSE 2.1,(CLASSE 2)",7898543381082,32091010,83000000,UND,2026-09-10T17:21:59Z,20.0,20.0
2306,TINTA SPRAY 350ML VERMELHO NORDESTIN,,7890000023061,32082019,83000000,UN,2026-09-12T12:27:15Z,20.0,20.0
8,TINTA SPRAY 400ML PRETO BRIL - CHEMICOLOR,,0,32082011,83000000,UN,2026-09-11T12:54:25Z,20.0,20.0
580,TINTA SPRAY 400ML U.G PT BRILH CHEMICOLOR,,0,32082011,83000000,UN,2026-09-14T17:26:06Z,20.0,20.0
2248,TINTA SPRAY PT FO 350ML U.GERAL - TEKBOND,,0,32082019,83000000,UN,2026-09-10T16:18:55Z,20.0,20.0
2249,TINTA SPRAY PT 350ML U.GERAL - TEKBOND,,0,32082019,83000000,UN,2026-09-10T20:08:47Z,20.0,20.0
1806,TINTA SPR GER BRANCO BRILHANTE 400ML CX/6 QTD. 1.00 CX,T SPRAY USO G BR BRILHANTE 400ML CHEMIC 1X400ML CHEMICOLOR,7898436140581,32082011,83000000,UN,2026-09-14T20:58:38Z,20.0,20.0
1887,SPRAY ALUMINIO ALTA TEMP. TEKBOND 350ML,TINTA AEROSSOL ALUMINIO ALTA TEMPERATURA 350ML/250G COD 23261006900,7898543381174,32082019,83000000,UN,2026-09-15T21:01:22Z,24.0,20.0
000627,ESMALTE SINTETICO PRETO 225ML,TINTA ESMALTE BRILHANTE DELANIL PRETO 225MM - IQUINE,7892948025367,32089010,83000000,UND,2026-09-15T18:59:26Z,20.0,20.0
33,TINTA SPRAY USO G BR 350ML TEK BOND,,0,32082019,83000000,UN,2026-09-11T18:20:32Z,20.0,20.0
395,TINTA SPRAY USO G PT FOSCO 350ML TEK BON,,0,32082019,83000000,UN,2026-09-12T19:03:03Z,20.0,20.0
01380,ESMALTE PREMIUM CORALIT ULTRA RESISTENCIA BRANCO BRILHANTE 225ML CORAL,"TINTA ESM BR 0,225L CORALIT BR CORAL LT0001LT",7891019201754,32089010,83000000,UND,2026-09-15T14:15:19Z,20.4,20.1
01382,ESMALTE PREMIUM CORALIT ULTRA RESISTENCIA PRETO BRILHANTE 225ML CORAL,"TINTA ESM BR 0,225L CORALIT PT CORAL LT0001LT",7891019201877,32089010,83000000,UND,2026-09-15T14:15:19Z,20.4,20.1
01398,ESMALTE PREMIUM CORALIT ULTRA RESISTENCIA PRETO FOSCO 225ML CORAL,TINTA CORALIT ULTRA RESIST FO PRETO 225M 1X225ML CORAL,7891019203543,32089010,83000000,UND,2026-09-12T12:58:23Z,24.0,20.37
2796,TINTA SPRAY USO G PRETO FOSCO 400ML CHEMICOLOR,T SPRAY USO G PT FOSCO 400ML CHEMICOLO 1X400ML CHEMICOLOR,7898436140628,32082011,83000000,UN,2026-09-12T16:47:46Z,23.33,20.38
07898543381013,TINTA SPRAY BCO FOSCO TEKBOND,TINTA AEROSSOL BRANCO FOSCO USO GERAL 350 ML/250G REF 23101006900,7898543381013,32082019,83000000,UN,2026-09-15T13:24:17Z,23.0,20.7
57867,TINTA SPRAY 350ML ALTA TEMPERATURA BR FO,,0,32082019,83000000,UN,2026-09-12T15:40:16Z,23.0,20.7
4984,TINTA SPRAY 350ML U/G BR FOSCO - TEKBOND,TINTA AEROSSOL BRANCO FOSCO USO GERAL 350 ML/250G REF 23101006900,7898543381013,32082019,83000000,UNID,2026-09-09T15:03:59Z,20.75,20.75
33717,SPRAY ALUMINIO ALTA TEMPERATURA 350 ML TEKBOND,TINTA AEROSSOL ALUMINIO ALTA TEMPERATURA 350ML/250G COD 23261006900,7898543381174,32082019,83000000,UN,2026-09-10T13:30:48Z,21.96,20.86
7898543381259,TINTA SPRAY SUPERCOL,,0,32089010,83000000,UN,2026-09-09T19:11:03Z,23.2,20.88
355957,SPRAY USO G. 400ML CINZA-ES CHEMICOLOR UN,TINTA SPRAY USO GERAL 400ML CINZA ESCURO - CHEMICOLOR,7898436146132,32082011,83000000,LT,2026-09-15T19:36:40Z,20.9,20.9
355958,SPRAY USO G. 400ML CINZA-CL CHEMICOLOR UN,TINTA SPRAY CHEMICOLOR USO GERAL CINZA CLARO (EMB. CONTEM 1UN. DE 400ML),7898436146125,32082011,83000000,LT,2026-09-10T21:13:32Z,20.9,20.9
355182,SPRAY USO G. 400ML AMARELO CHEMICOLOR UND,TINTA SPRAY USO G AM 400ML CHEMICOLOR 1X400ML CHEMICOLOR,7898436140567,32082011,83000000,LT,2026-09-13T12:34:42Z,20.9,20.9
355182,SPRAY USO G. 400ML AMARELO CHEMICOLOR UN,TINTA SPRAY USO G AM 400ML CHEMICOLOR 1X400ML CHEMICOLOR,7898436140567,32082011,83000000,LT,2026-09-09T20:34:32Z,20.9,20.9
355191,SPRAY USO G. 400ML MARROM CHEMICOLOR UND,TINTA SPRAY USO G 400ML MR CHEMICOLOR 04237,7898436141571,32082011,83000000,LT,2026-09-14T20:09:01Z,20.9,20.9
355180,SPRAY USO G. 400ML ALUM P/RDS CHEMICOLOR UND,TINTA SPRAY CHEMICOLOR U.G.ALUMINIO P/RODAS 400ML - BASTON,7898436142714,32082011,83000000,LT,2026-09-10T22:46:42Z,20.9,20.9
7898543388166,TINTA AEROSOL COBRE ROSE METALICO 350ML/250G,,0,32082019,83000000,UN,2026-09-15T18:29:15Z,20.9,20.9
355194,SPRAY USO G. 400ML ROSA CHEMICOLOR UND,TINTA SPRAY USO G RS 400ML CHEMICOLOR 1X400ML CHEMICOLOR,7898436141656,32082011,83000000,LT,2026-09-12T12:19:51Z,20.9,20.9
355197,SPRAY USO G. 400ML VERMELHO CHEMICOLOR UN,TINTA SPRAY USO G VM 400ML CHEMICOLOR 1X400ML CHEMICOLOR,7898436140642,32082011,83000000,LT,2026-09-13T14:22:57Z,20.9,20.9
355198,SPRAY USO G. 400ML VIOLETA-CL CHEMICOLOR UND,TINTA SPRAY CHEMI COLOR VIOLETA CLARO VIOLET EDITION 400ML,7898436147832,32082011,83000000,LT,2026-09-12T12:19:51Z,20.9,20.9
000103144,TINTA SPRAY PRETO FOSCO 400ML LUX,,0,32082011,83000000,UN,2026-09-09T17:56:21Z,22.0,20.9
2742,TINTA AEROSSOL PRETO FOSCO USO GERAL 350 ML250G,TINTA AEROSSOL PRETO FOSCO USO GERAL 350 ML/250G REF 23001006900,7898543380917,32082019,83000000,UN,2026-09-11T13:42:22Z,20.99,20.99
2732,TINTA AEROSSOL GELO  USO GERAL 350 ML250G,TINTA SPRAY USO G 350ML BR GELO TEK BOND NAO CADASTRAVEL,7898543381020,32082019,83000000,UN,2026-09-15T14:59:28Z,20.99,20.99
3745,TINTA SPRAY TEKBOND PT BRILHANTE GERAL,,0,32082019,83000000,UN,2026-09-12T19:11:59Z,21.0,21.0
7602,TINTA SPRAY USO G 350ML PT FOSCO TEK BON,,0,32082019,83000000,UN,2026-09-10T20:31:33Z,21.0,21.0
32,Tinta Spray 400ml Cromado/ Chemicolor,T SPRAY METALICA CROMADO 400ML CHEMICOLO 1X400ML CHEMICOLOR,7898436140178,32082011,83000000,UN,2026-09-12T15:58:03Z,21.0,21.0
13718,TINTA SPRAY U GER 400ML PT/BRI CHEMICOLOR,T SPRAY USO G PT BRILHANTE 400ML CHEMICO 1X400ML CHEMICOLOR,7898436140611,32082011,83000000,UN,2026-09-14T19:59:42Z,21.0,21.0
13719,TINTA SPRAY U GER 400ML PT/FC CHEMICOLOR,T SPRAY USO G PT FOSCO 400ML CHEMICOLO 1X400ML CHEMICOLOR,7898436140628,32082011,83000000,UN,2026-09-11T17:35:53Z,21.0,21.0
14337,TINTA SPRAY MET 400ML PR CHEMICOLOR,TINTA SPRAY METALICA PR 400ML CHEMICOLOR 1X400ML CHEMICOLOR,7898436142639,32082011,83000000,UN,2026-09-09T13:30:34Z,21.0,21.0
17374,TINTA SPRAY U GER 400ML VERNIZ PAINTCOLO,,7899674036469,32082019,83000000,UN,2026-09-10T11:12:57Z,21.0,21.0
8874,TINTA SPRAY 350ML PT FOSCO U.G - NORDESTIN,,0,32082019,83000000,UN,2026-09-09T18:44:49Z,23.0,21.0
7898543380917,TINTA SPRAY PRETO FOSCO TEK BOND,TINTA AEROSSOL PRETO FOSCO USO GERAL 350 ML/250G REF 23001006900,7898543380917,32082019,83000000,un,2026-09-14T15:52:13Z,21.0,21.0
017598,TINTA SPRAY VERDE 340ML/220G ORBISPRAY,TINTA SPRAY VERDE 340ML/220G - ORBISPRAY,7898314112754,32082011,83000000,UN,2026-09-10T18:11:34Z,22.26,21.15
418,TINTA SPRAY USO GERAL  400ML CHEMICOLOR,T SPRAY USO G AZ ESCURO 400ML CHEMICO 1X400ML CHEMICOLOR,7898436141618,32082011,83000000,UN,2026-09-15T17:50:45Z,21.99,21.15
1208,TINTA SPRAY PRETO FOSCO 350ML TEKBOND,,0,32082019,83000000,UN,2026-09-09T19:39:36Z,23.4,21.155
20670,TINTA CHEMIC METIC PRATA 400ML BASTON,TINTA SPRAY METALICA PR 400ML CHEMICOLOR 1X400ML CHEMICOLOR,7898436142639,32082011,83000000,UN,2026-09-15T19:13:12Z,23.49,21.16
824264,TINTA SPRAY METAL 400ML PRATA CHEMICOLOR,TINTA SPRAY METALICA PR 400ML CHEMICOLOR 1X400ML CHEMICOLOR,7898436142639,32082011,83000000,SP,2026-09-09T16:26:48Z,23.0,21.17
1999,TINTA SPRAY USO G PT 350ML TEK BOND,,0,32082019,83000000,UN,2026-09-11T21:28:54Z,21.2,21.2
000103459,TINTA SPRAY AMARELO 400ML LUX,,7898693159227,32082011,83000000,UN,2026-09-10T16:04:31Z,22.0,21.24
2892,TINTA AEROSSOL BRANCO BRILHANTE 350ML CO,TINTA AEROSSOL BRANCO BRILHANTE USO GERAL 350 ML/250G REF 23021006900,7898543380931,32082019,83000000,UN,2026-09-09T14:18:05Z,21.24,21.24
3289,TINTA AEROSSOL AZUL USO GERAL 350 ML 250,TINTA AEROSSOL AZUL BRIL USO GERAL 350ML/250G COD 23081006900,7898543380993,32082019,83000000,UN,2026-09-09T14:18:05Z,21.25,21.25
2899,TINTA AEROSSOL VERDE 350ML COD 231610069,TINTA AEROSSOL VERDE USO GERAL 350 ML/250G REF 23161006900,7898543381075,32082019,83000000,UN,2026-09-09T14:18:05Z,21.25,21.25
48199,TINTA NORDESTIN METIC PRATA 350ML,,0,32082019,83000000,UN,2026-09-11T12:33:42Z,23.51,21.27
01387,ESMALTE PREMIUM CORALIT ULTRA RESISTENCIA AZUL FRANCA BRILHANTE 225ML CORAL,"TINTA ESM BR 0,225L CORALIT AZ/FR CORAL LT0001LT",7891019202348,32089010,83000000,UND,2026-09-09T18:36:46Z,24.0,21.29
2479,TINTA SPRAY 400ML U.G ALUMINIO P/RODAS CHEMICOLOR,TINTA SPRAY CHEMICOLOR U.G.ALUMINIO P/RODAS 400ML - BASTON,7898436142714,32082011,83000000,PT,2026-09-12T16:47:46Z,24.44,21.33
01389,ESMALTE PREMIUM CORALIT ULTRA RESISTENCIA VERMELHO BRILHANTE 225ML CORAL,"TINTA ESM BR 0,225L CORALIT VM CORAL LT0001LT",7891019202393,32089010,83000000,UND,2026-09-14T18:15:38Z,24.0,21.41
01382,ESMALTE PREMIUM CORALIT ULTRA RESISTENCIA PRETO BRILHANTE 225ML CORAL,"TINTA ESM BR 0,225L CORALIT PT CORAL LT0001LT",7891019201877,32089010,83000000,UND,2026-09-14T18:15:38Z,24.0,21.41
32320,TINTA AER DOURADO USO GERAL 350ML - 1X350ML,"TINTA SPRAY USOGERAL DOURADO 350ML - TEKBOND,ONU 1950,AEROSOIS - PIRETROIDES,SUBCLASSE 2.1,(CLASSE 2",7898543380962,32082019,83000000,UN,2026-09-15T15:54:34Z,21.49,21.49
32320,TINTA AER DOURADO USO GERAL 350ML - 1X350ML,"TINTA SPRAY USOGERAL DOURADO 350ML - TEKBOND,ONU 1950,AEROSOIS - PIRETROIDES,SUBCLASSE 2.1,(CLASSE 2",7898543380962,32082019,83000000,UN,2026-09-12T17:11:06Z,21.49,21.49
32320,TINTA AER DOURADO USO GERAL 350ML - 1X350ML,"TINTA SPRAY USOGERAL DOURADO 350ML - TEKBOND,ONU 1950,AEROSOIS - PIRETROIDES,SUBCLASSE 2.1,(CLASSE 2",7898543380962,32082019,83000000,UN,2026-09-12T13:38:04Z,21.49,21.49
17297,TINTA CHEMIC A.TEMP ALUM. 350ML BASTON,TINTA SPRAY U. GERAL ALTA TEMPERATURA 350ML ALUMINIO CHEMICOLOR,7898436140826,32082011,83000000,UN,2026-09-11T19:46:29Z,23.49,21.5
17298,TINTA CHEMIC A.TEMP PT FOS. 350ML BASTON,T SPRAY ALTA TEMP PT FOSCO 350ML CHEMIC 1X350ML CHEMICOLOR,7898436140833,32082011,83000000,UN,2026-09-11T19:46:29Z,23.49,21.5
01421,ESMALTE PREMIUM CORALIT ULTRA RESISTENCIA PLATINA BRILHANTE 225ML CORAL,"TINTA ESM BR 0,225L CORALIT PLAT CORAL LT0001LT",7891019201983,32089010,83000000,UND,2026-09-14T12:00:42Z,24.0,21.57
01398,ESMALTE PREMIUM CORALIT ULTRA RESISTENCIA PRETO FOSCO 225ML CORAL,TINTA CORALIT ULTRA RESIST FO PRETO 225M 1X225ML CORAL,7891019203543,32089010,83000000,UND,2026-09-14T19:03:34Z,24.0,21.58
01421,ESMALTE PREMIUM CORALIT ULTRA RESISTENCIA PLATINA BRILHANTE 225ML CORAL,"TINTA ESM BR 0,225L CORALIT PLAT CORAL LT0001LT",7891019201983,32089010,83000000,UND,2026-09-12T12:47:40Z,24.0,21.58
10369,SPRAY CHEMICOLOR VERNIZ USO GERAL INCOLOR BRILHANTE 400ML,TINTA SPRAY USO G VERNIZ 400ML CHEMICOLO UN C/400ML,7898436140703,32082011,83000000,UN,2026-09-11T16:33:30Z,21.6,21.59
01380,ESMALTE PREMIUM CORALIT ULTRA RESISTENCIA BRANCO BRILHANTE 225ML CORAL,"TINTA ESM BR 0,225L CORALIT BR CORAL LT0001LT",7891019201754,32089010,83000000,UND,2026-09-10T19:46:55Z,24.0,21.59
01382,ESMALTE PREMIUM CORALIT ULTRA RESISTENCIA PRETO BRILHANTE 225ML CORAL,"TINTA ESM BR 0,225L CORALIT PT CORAL LT0001LT",7891019201877,32089010,83000000,UND,2026-09-10T19:46:55Z,24.0,21.59
01382,ESMALTE PREMIUM CORALIT ULTRA RESISTENCIA PRETO BRILHANTE 225ML CORAL,"TINTA ESM BR 0,225L CORALIT PT CORAL LT0001LT",7891019201877,32089010,83000000,UND,2026-09-14T14:27:58Z,24.0,21.6
10360,SPRAY CHEMICOLOR USO GERAL ROSA 400ML,TINTA SPRAY USO G RS 400ML CHEMICOLOR 1X400ML CHEMICOLOR,7898436141656,32082011,83000000,UN,2026-09-15T13:58:32Z,21.6,21.6
01398,ESMALTE PREMIUM CORALIT ULTRA RESISTENCIA PRETO FOSCO 225ML CORAL,TINTA CORALIT ULTRA RESIST FO PRETO 225M 1X225ML CORAL,7891019203543,32089010,83000000,UND,2026-09-15T20:10:30Z,24.0,21.6
01415,ESMALTE PREMIUM CORALIT ULTRA RESISTENCIA AMARELO BRILHANTE 225ML CORAL,"TINTA ESM BR 0,225L CORALIT AM CORAL LT0001LT",7891019202553,32089010,83000000,UND,2026-09-14T18:25:00Z,21.6,21.6
01401,ESMALTE PREMIUM CORALIT ULTRA RESISTENCIA VERDE FOLHA BRILHANTE 225ML,"TINTA ESM BR 0,225L CORALIT VD/FL CORAL LT0001LT",7891019202652,32089010,83000000,UND,2026-09-11T15:08:00Z,24.0,21.6
01398,ESMALTE PREMIUM CORALIT ULTRA RESISTENCIA PRETO FOSCO 225ML CORAL,TINTA CORALIT ULTRA RESIST FO PRETO 225M 1X225ML CORAL,7891019203543,32089010,83000000,UND,2026-09-14T18:25:00Z,21.6,21.6
01380,ESMALTE PREMIUM CORALIT ULTRA RESISTENCIA BRANCO BRILHANTE 225ML CORAL,"TINTA ESM BR 0,225L CORALIT BR CORAL LT0001LT",7891019201754,32089010,83000000,UND,2026-09-11T13:01:48Z,24.0,21.6
01389,ESMALTE PREMIUM CORALIT ULTRA RESISTENCIA VERMELHO BRILHANTE 225ML CORAL,"TINTA ESM BR 0,225L CORALIT VM CORAL LT0001LT",7891019202393,32089010,83000000,UND,2026-09-12T13:20:12Z,24.0,21.6
01382,ESMALTE PREMIUM CORALIT ULTRA RESISTENCIA PRETO BRILHANTE 225ML CORAL,"TINTA ESM BR 0,225L CORALIT PT CORAL LT0001LT",7891019201877,32089010,83000000,UND,2026-09-11T13:08:59Z,24.0,21.6
01401,ESMALTE PREMIUM CORALIT ULTRA RESISTENCIA VERDE FOLHA BRILHANTE 225ML CORAL,"TINTA ESM BR 0,225L CORALIT VD/FL CORAL LT0001LT",7891019202652,32089010,83000000,UND,2026-09-14T11:29:05Z,24.0,21.62
09202,CAL HIDRATADO 10KG SUPER CAL HIDROTINTAS,CAL SUPERCAL 10KG HIDROTINTAS C5 PC C/10KG,7899010479806,25223000,83000000,SC,2026-09-09T13:43:42Z,21.68,21.68
7898915993448,TINTA SPRAY COLORE 400ML,,0,32082019,83000000,UN,2026-09-09T15:37:49Z,21.69,21.69
4114,TINTA NORDESTIN 350ML/250G U.G.BRANCO BRILHANTE,,0,32082019,83000000,UN,2026-09-11T19:04:31Z,21.7,21.7
01380,ESMALTE PREMIUM CORALIT ULTRA RESISTENCIA BRANCO BRILHANTE 225ML CORAL,"TINTA ESM BR 0,225L CORALIT BR CORAL LT0001LT",7891019201754,32089010,83000000,UND,2026-09-15T13:39:24Z,24.0,21.74
01384,ESMALTE PREMIUM CORALIT ULTRA RESISTENCIA TABACO BRILHANTE 225ML CORAL,"TINTA ESM BR 0,225L CORALIT TB CORAL LT0001LT",7891019203154,32089010,83000000,UND,2026-09-15T13:39:24Z,24.0,21.74
01389,ESMALTE PREMIUM CORALIT ULTRA RESISTENCIA VERMELHO BRILHANTE 225ML CORAL,"TINTA ESM BR 0,225L CORALIT VM CORAL LT0001LT",7891019202393,32089010,83000000,UND,2026-09-15T13:39:24Z,24.0,21.74
01398,ESMALTE PREMIUM CORALIT ULTRA RESISTENCIA PRETO FOSCO 225ML CORAL,TINTA CORALIT ULTRA RESIST FO PRETO 225M 1X225ML CORAL,7891019203543,32089010,83000000,UND,2026-09-12T12:42:51Z,24.0,21.76
07898543380924,TINTA SPRAY PTO BRILHO TEKBOND,"TINTA SPRAY USOGERAL PR BRILHO 350ML - TEKBOND,ONU 1950,AEROSOIS - PIRETROIDES,SUBCLASSE 2.1,(CLASSE",7898543380924,32082019,83000000,UN,2026-09-15T17:25:50Z,23.0,21.85
5312,TINTA SPRAY 400ML METALICA COBRE - CHEMICOLOR,,0,32082011,83000000,UN,2026-09-15T11:58:40Z,21.9,21.9
1354,TINTA SPRAY 350ML (PRETO SEMI BRILHO) - N,,0,32082019,83000000,UN,2026-09-09T18:06:36Z,21.9,21.9
01384,ESMALTE PREMIUM CORALIT ULTRA RESISTENCIA TABACO BRILHANTE 225ML CORAL,"TINTA ESM BR 0,225L CORALIT TB CORAL LT0001LT",7891019203154,32089010,83000000,UND,2026-09-11T16:26:15Z,24.0,21.96
61386,"TINTA ESM BR 0,225L CORALIT ULT BR CORAL LT0001LT","TINTA ESM BR 0,225L CORALIT BR CORAL LT0001LT",7891019201754,32089010,83000000,LT,2026-09-14T19:10:20Z,21.99,21.99
53261,TINTA SPRAY ALTA TEMP. ALUM 340ML ORBI Q,TINTA SPRAY WHITE COLOR ALTA TEMPERATURA 340ML ALUMINIO+,7898314113317,32082019,83000000,UN,2026-09-12T19:10:12Z,21.99,21.99
258,TINTA SPRAY USO GERAL BRANCO BRILHANTE 400ml CHEMICOLOR,T SPRAY USO G BR BRILHANTE 400ML CHEMIC 1X400ML CHEMICOLOR,7898436140581,32082011,83000000,UN,2026-09-12T13:53:40Z,21.99,21.99
289,TINTA SPRAY USO GERAL PRETO FOSCO 400ml CHEMICOLOR,T SPRAY USO G PT FOSCO 400ML CHEMICOLO 1X400ML CHEMICOLOR,7898436140628,32082011,83000000,UN,2026-09-15T11:57:47Z,21.99,21.99
134392,TINTA SPRAY VONDER PTO BRILH 350ML,,7893946850265,32082019,83000000,UN0001,2026-09-09T13:20:00Z,21.99,21.99
30633,TINTA SPRAY PLATINA U. G. 350ML TEKBOND,TINTA AEROSOL DOURADO/PLATINA METALICO 250G TEKB,7898543382324,32082019,83000000,UN,2026-09-14T14:14:57Z,21.99,21.99
28205,TINTA SPRAY U. G. AZUL BRILHANTE 350ML T,TINTA AEROSSOL AZUL BRIL USO GERAL 350ML/250G COD 23081006900,7898543380993,32082019,83000000,UN,2026-09-15T12:52:37Z,21.99,21.99
285,TINTA SPRAY USO G PT 350ML TEK BOND,,0,32082019,83000000,UN,2026-09-15T12:46:03Z,22.0,22.0
1096,TINTA SPRAY 400ML AZ ESCURO U. - CHEMICOLOR,,0,32082011,83000000,UN,2026-09-14T16:46:36Z,22.0,22.0
933,SPRAY ALT TEMP 350ML CHEMICOLOR ALUMINIO,TINTA SPRAY U. GERAL ALTA TEMPERATURA 350ML ALUMINIO CHEMICOLOR,7898436140826,32082011,83000000,UN,2026-09-11T13:06:33Z,22.0,22.0
4238,SPRAY ALT TEMP 350ML CHEMICOLOR BRANCO FSC,TINTA SPRAY CHEMICOLOR ALTA TEMP.BRANCO FOSCO 350ML - BASTON,7898436146149,32082011,83000000,UN,2026-09-10T20:04:14Z,22.0,22.0
01382,ESMALTE PREMIUM CORALIT ULTRA RESISTENCIA PRETO BRILHANTE 225ML CORAL,"TINTA ESM BR 0,225L CORALIT PT CORAL LT0001LT",7891019201877,32089010,83000000,UND,2026-09-15T20:05:01Z,24.0,22.0
2397,TINTA SPRAY U GER 400ML PT/BRI MUNDIAL,TINTA SPRAY 400ML MUNDIAL PRIME UG PRETO BRILHANTE,7898907527538,32082019,83000000,SP,2026-09-15T19:24:54Z,22.0,22.0
11572,TINTA SPRAY MET 400ML PR - CHEMICOLOR,,0,32082011,83000000,UN,2026-09-14T13:42:09Z,33.5,22.0
1636,Tinta spray chemicolor Branco brilhante,,17898436140588,32082011,83000000,UN,2026-09-10T15:25:18Z,22.0,22.0
727,TINTA SPRAY TEKBOND BCO BRILH USO GERAL 350ML,TINTA AEROSSOL BRANCO BRILHANTE USO GERAL 350 ML/250G REF 23021006900,7898543380931,32082019,83000000,UN,2026-09-09T21:48:17Z,22.0,22.0
728,TINTA SPRAY TEKBOND PTO BRILH USO GERAL 350ML,"TINTA SPRAY USOGERAL PR BRILHO 350ML - TEKBOND,ONU 1950,AEROSOIS - PIRETROIDES,SUBCLASSE 2.1,(CLASSE",7898543380924,32082019,83000000,UN,2026-09-13T15:50:26Z,22.0,22.0
1246,TINTA SPRAY USO G 350ML BR TEK BOND,TINTA AEROSSOL BRANCO BRILHANTE USO GERAL 350 ML/250G REF 23021006900,7898543380931,32082019,83000000,UN,2026-09-12T20:44:49Z,22.0,22.0
3099,SPRAY TEKBOND U.GERAL PLATINA 350ML,TINTA AEROSOL DOURADO/PLATINA METALICO 250G TEKB,7898543382324,32082019,83000000,UN,2026-09-15T20:21:25Z,22.0,22.0
221,TINTA SPRAY USO GERAL  400ML CHEMICOLOR,,0,32082011,83000000,UN,2026-09-11T19:52:34Z,22.0,22.0
221,TINTA SPRAY USO GERAL  400ML CHEMICOLOR,T SPRAY USO G PT BRILHANTE 400ML CHEMICO 1X400ML CHEMICOLOR,7898436140611,32082011,83000000,UN,2026-09-12T11:24:39Z,22.0,22.0
3658,TINTA SPRAY USO G 400ML PT FOSCO CHEMICO,T SPRAY USO G PT FOSCO 400ML CHEMICOLO 1X400ML CHEMICOLOR,7898436140628,32082011,83000000,UN,2026-09-14T21:01:13Z,22.0,22.0
3659,TINTA SPRAY USO G 350ML PT FOSCO TEK BON,TINTA AEROSSOL PRETO FOSCO USO GERAL 350 ML/250G REF 23001006900,7898543380917,32082019,83000000,UN,2026-09-15T20:28:36Z,22.0,22.0
233,TINTA SPRAY ALTA TEMP. 350ML P. FOSCO - CHEMICOLOR,,0,32082011,83000000,UN,2026-09-14T19:40:52Z,23.9,22.0
0000000003044,TINTA SPRAY 350ML VERMELHO TEKBOND,,7898543380955,32082019,83000000,UN,2026-09-14T20:23:44Z,25.3,22.0
5220,TINTA SPRAY PRATA METALICO 350 - TEKBOND,,7890000052207,32082019,83000000,UN,2026-09-15T21:18:54Z,22.0,22.0
1051,TEKBOND TINTA SPRAY USO G 350ML AZ TEK BOND,TINTA AEROSSOL AZUL BRIL USO GERAL 350ML/250G COD 23081006900,7898543380993,32082019,83000000,UN,2026-09-10T19:56:57Z,24.35,22.0
1348,TINTA SPRAY ALTA TEMP 350ML PT FOSC TEK,,0,32082019,83000000,UN,2026-09-12T19:58:10Z,22.0,22.0
11956,TINTA SPRAY MET 400ML OU CHEMICOLOR,,0,32082011,83000000,SP,2026-09-12T20:03:40Z,22.0,22.0
011789,TINTA SPRAY A TEMP 350ML BR/FC CHEMICOLO,TINTA SPRAY CHEMICOLOR ALTA TEMP.BRANCO FOSCO 350ML - BASTON,7898436146149,32082011,83000000,UND,2026-09-11T10:06:47Z,25.0,22.0
0000965,TINTA SPRAY U GER 400ML AM CHEMICOLOR,TINTA SPRAY USO G AM 400ML CHEMICOLOR 1X400ML CHEMICOLOR,7898436140567,32082011,83000000,SP,2026-09-12T16:27:57Z,22.0,22.0
0001068,TINTA SPRAY USO G 500ML ALUM CHEMICO,,7899674044334,32082011,83000000,UN,2026-09-12T15:45:23Z,22.0,22.0
0000000003993,TINTA SPRAY 400ML LUMINOSA ROSA CHOQUE COLOR JET RENNER,,7895860065374,32082011,83000000,UN,2026-09-14T18:29:22Z,22.0,22.0
000490,TINTA SPRAY U GER 400ML PT FOSC CHEMICOLO,T SPRAY USO G PT FOSCO 400ML CHEMICOLO 1X400ML CHEMICOLOR,7898436140628,32082011,83000000,UN,2026-09-15T12:15:27Z,22.0,22.0
001442,TINTA SPRAY U GER 400ML PT/BRI CHEMICOLO,T SPRAY USO G PT BRILHANTE 400ML CHEMICO 1X400ML CHEMICOLOR,7898436140611,32082011,83000000,UN,2026-09-15T14:28:32Z,22.0,22.0
2,TINTA SPR GER PRETO BRILHANTE 400ML UN QTD. 6.00 UN,T SPRAY USO G PT BRILHANTE 400ML CHEMICO 1X400ML CHEMICOLOR,7898436140611,32082011,83000000,UN,2026-09-15T20:45:07Z,22.0,22.0
3,TINTA SPR GER PRETO FOSCO 400ML UN QTD. 6.00 UN,T SPRAY USO G PT FOSCO 400ML CHEMICOLO 1X400ML CHEMICOLOR,7898436140628,32082011,83000000,UN,2026-09-13T14:10:39Z,22.0,22.0
113,TINTA SPR GER PRETO FOSCO 350ML CX/6 QTD. 1.00 CX,,0,32082019,83000000,CX,2026-09-15T20:40:21Z,22.0,22.0
823637,TINTA SPRAY AUTOM 300ML COLORJET CROMADO,,7891310094277,32081010,83000000,SP,2026-09-09T16:26:48Z,24.0,22.09
7898543380917,TINTA SPRAY TEKBOND PRETO FOSCO,TINTA AEROSSOL PRETO FOSCO USO GERAL 350 ML/250G REF 23001006900,7898543380917,32082019,83000000,UN,2026-09-14T19:33:25Z,24.0,22.12
10373,SPRAY CHEMICOLOR METALICA PRATA 400ML,TINTA SPRAY METALICA PR 400ML CHEMICOLOR 1X400ML CHEMICOLOR,7898436142639,32082011,83000000,UN,2026-09-11T13:04:32Z,22.4,22.4
10373,SPRAY CHEMICOLOR METALICA PRATA 400ML,TINTA SPRAY METALICA PR 400ML CHEMICOLOR 1X400ML CHEMICOLOR,7898436142639,32082011,83000000,UN,2026-09-15T13:15:29Z,22.4,22.4
10382,SPRAY CHEMICOLOR METALICA BRONZE 400ML,TINTA SPRAY METALICA BRONZE 400ML 1X400ML CHEMICOLOR,7898436142615,32082011,83000000,UN,2026-09-15T13:15:29Z,22.4,22.4
898519,TINTA SPRAY CHEMICOLOR BRANCO BRILHANTE,T SPRAY USO G BR BRILHANTE 400ML CHEMIC 1X400ML CHEMICOLOR,7898436140581,32082011,83000000,UN,2026-09-15T13:58:47Z,24.0,22.44
4989,TINTA SPRAY 350ML U/G PRETO BRILH - TEKBOND,"TINTA SPRAY USOGERAL PR BRILHO 350ML - TEKBOND,ONU 1950,AEROSOIS - PIRETROIDES,SUBCLASSE 2.1,(CLASSE",7898543380924,32082019,83000000,UNID,2026-09-11T18:02:04Z,23.72,22.53
000880,CAL SUPERCAL 10KG HIDROTINTAS C5,CAL SUPERCAL 10KG HIDROTINTAS C5 PC C/10KG,7899010479806,25223000,83000000,UN,2026-09-12T13:07:38Z,29.0,22.63
2687,SPRAY PRETO FOSCO TEK BOND 350ML,TINTA AEROSSOL PRETO FOSCO USO GERAL 350 ML/250G REF 23001006900,7898543380917,32082019,83000000,UN,2026-09-09T14:38:30Z,24.0,22.78
898528,TINTA SPRAY CHEMICOLOR PRETO FOSCO,T SPRAY USO G PT FOSCO 400ML CHEMICOLO 1X400ML CHEMICOLOR,7898436140628,32082011,83000000,UN,2026-09-09T17:44:26Z,24.0,22.8
234,TINTA SPRAY ALTA TEMP. 350ML ALUMINIO - CHEMICOLOR,,0,32082011,83000000,UN,2026-09-15T13:43:41Z,23.9,22.81
3166,TINTA SPRAY PRETO SEMIBRI 400ML CHEMICOLOR,,0,32082011,83000000,UN,2026-09-14T19:51:47Z,22.9,22.9
7898436140581,TINTA SPRAY CHEMICOLOR BRANCO BRILHANTE,T SPRAY USO G BR BRILHANTE 400ML CHEMIC 1X400ML CHEMICOLOR,7898436140581,32082011,83000000,UN,2026-09-12T13:03:18Z,24.0,22.9
7898436141595,TINTA SPRAY USO GERAL VD CLARO 400ML CHEMICOLOR,TINTA SPRAY USO G VD CLARO 400ML CHAMICO 1X400ML CHEMICOLOR,7898436141595,32082011,83000000,UN,2026-09-09T23:53:45Z,22.9,22.9
CFOP5405,MAZA ESMALTE SINTETICO BRANCO 900ML,TINTA ESM SINT BR 900ML 1X900ML MAZA,7898289930612,32081010,83000000,LT,2026-09-15T19:38:13Z,34.0,22.98
313647,TINTA SPRAY ALT TEMP 400ML PT/FC IQUINE SP0001SP,,7908886505387,32082011,83000000,SP,2026-09-15T21:37:55Z,22.99,22.99
313639,TINTA SPRAY ESM 400ML MET DO IQUINE SP0001SP,,7908886505448,32082011,83000000,SP,2026-09-11T13:36:42Z,22.99,22.99
313641,TINTA SPRAY ESM 400ML MET PR IQUINE SP0001SP,,7908886505462,32082011,83000000,SP,2026-09-15T19:16:35Z,22.99,22.99
447,TINTA SPRAY BRANCO BRILHO 350ML - TEKBOND,TINTA AEROSSOL BRANCO BRILHANTE USO GERAL 350 ML/250G REF 23021006900,7898543380931,32082019,83000000,UN,2026-09-12T19:43:04Z,23.0,23.0
449,TINTA SPRAY PRETO FOSCO 350ML - TEKBOND,TINTA AEROSSOL PRETO FOSCO USO GERAL 350 ML/250G REF 23001006900,7898543380917,32082019,83000000,KIT,2026-09-14T12:09:29Z,23.0,23.0
2361,TINTA SPRAY USOGERAL PRETO BRILHO 350ML - KALA,TINTA SPRAY USOGERAL PRETO BRILHO 350ML - KALA,7899009002114,32082019,83000000,UN,2026-09-11T20:04:19Z,23.0,23.0
3065,TINTA SPRAY BRANCO FOSCO 350ML - TEKBOND,TINTA AEROSSOL BRANCO FOSCO USO GERAL 350 ML/250G REF 23101006900,7898543381013,32082019,83000000,UN,2026-09-09T18:05:23Z,23.0,23.0
7898543381082,VERNIZ SPRAY TEKBOND,"TINTA SPRAY USOGERAL VERNIZ 350ML - TEKBOND,ONU 1950,AEROSOIS - PIRETROIDES,SUBCLASSE 2.1,(CLASSE 2)",7898543381082,32081010,83000000,UN,2026-09-14T15:00:32Z,24.0,23.0
180584,TINTA AEROSOL PRETO FOSCO USO GERAL 350ML 250G,,0,32082019,83000000,UN,2026-09-11T19:39:22Z,23.9,23.0
000942,TINTA SPRAY VM 350ML U.GERAL - TEKBOND,TINTA AEROSSOL VERMELHO USO GERAL 350 ML/250G REF 23041006900,7898543380955,32082019,83000000,UN,2026-09-15T14:17:58Z,23.0,23.0
3419,TINTA COLOGIN SPRAY 350ML BRANCO,,0,32082019,83000000,UN,2026-09-15T13:40:50Z,23.0,23.0
57862,TINTA SPRAY 350ML ALTA TEMPERATURA PR BR,,0,32082019,83000000,UN,2026-09-11T17:57:38Z,23.0,23.0
823956,TINTA SPRAY ATEMP 350ML PTFC CHEMICOLOR,T SPRAY ALTA TEMP PT FOSCO 350ML CHEMIC 1X350ML CHEMICOLOR,7898436140833,32082011,83000000,SP,2026-09-09T16:26:48Z,25.0,23.01
7898543381273,TINTA SPRAY SUPERCOL,,0,32089010,83000000,UN,2026-09-12T15:48:32Z,23.2,23.2
009367,TINTA SPRAY TEK BOND- PRETO BRILHANTE 350 ML- ALTA TEMP.*,TINTA TEKBON AEROSSOL PRETO ALTA TEMPERATURA PRETO BRILHANTE 350ML,7898543381167,32091010,83000000,UND,2026-09-14T16:27:59Z,25.0,23.2
2000,TINTA SPRAY USO G PT FOSCO 350ML TEK BON,,0,32082019,83000000,UN,2026-09-10T20:54:51Z,23.3,23.3
18988,TINTA SPRAY USO GERAL BRANCO FOSCO TEKBOND,TINTA AEROSSOL BRANCO FOSCO USO GERAL 350 ML/250G REF 23101006900,7898543381013,32082019,83000000,UND,2026-09-15T18:53:36Z,24.5,23.34
18866,TINTA SPRAY USO GERAL PRETO FOSCO TEKBOND,TINTA AEROSSOL PRETO FOSCO USO GERAL 350 ML/250G REF 23001006900,7898543380917,32082019,83000000,UND,2026-09-15T18:53:36Z,24.5,23.34
5646,ORBISPRAY TINTA SPRA,,7898314112709,32082011,83000000,UN,2026-09-14T14:22:23Z,24.0,23.46
2997,TINTA SPRAY USO G 350ML BR TEK BOND,,0,32082019,83000000,UN,2026-09-11T21:23:52Z,23.6,23.6
5703,TINTA SPRAY PT FO 350ML U.GERA - TEKBOND,,0,32082019,83000000,UN,2026-09-11T21:41:37Z,23.6,23.6
0002999,ESMALTE DIALINE AZ FRANCA 225ML,"DIALINE SECA RAP AZUL FRANCA 225ML -> COD.ONU: 1263 CL.RISCO: 3,0 GR.EMB: III TINTA CONTENDO SOLVENTE ORGANICO.",7892948012831,32081010,83000000,UN,2026-09-11T20:20:37Z,23.6,23.6
17898543380921,TINTA SPRAY PT BRILH 350ML TEKBOND TEKBOND,,0,32082019,83000000,UN,2026-09-09T12:31:08Z,24.99,23.61
000249,TINTA SPRAY ALTA TEMP. ALUMINIO CHEMICOLO,TINTA SPRAY U. GERAL ALTA TEMPERATURA 350ML ALUMINIO CHEMICOLOR,7898436140826,32082011,83000000,UN,2026-09-12T13:17:37Z,26.0,23.64
4992,TINTA SPRAY 350ML U/G PRETO FOSCO - TEKBOND,TINTA AEROSSOL PRETO FOSCO USO GERAL 350 ML/250G REF 23001006900,7898543380917,32082019,83000000,UNID,2026-09-09T15:03:59Z,23.72,23.72
7048,TINTA SPRAY USO GERAL PR BRILHO - KALA,"TINTA SPRAY USOGERAL PR BRILHO 350ML - TEKBOND,ONU 1950,AEROSOIS - PIRETROIDES,SUBCLASSE 2.1,(CLASSE",7898543380924,32082011,83000000,PC,2026-09-15T19:25:26Z,25.0,23.75
10373,SPRAY CHEMICOLOR METALICA PRATA 400ML,TINTA SPRAY METALICA PR 400ML CHEMICOLOR 1X400ML CHEMICOLOR,7898436142639,32082011,83000000,UN,2026-09-14T21:06:06Z,23.8,23.8
11203,TINTA AEROSSOL BRANCO BRILHANTE 350ML,,0,32082019,83000000,UN,2026-09-10T11:06:16Z,23.9,23.9
355188,FUNDO PREPARADOR SPRAY 400ML CHEMICOLOR UND,TINTA SPRAY CHEMICOLLOR 400ML FUNDO PREPARADOR GERAL CINZA,7898436140680,32082011,83000000,LT,2026-09-15T14:31:48Z,23.9,23.9
2279,TINTA SPRAY 350ML (PRETO BRIL) - TEKBOND,,0,32082019,83000000,KG,2026-09-15T19:54:22Z,23.9,23.9
1738,TINTA SPRAY OURO METALICO 350ML/250G TEKBOND,,0,32082019,83000000,UN,2026-09-09T15:00:50Z,23.93,23.93
0074468051010,TINTA SPRAY METALICA,,0,32082019,83000000,UN,2026-09-14T15:03:59Z,23.95,23.95
0074468050853,TINTA SPRAY METALICA,,0,32082019,83000000,UN,2026-09-12T13:47:13Z,23.95,23.95
0074468050891,TINTA SPRAY METALICA,,0,32082019,83000000,UN,2026-09-11T15:49:58Z,23.95,23.95
0074468051010,TINTA NORDESTIN 350ML METAL DOURADA PETKOV REF 002.001.003.003,,0,32082019,83000000,UN,2026-09-09T17:17:46Z,23.95,23.95
00074468051010,TINTA SPRAY METALICA 350ML NORDESTN,,0,32082019,83000000,UN,2026-09-14T19:22:26Z,23.95,23.95
1784323,Tinta Vonder Spray 3,,7893946850319,32082019,83000000,UN,2026-09-15T10:14:56Z,23.99,23.99
1784285,Tinta Vonder Spray 3,,7893946850197,32082019,83000000,UN,2026-09-14T14:38:39Z,23.99,23.99
14,TINTA SPRAY ALTA TEMP 350ML ALUM CHEMICO,,0,32081010,83000000,UN,2026-09-14T14:10:44Z,24.0,24.0
898527,TINTA SPRAY CHEMICOLOR PRETO BRILHANTE,T SPRAY USO G PT BRILHANTE 400ML CHEMICO 1X400ML CHEMICOLOR,7898436140611,32082011,83000000,UN,2026-09-14T17:09:10Z,24.0,24.0
294,TINTA SPRAY PRETO FOSCO CHEMICOLOR,,0,32082011,83000000,UN,2026-09-11T13:24:43Z,24.0,24.0
1818,"TINTA INT. ECONOMICA 3,6L BRANCO NEVE ARACOR 60",,0,32091010,83000000,GL,2026-09-12T14:51:16Z,24.0,24.0
3019,"TINTA INT. ECONOMICA 3,6L BRANCO GELO ARACOR 61",,0,32091010,83000000,GL,2026-09-11T14:46:55Z,24.0,24.0
10771,TINTA SPRAY LUM 400ML VD CHEMICOLOR,,0,32082011,83000000,SP,2026-09-12T16:12:55Z,24.0,24.0
D220487,TINTA AEROSSOL PRETO ALTA TEMPERAT,TINTA TEKBON AEROSSOL PRETO ALTA TEMPERATURA PRETO BRILHANTE 350ML,7898543381167,32082019,83000000,PC,2026-09-15T12:55:50Z,24.22,24.22
D220488,TINTA AEROSSOL ALUMINIO ALTA TEMPE,TINTA AEROSSOL ALUMINIO ALTA TEMPERATURA 350ML/250G COD 23261006900,7898543381174,32082019,83000000,PC,2026-09-15T12:25:35Z,24.22,24.22
23046,TEKBOND TINTA SPRAY PRETO BRILHO 350ML U.GERAL- TEKBOND,"TINTA SPRAY USOGERAL PR BRILHO 350ML - TEKBOND,ONU 1950,AEROSOIS - PIRETROIDES,SUBCLASSE 2.1,(CLASSE",7898543380924,32082019,83000000,UN,2026-09-15T11:35:00Z,24.35,24.35
0203090,TINTA SPRAY CHEMICOLOR 400ML U.G BRANCO FOSCO,T SPRAY USO G BR FOSCO 400ML CHEMICOLO 1X400ML CHEMICOLOR,7898436141540,32082011,83000000,UND,2026-09-12T13:02:37Z,24.79,24.38
18878,TINTA SPRAY USO GERAL BRANCO BRILHANTE TEKBOND,TINTA AEROSSOL BRANCO BRILHANTE USO GERAL 350 ML/250G REF 23021006900,7898543380931,32082019,83000000,UND,2026-09-11T16:22:52Z,24.5,24.5
18870,TINTA SPRAY USO GERAL PRETO BRILHANTE TEKBOND,"TINTA SPRAY USOGERAL PR BRILHO 350ML - TEKBOND,ONU 1950,AEROSOIS - PIRETROIDES,SUBCLASSE 2.1,(CLASSE",7898543380924,32082019,83000000,UND,2026-09-14T16:12:01Z,24.5,24.5
43164,ESM SINT MAXLIT 750ML BR HIDROTINTAS,,7899010492645,32081010,83000000,UN,2026-09-14T12:52:39Z,35.0,24.59
7898543380955,TINTA SPRAY VERMELHO 350ML USO GERAL - TEKBOND,TINTA AEROSSOL VERMELHO USO GERAL 350 ML/250G REF 23041006900,7898543380955,32082019,83000000,UND,2026-09-15T11:31:52Z,25.9,24.61
7898436140604,TINTA SPRAY USO GERAL GRAFITE 400ML CHEMICOLOR,,0,32082011,83000000,UN,2026-09-13T16:49:57Z,25.9,24.68
931319,"TINTA BASE ACR FC 0,8L RENOVA PAR P CORA LT0001LT","TINTA BASE ACR FC LT0,8L RENOVA P CORAL LT0001LT - PINHEIRO DA NORUEGA",7891019915309,32091010,83000000,LT,2026-09-09T14:16:04Z,49.5,24.75
80539,TINTA SPRAY ALTA TEMPERATURA NORDESTIN 350ML,,74468050839,32082019,83000000,UND,2026-09-15T15:20:35Z,24.95,24.95
898535,TINTA SPRAY U GER 400ML VT/ES CHEMICOLOR SP0001SP,TINTA SPRAY USO G 400ML VIOLETA ESCUR CH UN C/400ML,7898436147825,32082011,83000000,SP,2026-09-09T17:28:07Z,24.99,24.99
61382,"TINTA ESM BR 0,225L CORALIT ULT AZDR CO","TINTA ESM BR 0,225L CORALIT AZ/DR CORAL LT0001LT",7891019202195,32089010,83000000,LT,2026-09-09T17:49:47Z,24.99,24.99
61388,"TINTA ESM BR 0,225L CORALIT ULT VM CORAL","TINTA ESM BR 0,225L CORALIT VM CORAL LT0001LT",7891019202393,32089010,83000000,LT,2026-09-09T17:49:47Z,24.99,24.99
61390,"TINTA ESM BR 0,225L CORALIT ULT AM CORAL","TINTA ESM BR 0,225L CORALIT AM CORAL LT0001LT",7891019202553,32089010,83000000,LT,2026-09-09T17:49:47Z,24.99,24.99
61391,"TINTA ESM BR 0,225L CORALIT ULT VDFOLH","TINTA ESM BR 0,225L CORALIT VD/FL CORAL LT0001LT",7891019202652,32089010,83000000,LT,2026-09-09T17:49:47Z,24.99,24.99
61394,"TINTA ESM BR 0,225L CORALIT ULT MRCQ CO","TINTA ESM BR 0,225L CORALIT MR/CQ CORAL LT0001LT",7891019203208,32089010,83000000,LT,2026-09-09T17:49:47Z,24.99,24.99
411432-1,TINTA AEROSSOL BRANCO FOSCO USO GERAL 350 ML25,TINTA AEROSSOL BRANCO FOSCO USO GERAL 350 ML/250G REF 23101006900,7898543381013,32082019,83000000,PC,2026-09-15T19:29:36Z,24.99,24.99
392917-1,TINTA PRETO FOSCO 400ML CHEMICOLOR,T SPRAY USO G PT FOSCO 400ML CHEMICOLO 1X400ML CHEMICOLOR,7898436140628,32082011,83000000,PC,2026-09-13T22:53:41Z,24.99,24.99
392921-1,TINTA BRANCO BRILHANTE 400ML CHEMICOLOR,T SPRAY USO G BR BRILHANTE 400ML CHEMIC 1X400ML CHEMICOLOR,7898436140581,32082011,83000000,PC,2026-09-15T01:22:24Z,24.99,24.99
392924-1,TINTA ALUMINIO PRODAS 400ML CHEMICOLOR,TINTA SPRAY CHEMICOLOR U.G.ALUMINIO P/RODAS 400ML - BASTON,7898436142714,32082011,83000000,PC,2026-09-13T00:47:22Z,24.99,24.99
392931-1,TINTA METALICA CROMADO 400ML CHEMICOLOR,T SPRAY METALICA CROMADO 400ML CHEMICOLO 1X400ML CHEMICOLOR,7898436140178,32082011,83000000,PC,2026-09-13T16:28:38Z,24.99,24.99
393308-1,TINTA U G PRETO BRILHANTE 400ML CHEMICOLOR,T SPRAY USO G PT BRILHANTE 400ML CHEMICO 1X400ML CHEMICOLOR,7898436140611,32082011,83000000,PC,2026-09-11T22:51:13Z,24.99,24.99
898528,TINTA SPRAY U GER 400ML PT/FC CHEMICOLOR SP0001SP,T SPRAY USO G PT FOSCO 400ML CHEMICOLO 1X400ML CHEMICOLOR,7898436140628,32082011,83000000,SP,2026-09-14T15:57:03Z,24.99,24.99
898527,TINTA SPRAY U GER 400ML PTBRI CHEMICOLO,T SPRAY USO G PT BRILHANTE 400ML CHEMICO 1X400ML CHEMICOLOR,7898436140611,32082011,83000000,SP,2026-09-15T21:41:45Z,24.99,24.99
898523,TINTA SPRAY U GER 400ML CZ/ES CHEMICOLOR SP0001SP,TINTA SPRAY USO GERAL 400ML CINZA ESCURO - CHEMICOLOR,7898436146132,32082011,83000000,SP,2026-09-13T16:33:21Z,24.99,24.99
898520,TINTA SPRAY U GER 400ML BRFC CHEMICOLOR,T SPRAY USO G BR FOSCO 400ML CHEMICOLO 1X400ML CHEMICOLOR,7898436141540,32082011,83000000,SP,2026-09-13T11:07:01Z,24.99,24.99
898519,TINTA SPRAY U GER 400ML BR CHEMICOLOR SP0001SP,T SPRAY USO G BR BRILHANTE 400ML CHEMIC 1X400ML CHEMICOLOR,7898436140581,32082011,83000000,SP,2026-09-13T13:33:50Z,24.99,24.99
898515,TINTA SPRAY U GER 400ML AL/ROD CHEMICOLO SP0001SP,TINTA SPRAY CHEMICOLOR U.G.ALUMINIO P/RODAS 400ML - BASTON,7898436142714,32082011,83000000,SP,2026-09-12T14:08:12Z,24.99,24.99
3290,TINTA AEROSSOL BRANCO FOSCO 350 ML 23101,TINTA AEROSSOL BRANCO FOSCO USO GERAL 350 ML/250G REF 23101006900,7898543381013,32082019,83000000,UN,2026-09-15T13:02:34Z,24.99,24.99
29472,TINTA SPRAY U.G DOURADO 350ML TEKBOND,"TINTA SPRAY USOGERAL DOURADO 350ML - TEKBOND,ONU 1950,AEROSOIS - PIRETROIDES,SUBCLASSE 2.1,(CLASSE 2",7898543380962,32082019,83000000,UN,2026-09-11T16:39:49Z,24.99,24.99
28203,TINTA SPRAY U. G. VERDE BRILHANTE 350ML,TINTA AEROSSOL VERDE USO GERAL 350 ML/250G REF 23161006900,7898543381075,32082019,83000000,UN,2026-09-11T17:58:16Z,24.99,24.99
28202,TINTA.SPRAY.U.G.BRANCO.FOSCO.350ML.TEK,TINTA AEROSSOL BRANCO FOSCO USO GERAL 350 ML/250G REF 23101006900,7898543381013,32082019,83000000,UN,2026-09-14T13:58:32Z,24.99,24.99
14726,ESMALTE SINTETICO AZ CELESTE 900ML DIALI,"DIALINE SECA RAP AZUL CELESTE 900ML - COD.ONU 1263 CL.RISCO 3,0 GR.EMB III TINTA CONTENDO SOLVENTE ORGANICO.",7892948007608,32081010,83000000,UN,2026-09-11T16:02:26Z,39.99,24.99
27713,TINTA SPRAY U. G. BRANCO BRILHANTE 350ML,TINTA AEROSSOL BRANCO BRILHANTE USO GERAL 350 ML/250G REF 23021006900,7898543380931,32082019,83000000,UN,2026-09-15T16:15:08Z,24.99,24.99
683,TINTA SPRAY 350ML PT FOSCO A.T - NORDESTIN,,0,32082019,83000000,UN,2026-09-09T12:43:32Z,25.0,25.0
000754,TINTA SPRAY USO G 350ML VM NORDESTIN,,74468050860,32082019,83000000,UN,2026-09-15T18:19:23Z,25.0,25.0
10373,SPRAY CHEMICOLOR METALICA PRATA 400ML,TINTA SPRAY METALICA PR 400ML CHEMICOLOR 1X400ML CHEMICOLOR,7898436142639,32082011,83000000,UN,2026-09-10T20:09:02Z,28.0,25.0
10382,SPRAY CHEMICOLOR METALICA BRONZE 400ML,TINTA SPRAY METALICA BRONZE 400ML 1X400ML CHEMICOLOR,7898436142615,32082011,83000000,UN,2026-09-14T11:59:06Z,28.0,25.0
7898543380917,SPRAY PRETO FOSCO 350ML TEKBOND,TINTA AEROSSOL PRETO FOSCO USO GERAL 350 ML/250G REF 23001006900,7898543380917,32082019,83000000,UN,2026-09-14T19:14:25Z,25.0,25.0
739,TINTA SPR GER PRETO BRILHANTE 400ML CHEMI COLOR,T SPRAY USO G PT BRILHANTE 400ML CHEMICO 1X400ML CHEMICOLOR,7898436140611,32082011,83000000,UN,2026-09-10T17:36:28Z,25.0,25.0
000237,TINTA ESM 225ml PRETO IQUINE,"DIALINE-ESM SEC RAP PRETO 225 ML -> COD.ONU: 1263 CL.RISCO: 3,0 GR.EMB: III TINTA CONTENDO SOLVENTE ORGANICO.",7892948012077,32081010,83000000,UN,2026-09-13T12:39:34Z,25.0,25.0
001010,TINTA ESM 225ml AMARELO IQUINE,"DIALINE SECA RAP AMARELO 225ML - COD.ONU 1263 CL.RISCO 3,0 GR.EMB III TINTA CONTENDO SOLVENTE ORGANICO.",7892948012053,32081010,83000000,UN,2026-09-12T11:51:57Z,25.0,25.0
2619,TINTA DE GARRAFA 5L,,0,32091010,83000000,UN,2026-09-15T21:13:43Z,25.0,25.0
5266,TINTA SPRAY TEKBOND ALUMINIO USO GERAL 350ML,"TINTA SPRAY USOGERAL ALUMINIO 350ML - TEKBOND,ONU 1950,AEROSOIS - PIRETROIDES,SUBCLASSE 2.1,(CLASSE",7898543380948,32082019,83000000,UN1,2026-09-12T14:47:45Z,25.0,25.0
10368,SPRAY CHEMICOLOR USO GERAL VIOLETA ESCURO 400ML,TINTA SPRAY USO G 400ML VIOLETA ESCUR CH UN C/400ML,7898436147825,32082011,83000000,UN,2026-09-15T17:05:47Z,28.0,25.0
CFOP5102,TINTA SPRAY USO G 400ML PT BRILHO CHEMIC,T SPRAY USO G PT BRILHANTE 400ML CHEMICO 1X400ML CHEMICOLOR,7898436140611,32082011,83000000,UN,2026-09-10T13:32:11Z,25.0,25.0
3055,TINTA SPRAY USO G 400ML PT BRILHO CHEMIC,T SPRAY USO G PT BRILHANTE 400ML CHEMICO 1X400ML CHEMICOLOR,7898436140611,32081010,83000000,UN,2026-09-15T21:16:56Z,25.0,25.0
6719,TINTA SPRAY USO G 500ML PT FOSCO CHEMICO,,0,32082011,83000000,UN,2026-09-15T20:25:19Z,25.0,25.0
876,TINTA SPRAY,,0,32082011,83000000,UN,2026-09-14T19:41:46Z,25.0,25.0
2577,"ACR INTERIOR FOSCO BCO 3,6L TINTAX",,0,32091010,83000000,UN,2026-09-12T16:04:08Z,25.0,25.0
7898436140611,TINTA SPRAY PRETO BRILHANTE CHEMICOLOR,T SPRAY USO G PT BRILHANTE 400ML CHEMICO 1X400ML CHEMICOLOR,7898436140611,32082011,83000000,un,2026-09-11T14:53:38Z,25.3,25.0
7898436140628,TINTA SPRAY PRETO FOSCO CHEMICOLOR,T SPRAY USO G PT FOSCO 400ML CHEMICOLO 1X400ML CHEMICOLOR,7898436140628,32082011,83000000,un,2026-09-09T17:19:00Z,25.3,25.0
002809,TINTA SPRAY ALTA TEMP 400ML PRETO FOSCO - CHEMICOLOR*,T SPRAY ALTA TEMP PT FOSCO 350ML CHEMIC 1X350ML CHEMICOLOR,7898436140833,32089010,83000000,UN,2026-09-11T18:46:03Z,25.0,25.0
002817,TINTA SPRAY USO GERAL 400ML ALUMINIO P/ RODAS CHEMICOLOR*,TINTA SPRAY CHEMICOLOR U.G.ALUMINIO P/RODAS 400ML - BASTON,7898436142714,32089010,83000000,UN,2026-09-10T17:21:59Z,25.0,25.0
002818,TINTA SPRAY USO GERAL 400ML DOURADO CHEMICOLOR*,T SPRAY USO G DOURADO 400ML CHEMICOLOR 1X400ML CHEMICOLOR,7898436140598,32089010,83000000,UN,2026-09-10T13:32:15Z,25.0,25.0
002832,TINTA SPRAY FUNDO PREP. LUMINOSO BRANCO 400ML CHEMICOLOR*,TINTA SPRAY CHEMICOLOR 400ML FUNDO PREPARADOR LUMINOSA,7898436141984,32089010,83000000,UN,2026-09-11T20:39:25Z,25.0,25.0
002834,FUNDO PREPARADOR CINZA CHEMICOLLOR 400ML*,TINTA SPRAY CHEMICOLLOR 400ML FUNDO PREPARADOR GERAL CINZA,7898436140680,32089010,83000000,UN,2026-09-15T16:55:36Z,25.0,25.0
002838,TINTA SPRAY METALICA 400ML PRATA CHEMICOLOR*,TINTA SPRAY METALICA PR 400ML CHEMICOLOR 1X400ML CHEMICOLOR,7898436142639,32089010,83000000,UN,2026-09-10T13:31:02Z,25.0,25.0
002839,TINTA SPRAY METALICA 400ML CROMADO CHEMICOLLOR*,T SPRAY METALICA CROMADO 400ML CHEMICOLO 1X400ML CHEMICOLOR,7898436140178,32089010,83000000,UN,2026-09-14T13:13:23Z,25.0,25.0
005722,TINTA SPRAY ALTA TEMP 400ML ALUMINIO FO CHEMICOLOR*,TINTA SPRAY U. GERAL ALTA TEMPERATURA 350ML ALUMINIO CHEMICOLOR,7898436140826,32089010,83000000,UN,2026-09-12T19:01:34Z,25.0,25.0
009099,TINTA SPRAY METALICA 400ML PRETO CHEMICOLOR*,TINTA SPRAY MET PT 400ML CHEMICOLOR UN C/400ML,7898436140215,32089010,83000000,UN,2026-09-10T13:11:50Z,25.0,25.0
9000000005334,Tinta acril interior branco 3l,,9000000005334,32091010,83000000,UN,2026-09-11T19:21:31Z,25.0,25.0
2260,"ACR INTERIOR FOSCO AMARELO ENERGIA 3,0L TINTAX",,0,32091010,83000000,ND,2026-09-12T13:11:44Z,25.0,25.0
003004,TINTA SPRAY U GER 500ML PT/FC CHEMICOLOR,,7899674044358,32082011,83000000,UN,2026-09-14T20:34:38Z,25.0,25.0
32511,TINTA SPRAY PRETO ALTA TEMPERATURA 340ML,ORBI TINTA - PRETO FOSCO ALTA TEMPERATURA (ORBI QUIMICA),7898314113300,32082019,83000000,UN,2026-09-14T18:39:54Z,25.0,25.0
000100352,TINTA SPRAY PRETO FOSCO ALTA T. 400ML LUX,,7898693159029,32082011,83000000,UN,2026-09-12T14:28:18Z,28.0,25.0
13632,TINTA SPRAY CHEMICOLOR FUNDO PREPARACAO CINZA 400ML,TINTA SPRAY CHEMICOLLOR 400ML FUNDO PREPARADOR GERAL CINZA,7898436140680,32082011,83000000,UND,2026-09-11T12:32:07Z,28.0,25.2
7891153000602,TINTA FOSCA P ARTESA,,0,32091010,83000000,UN,2026-09-11T15:37:44Z,27.9,25.285
55853,TINTA NORDESTIN 350ML METALICA CROM - 41.49,,0,32082019,83000000,UN,2026-09-11T17:56:17Z,25.49,25.49
55858,TINTA NORDESTIN 350ML METALICA DR - 41.49,,0,32082019,83000000,UN,2026-09-10T16:36:28Z,25.49,25.49
32421,TINTA AER VM METALICO 350ML - 1X350ML,TINTA AEROSSOL VERMELHO METALICO 350 ML/250G REF 23301006900,7898543381211,32082019,83000000,UN,2026-09-10T16:30:42Z,25.49,25.49
32355,TINTA AER PTA METALICO 350ML - 1X350ML,TINTA AEROSSOL PRATA METALICO USO GERAL 350ML/250G COD 23361006900,7898543381273,32082019,83000000,UN,2026-09-10T17:41:30Z,25.49,25.49
32352,TINTA AER OURO METALICO 350ML - 1X350ML,TINTA AEROSSOL OURO METALICO 350 ML/250G REF 23351006900,7898543381266,32082019,83000000,UN,2026-09-14T18:37:13Z,25.49,25.49
32375,TINTA AER PT METALICO 350ML - 1X350ML,TINTA AEROSSOL PRETO METALICO 350ML/250G COD 23321006900,7898543381235,32082019,83000000,UN,2026-09-09T19:15:33Z,25.49,25.49
32352,TINTA AER OURO METALICO 350ML - 1X350ML,TINTA AEROSSOL OURO METALICO 350 ML/250G REF 23351006900,7898543381266,32082019,83000000,UN,2026-09-12T20:01:32Z,25.49,25.49
32316,TINTA AER COBRE METALICO 350ML - 1X350ML,TINTA AEROSSOL COBRE METALICO 350 ML/250G - TEKBON,7898543381228,32082019,83000000,UN,2026-09-11T11:55:50Z,25.49,25.49
32375,TINTA AER PT METALICO 350ML - 1X350ML,TINTA AEROSSOL PRETO METALICO 350ML/250G COD 23321006900,7898543381235,32082019,83000000,UN,2026-09-13T15:03:29Z,25.49,25.49
32096,TINTA AER AZ METALICO 350ML - 1X350ML,TINTA AEROSSOL AZUL METALICO 350 ML/250G REF 23271006900,7898543381181,32082019,83000000,UN,2026-09-09T20:56:09Z,25.49,25.49
32375,TINTA AER PT METALICO 350ML - 1X350ML,TINTA AEROSSOL PRETO METALICO 350ML/250G COD 23321006900,7898543381235,32082019,83000000,UN,2026-09-12T17:11:06Z,25.49,25.49
32355,TINTA AER PTA METALICO 350ML - 1X350ML,TINTA AEROSSOL PRATA METALICO USO GERAL 350ML/250G COD 23361006900,7898543381273,32082019,83000000,UN,2026-09-12T18:39:50Z,25.49,25.49
32352,TINTA AER OURO METALICO 350ML - 1X350ML,TINTA AEROSSOL OURO METALICO 350 ML/250G REF 23351006900,7898543381266,32082019,83000000,UN,2026-09-15T15:15:23Z,25.49,25.49
32316,TINTA AER COBRE METALICO 350ML - 1X350ML,TINTA AEROSSOL COBRE METALICO 350 ML/250G - TEKBON,7898543381228,32082019,83000000,UN,2026-09-12T18:39:50Z,25.49,25.49
32375,TINTA AER PT METALICO 350ML - 1X350ML,TINTA AEROSSOL PRETO METALICO 350ML/250G COD 23321006900,7898543381235,32082019,83000000,UN,2026-09-15T20:50:13Z,25.49,25.49
32352,TINTA AER OURO METALICO 350ML,TINTA AEROSSOL OURO METALICO 350 ML/250G REF 23351006900,7898543381266,32082019,83000000,UN,2026-09-14T20:34:51Z,25.49,25.49
55853,TINTA NORDESTIN 350ML METALICA CROM - 41.49,,0,32082019,83000000,UN,2026-09-15T13:19:11Z,25.49,25.49
55826,TINTA NORDESTIN 350ML BR FOSCO,,0,32082019,83000000,UN,2026-09-10T18:56:09Z,25.49,25.49
55819,TINTA NORDESTIN 350ML PT FOSCO - 41.49,,0,32082019,83000000,UN,2026-09-13T20:13:21Z,25.49,25.49
10373,SPRAY CHEMICOLOR METALICA PRATA 400ML,TINTA SPRAY METALICA PR 400ML CHEMICOLOR 1X400ML CHEMICOLOR,7898436142639,32082011,83000000,UN,2026-09-11T20:17:23Z,28.0,25.6
7898436140550,TINTA SPRAY USO GERAL ALUM 400ML CHEMICOLOR,T SPRAY USO G ALUMINIO 400ML CHEMICOLOR 1X400ML CHEMICOLOR,7898436140550,32082011,83000000,UN,2026-09-13T19:51:42Z,25.9,25.9
7898436140550,TINTA SPRAY USO GERAL ALUM 400ML CHEMICOLOR,,0,32082011,83000000,UN,2026-09-14T13:33:25Z,25.9,25.9
3092,"4381 TINTA BRANCO NEVE INTERNA GL 3,0L",,618341747777,32091010,83000000,UN,2026-09-11T14:30:37Z,25.9,25.9
7898436140567,TINTA SPRAY USO GERAL AM 400ML CHEMICOLOR,,0,32082011,83000000,UN,2026-09-09T15:27:48Z,25.9,25.9
7898436140581,TINTA SPRAY USO GERAL BR BRILHO 400ML CHEMICOLOR,,0,32082011,83000000,UN,2026-09-14T20:47:21Z,25.9,25.9
7898436140598,TINTA SPRAY USO GERAL DOURADO 400ML CHEMICOLOR,,0,32082011,83000000,UN,2026-09-12T22:33:51Z,25.9,25.9
7898436140604,TINTA SPRAY USO GERAL GRAFITE 400ML CHEMICOLOR,,0,32082011,83000000,UN,2026-09-11T18:12:48Z,25.9,25.9
7898436140611,TINTA SPRAY USO GERAL PT BRILHO  400ML CHEMICOLOR,,0,32082011,83000000,UN,2026-09-14T22:47:15Z,25.9,25.9
7898436140628,TINTA SPRAY USO GERAL PT FOSCO 400ML CHEMICOLOR,,0,32082011,83000000,UN,2026-09-15T19:25:36Z,25.9,25.9
7898436140628,TINTA SPRAY USO GERAL PT FOSCO 400ML CHEMICOLOR,T SPRAY USO G PT FOSCO 400ML CHEMICOLO 1X400ML CHEMICOLOR,7898436140628,32082011,83000000,UN,2026-09-13T21:16:38Z,25.9,25.9
7898436140642,TINTA SPRAY USO GERAL VM 400ML CHEMICOLOR,,0,32082011,83000000,UN,2026-09-15T16:39:11Z,25.9,25.9
7898436141540,TINTA SPRAY USO GERAL BR FOSCO 400ML CHEMICOLOR,,0,32082011,83000000,UN,2026-09-12T20:38:18Z,25.9,25.9
7898436146125,TINTA SPRAY USO GERAL CZ CLARO 400ML CHEMICOLOR,,0,32082011,83000000,UN,2026-09-12T15:56:33Z,25.9,25.9
7898436146132,TINTA SPRAY USO GERAL CZ ESC 400ML CHEMICOLOR,TINTA SPRAY USO GERAL 400ML CINZA ESCURO - CHEMICOLOR,7898436146132,32082011,83000000,UN,2026-09-11T20:48:50Z,25.9,25.9
7898436141540,TINTA SPRAY USO GERAL BR FOSCO 400ML CHEMICOLOR,T SPRAY USO G BR FOSCO 400ML CHEMICOLO 1X400ML CHEMICOLOR,7898436141540,32082011,83000000,UN,2026-09-13T21:16:38Z,25.9,25.9
7898436141632,TINTA SPRAY USO GERAL BG 400ML CHEMICOLOR,,0,32082011,83000000,UN,2026-09-13T18:07:50Z,25.9,25.9
7898436146132,TINTA SPRAY USO GERAL CZ ESC 400ML CHEMICOLOR,,0,32082011,83000000,UN,2026-09-14T19:20:42Z,25.9,25.9
3003,"4382 TINTA BRANCO GELO INTERNA GL 3,0L",,618341747784,32091010,83000000,UN,2026-09-11T14:01:42Z,25.9,25.9
7898436142714,TINTA SPRAY USO GERAL ALU P/RODAS 400ML CHEMICOLOR,,0,32082011,83000000,UN,2026-09-09T16:11:13Z,25.9,25.9
7898436141632,TINTA SPRAY USO GERAL BG 400ML CHEMICOLOR,,0,32082011,83000000,UN,2026-09-14T12:11:14Z,25.9,25.9
7898436141618,TINTA SPRAY USO GERAL AZ ESCURO 400ML CHEMICOLOR,,0,32082011,83000000,UN,2026-09-15T21:29:24Z,25.9,25.9
7898436141571,TINTA SPRAY USO GERAL MR 400ML CHEMICOLOR,TINTA SPRAY USO G 400ML MR CHEMICOLOR 04237,7898436141571,32082011,83000000,UN,2026-09-14T13:31:51Z,25.9,25.9
7898436141557,TINTA SPRAY USO GERAL LJ 400ML CHEMICOLOR,TINTA SPRAY USO G LR 400ML CHEMICOLO 1X400ML CHEMICOLOR,7898436141557,32082011,83000000,UN,2026-09-09T19:18:48Z,25.9,25.9
7898436141557,TINTA SPRAY USO GERAL LJ 400ML CHEMICOLOR,,0,32082011,83000000,UN,2026-09-11T17:08:25Z,25.9,25.9
7898436141540,TINTA SPRAY USO GERAL BR FOSCO 400ML CHEMICOLOR,,0,32082011,83000000,UN,2026-09-10T14:21:19Z,25.9,25.9
7898436140635,TINTA SPRAY USO GERAL VD ESCURO 400ML CHEMICOLOR,,0,32082011,83000000,UN,2026-09-12T12:14:06Z,25.9,25.9
7898436140628,TINTA SPRAY USO GERAL PT FOSCO 400ML CHEMICOLOR,T SPRAY USO G PT FOSCO 400ML CHEMICOLO 1X400ML CHEMICOLOR,7898436140628,32082011,83000000,UN,2026-09-15T17:46:11Z,25.9,25.9
7898436140628,TINTA SPRAY USO GERAL PT FOSCO 400ML CHEMICOLOR,,0,32082011,83000000,UN,2026-09-13T19:18:16Z,25.9,25.9
7898436140611,TINTA SPRAY USO GERAL PT BRILHO  400ML CHEMICOLOR,T SPRAY USO G PT BRILHANTE 400ML CHEMICO 1X400ML CHEMICOLOR,7898436140611,32082011,83000000,UN,2026-09-14T21:36:21Z,25.9,25.9
7898436140611,TINTA SPRAY USO GERAL PT BRILHO  400ML CHEMICOLOR,,0,32082011,83000000,UN,2026-09-14T12:11:14Z,25.9,25.9
7898436140604,TINTA SPRAY USO GERAL GRAFITE 400ML CHEMICOLOR,T SPRAY USO G GRAFITE 400ML CHEMICOLOR 1X400ML CHEMICOLOR,7898436140604,32082011,83000000,UN,2026-09-14T13:31:51Z,25.9,25.9
7898436140598,TINTA SPRAY USO GERAL DOURADO 400ML CHEMICOLOR,,0,32082011,83000000,UN,2026-09-15T16:21:36Z,25.9,25.9
7898436140567,TINTA SPRAY USO GERAL AM 400ML CHEMICOLOR,TINTA SPRAY USO G AM 400ML CHEMICOLOR 1X400ML CHEMICOLOR,7898436140567,32082011,83000000,UN,2026-09-13T18:22:14Z,25.9,25.9
7898436140567,TINTA SPRAY USO GERAL AM 400ML CHEMICOLOR,,0,32082011,83000000,UN,2026-09-14T12:11:14Z,25.9,25.9
32245,SPRAY PRETO BRILHOSO ALTA TEMPERATURA TEKBOND,TINTA TEKBON AEROSSOL PRETO ALTA TEMPERATURA PRETO BRILHANTE 350ML,7898543381167,32082019,83000000,UN,2026-09-11T14:33:46Z,25.98,25.98
3527,TINTAX ACR INT BRANCO NEVE 3L,,0,32091010,83000000,UN,2026-09-10T18:09:02Z,26.0,26.0
945,TINTA SPRAY PRATA METALICO,,0,32082019,83000000,UN,2026-09-15T13:33:42Z,26.0,26.0
000258,TINTA SPRAY CROMADO CHEMICOLO,T SPRAY METALICA CROMADO 400ML CHEMICOLO 1X400ML CHEMICOLOR,7898436140178,32082011,83000000,UN,2026-09-10T18:22:29Z,26.0,26.0
1064,TINTA SPRAY USO G 350ML PT TEK BOND,,0,32082019,83000000,UN,2026-09-15T14:30:50Z,26.0,26.0
7898543381167,TINTA SPRAY PRETO ALTA TEMP. 350ML TEKBOND,,0,32082019,83000000,UN,2026-09-09T19:01:26Z,28.9,26.01
7891153032047,TINTA FOSCA P ARTESA,,0,32091010,83000000,UN,2026-09-11T15:50:08Z,27.9,26.058
10343,SPRAY CHEMICOLOR ALTA TEMPERATURA BRANCO FOSCO 350ML,TINTA SPRAY CHEMICOLOR ALTA TEMP.BRANCO FOSCO 350ML - BASTON,7898436146149,32082011,83000000,UND,2026-09-12T13:27:36Z,29.0,26.1
11602,"TINTA PISO PREMIUM NOVOPISO PRETO FOSCO POTE 0,9L HYDRONORTH",,7896257582139,32091010,83000000,LT,2026-09-11T12:55:38Z,26.4,26.4
000100515,TINTA SPRAY BRANCO FOSCO ALTA T. 400ML LUX,,0,32082011,83000000,UN,2026-09-09T18:03:22Z,26.5,26.5
12097,"TINTA ECOMAX LATEX 3,0 LT BRANCO TOTAL GL QTD. 24.00 GL",,7898480534749,32091010,83000000,GL,2026-09-14T10:24:44Z,30.0,26.57
7465,TINTA SPRAY ESM. ORBI ALUMINIO 340ML 6695,,0,32082011,83000000,UN,2026-09-11T17:15:09Z,29.95,26.76
7891323104406,TINTA SPRAY VM METAL 400ML USO GERAL COLORGIN,,0,32082019,83000000,UN,2026-09-14T12:11:14Z,26.9,26.9
355164,SPRAY ALTA TEMP 350ML BRANCF CHEMICOLOR,TINTA SPRAY CHEMICOLOR ALTA TEMP.BRANCO FOSCO 350ML - BASTON,7898436146149,32082011,83000000,LT,2026-09-13T13:50:23Z,26.9,26.9
35,Tinta Spray 400ml Luminosa Pink Chemicolor,TINTA SPRAY CHEMICOLOR LUMINOSA PINK 400ML - BASTON,7898436141724,32082011,83000000,UN,2026-09-11T13:51:29Z,27.0,27.0
985829,"TINTA ESM BR 0,75L SEC RAP VM/GO CORAL LT0001LT",,7891019920884,32081010,83000000,LT,2026-09-10T13:11:23Z,53.99,27.0
985833,"TINTA ESM BR 0,75L SEC RAP VD/FOLH CORAL LT0001LT",,7891019920921,32081010,83000000,LT,2026-09-13T14:54:32Z,53.99,27.0
18936,TEKBOND TINTA SPRAY USO GERAL DOURADO 350ML,"TINTA SPRAY USOGERAL DOURADO 350ML - TEKBOND,ONU 1950,AEROSOIS - PIRETROIDES,SUBCLASSE 2.1,(CLASSE 2",7898543380962,32082019,83000000,UND,2026-09-10T18:24:27Z,27.0,27.0
462,MASSA CORRIDA SC 10KG HIDROTINTAS,MASSA CORRIDA SC 10KG HIDROTINTAS SC C/10KG,7899010485746,32091010,83000000,KG,2026-09-10T16:36:58Z,27.0,27.0
1778,"ACR INTERIOR FOSCO BCO 3,6L TINTAX",,0,32091010,83000000,ND,2026-09-12T13:11:10Z,27.0,27.0
3815,"TINTA INT ECONOMICA 3,6L BANCO NEVE - ARACOR",,7890000054270,32091010,83000000,UN,2026-09-10T16:57:13Z,27.0,27.0
3295,TINTA SPRAY 350ML MET DOURADA CHEMICOLOR,,0,32082011,83000000,UN,2026-09-14T17:29:21Z,27.0,27.0
6208,TINTA SPRAY MET 350ML PT TEK BOND,,0,32082019,83000000,UN,2026-09-10T17:01:56Z,27.0,27.0
2898,TINTA AEROSSOL PRATA METALICO 350ML 2336,TINTA AEROSSOL PRATA METALICO USO GERAL 350ML/250G COD 23361006900,7898543381273,32082019,83000000,UN,2026-09-09T14:18:05Z,27.2,27.2
1778,TINTA SPRAY ALTA TEMP.ALUMINIO 350ML - TEKBOND,,0,32082019,83000000,UN,2026-09-12T13:43:24Z,29.84,27.2
7898436146149,SPRAY BRANCO FOSCO ALTA TEMPERATURA CHEMICOLOR,TINTA SPRAY CHEMICOLOR ALTA TEMP.BRANCO FOSCO 350ML - BASTON,7898436146149,32082011,83000000,UN,2026-09-15T13:58:47Z,29.15,27.25
001869,TINTAX ACR ECONOMICO INT CINZA S PAULO GALAO,,9000000005709,32091010,83000000,UN,2026-09-13T12:03:29Z,29.0,27.47
48664,"TINTA COLORIR 3,0L MEL ALUX",,7908147621757,32091010,83000000,GL,2026-09-12T20:24:30Z,54.99,27.5
48776,"TINTA COLORIR 3,0L CZ.SERENO LUX",,7908147621702,32091010,83000000,UN,2026-09-15T11:51:15Z,54.99,27.5
355176,SPRAY METALICA 400ML PRETO CHEMICOLOR UND,TINTA SPRAY MET PT 400ML CHEMICOLOR UN C/400ML,7898436140215,32082011,83000000,LT,2026-09-09T21:38:39Z,27.9,27.9
4072,TINTA LATEX DURAMAIS BRANCO GELO 3L LUX D OK,,7908147621023,32091010,83000000,UN,2026-09-11T13:07:18Z,27.9,27.9
7891153032054,TINTA FOSCA P ARTESA,,0,32091010,83000000,UN,2026-09-15T20:35:13Z,27.9,27.9
1744,TINTA SPRAY DOURADO METALICO 350ML/250G TEKBOND,,0,32082019,83000000,UN,2026-09-15T11:08:14Z,29.39,27.93
2177,*TINTA ESMALTE STAND 900ML BCA UNIVERSO,,17891696008308,32081010,83000000,CX,2026-09-09T17:59:23Z,28.0,27.98
7036,TINTA SPRAY PT FO 350ML U.GERA - TEKBOND,,0,32082019,83000000,UN,2026-09-09T21:04:52Z,27.99,27.99
00818,COLORGIN ARTE URBANA AMARELO LIMAO 400ML 914,TINTA SPRAY AM LIMAO 400ML ARTE URBANA COLORGIN,7891494009142,32082019,83000000,400ML,2026-09-09T17:13:22Z,27.99,27.99
00840,COLORGIN ARTE URBANA BRANCO 400ML 944,TINTA SPRAY BR 400ML ARTE URBANA COLORGIN,7891494009449,32082019,83000000,400ML,2026-09-09T17:13:22Z,27.99,27.99
498,DIALINE - SECA RAPIDO - CINZA MEDIO 225 ML,"DIALINE-ESM SEC RAP CZA MEDIO 225 ML -> COD.ONU: 1263 CL.RISCO: 3,0 GR.EMB: III TINTA CONTENDO SOLVENTE ORGANICO.",7892948012602,32081010,83000000,UN,2026-09-14T14:03:46Z,28.0,28.0
00863,COLORGIN ARTE URBANA MAGENTA 400ML 918,TINTA SPRAY MAGENTA 400ML ARTE URBANA COLORGIN,7891494009180,32082019,83000000,400ML,2026-09-14T17:33:04Z,28.0,28.0
1306,T SPRAY 400ML A. TEMP BR FOSCO C6 CHEMI,TINTA SPRAY CHEMICOLOR ALTA TEMP.BRANCO FOSCO 350ML - BASTON,7898436146149,32082011,83000000,UN,2026-09-13T15:38:44Z,28.0,28.0
2578,TINTA DANLAR INTERNA BRANCO GELO 3L DANTEX,,0,32089010,83000000,UN,2026-09-10T20:11:02Z,29.99,28.0
0008040,"ACR INTERIOR FOSCO BRANCO 3,0L TINTAX",,9000000005334,32091010,83000000,GL,2026-09-09T20:02:23Z,28.0,28.0
2131,T SPRAY 400ML MET PRATA C/6 CHEMICOLOR,TINTA SPRAY METALICA PR 400ML CHEMICOLOR 1X400ML CHEMICOLOR,7898436142639,32082011,83000000,UN,2026-09-11T19:20:01Z,28.0,28.0
002831,TINTA SPRAY LUMINOSA 400ML MAGENTA CHEMICOLOR*,T SPRAY LUMINOSA MAGENTA 400ML CHEMICOLO 1X400ML CHEMICOLOR,7898436142196,32089010,83000000,UN,2026-09-10T16:28:45Z,28.0,28.0
0000237,TINTA SPRAY 350ML PT FOSCO ALT - CHEMICOLOR,,7890000002370,32082011,83000000,UN,2026-09-12T16:27:57Z,28.0,28.0
6432,TINTAX ACR INTERIOR FOSCO GELO 3L,,0,32091010,83000000,UN,2026-09-15T20:51:10Z,28.0,28.0
10560,SPRAY ALTA TEMP PRETO FOSCO 350ML TEKBOND,TINTA SPRAY SUPER COLOR PRETO FOSCO ALTA TEMPERATURA 350ML TEKBOND REF: 38234,7898543382348,32082019,83000000,UN,2026-09-12T15:48:16Z,28.0,28.0
3357,"ESMALTE VERDE LIMAO 0,75L BELLA TINTAS BELLA",,0,32081010,83000000,UN,2026-09-15T11:34:49Z,28.0,28.0
12643,TINTA ALTA TEMPERATURA PRETO FOSCO 350ML,TINTA SPRAY SUPER COLOR PRETO FOSCO ALTA TEMPERATURA 350ML TEKBOND REF: 38234,7898543382348,32082019,83000000,UN,2026-09-10T20:58:59Z,28.0,28.0
000100352,TINTA SPRAY PRETO FOSCO ALTA T. 400ML LUX,,0,32082011,83000000,UN,2026-09-12T14:51:54Z,28.0,28.0
CFOP5405,TINTA ACRILICA SOFT 3L BRANCO NEVE MEGAO,,7898701773919,32091010,83000000,GL,2026-09-14T18:55:34Z,30.0,28.14
876,THINNER PU 8000 # # ONU 1263 QUANT.LTDA MATERIAL RELACIONADO COM TINTAS 3 II,,0,38140090,83000000,UN,2026-09-10T18:48:43Z,28.6,28.41
4714,TINTA ANTI MOFO BRANCO 3L TINTAX OK,,0,32091010,83000000,UN,2026-09-10T12:20:27Z,29.99,28.5
2138,THINNER 8000 PU FARBEN 900ML,THINNER PU 8000 ONU 1263 QUANT.LTDA MATERIAL RELACIONADO COM TINTA,7899381687480,38140090,83000000,UN,2026-09-11T19:54:27Z,30.0,28.714444444444446
07898543382348,TINTA SPRAY PT FO A.TEMP 350ML - TEKBOND,TINTA SPRAY SUPER COLOR PRETO FOSCO ALTA TEMPERATURA 350ML TEKBOND REF: 38234,7898543382348,32082019,83000000,UN,2026-09-14T13:09:43Z,32.0,28.8
285,TINTA SPRAY USO GERAL VIOLETA ESCURO 400ml CHEMICOLOR,TINTA SPRAY USO G 400ML VIOLETA ESCUR CH UN C/400ML,7898436147825,32082011,83000000,UN,2026-09-15T17:50:45Z,29.99,28.85
1112,MASSA POLIESTER # # ONU 1263 QUANT.LTDA TINTA 3 II,,0,32149000,83000000,UN,2026-09-11T13:55:01Z,28.9,28.9
9000000005334,"LATEX 3,0L BRANCO TINTAX",,0,32091010,83000000,UN,2026-09-12T14:51:58Z,31.99,28.95
991359,"TINTA BASE ACR FC LT0,8L DURAVEL C IQUIN LT0001LT - NEI NEI",,7892948048328,32091010,83000000,LT,2026-09-13T13:31:17Z,28.99,28.99
296014,"TINTA BASE ACR FC 0,8L MASTER T CORAL LT0001LT",,7891019994014,32091010,83000000,LT,2026-09-09T20:15:33Z,28.99,28.99
1007,TINTA SOLVENTEX ZARCAO 0.90L PRETA,,0,32089010,83000000,PC,2026-09-14T17:09:12Z,29.0,29.0
1249,TINTA SOLVENTEX ZARCAO 0.90L CINZA,,0,32089010,83000000,UND,2026-09-12T13:27:38Z,29.0,29.0
001931,TINTAX ACR ECONOMICO INT CINZA EUROPA GALAO,,0,32091010,83000000,UN,2026-09-13T14:11:02Z,29.0,29.0
761,TINTA SPRAY MET 400ML CHEMICOLOR,T SPRAY METALICA OURO CLAS 400ML CHAMICO 1X400ML CHEMICOLOR,7898436142677,32082011,83000000,UN,2026-09-14T19:46:37Z,29.0,29.0
5852,TINTA SPRAY 400ML MET CROMADA CHEMICOLOR,T SPRAY METALICA CROMADO 400ML CHEMICOLO 1X400ML CHEMICOLOR,7898436140178,32082011,83000000,UN,2026-09-11T22:07:49Z,29.0,29.0
5498,TINTA SPRAY MET 350ML PR TEK BOND,,0,32082019,83000000,UN,2026-09-11T21:24:54Z,29.0,29.0
008690,TINTA INT ECONOMICA 3L BRANCO NEVE - ARACOR,,12935,32091010,83000000,UN,2026-09-11T20:08:02Z,35.0,29.0
7898436140826,TINTA SPRAY ALUMINIO ALTA TEMPERATURA CHEMICOLOR,TINTA SPRAY U. GERAL ALTA TEMPERATURA 350ML ALUMINIO CHEMICOLOR,7898436140826,32082011,83000000,UN,2026-09-12T15:25:48Z,29.15,29.04
7898436146149,SPRAY BRANCO ALTA TEMP 350ML CHEMICOLOR,TINTA SPRAY CHEMICOLOR ALTA TEMP.BRANCO FOSCO 350ML - BASTON,7898436146149,32082019,83000000,UN,2026-09-10T16:53:12Z,30.0,29.1
7896011703565,TINTA DECORFIX BRILH,,0,32091010,83000000,UN,2026-09-15T19:57:59Z,29.5,29.5
7898543382348,TINTA SPRAY 350ML PRETO FOSCO ALTA TEMP. TEK BOND,,0,32082019,83000000,UN,2026-09-15T11:56:12Z,32.9,29.61
11602,"TINTA PISO PREMIUM NOVOPISO PRETO FOSCO POTE 0,9L HYDRONORTH",,7896257582139,32091010,83000000,LT,2026-09-10T18:51:12Z,29.7,29.7
7891153041957,TINTA P TECIDO 250M,,0,32091010,83000000,UN,2026-09-11T16:24:17Z,29.7,29.7
7891323104505,TINTA SPRAY BR BRASTEMP 400ML USO GERAL GE COLORGI,TINTA SPRAY BR BRASTEMP 400ML USO GERAL GE COLORGI,7891323104505,32082019,83000000,UN,2026-09-11T23:25:25Z,29.9,29.9
7891323104505,TINTA SPRAY BR BRASTEMP 400ML USO GERAL GE COLORGI,,0,32082019,83000000,UN,2026-09-12T15:43:37Z,29.9,29.9
7891323104505,TINTA SPRAY BR BRASTEMP 400ML USO GERAL GE COLORGI,,0,32082019,83000000,UN,2026-09-13T16:16:38Z,29.9,29.9
7898543388180,TINTA AEROSOL ROSE GOLD METALICO 350ML/250G,,0,32082019,83000000,UN,2026-09-14T18:45:57Z,29.9,29.9
365086,HIDROTINTAS BRILHO E COR 3L AM OURO** UN,,7899010488211,32091010,83000000,UN,2026-09-11T20:46:19Z,29.9,29.9
17381,TINTA PVA FOSCA 250ML VERDE BANDEIRA,TINTA FOSCA PARA ARTESANATO ACRILEX 250ML VERDE,7891153015040,32091010,83000000,UN,2026-09-12T13:52:56Z,29.99,29.99
14641,PRIMER PU CINZA 5X1 #  # ONU 1263 TINTA 3 II,PRIMER PU CINZA 5X1 S/CAT (513.210) 750ML FARBEN,7899802300158,32149000,83000000,UN,2026-09-10T13:39:27Z,29.99,29.99
422,"ACR INTERIOR FOSCO ROSA BEBE 3,0L TINTAX",,0,32091010,83000000,GL,2026-09-09T16:57:03Z,30.0,30.0
675,"ACR INTERIOR FOSCO BRANCO 3,0L TINTAX",,0,32091010,83000000,GL,2026-09-09T16:57:03Z,30.0,30.0
000232,TINTA LTX 3L VERDE CAMPINA LUX,,7895632369808,32091010,83000000,UN,2026-09-13T12:26:57Z,35.0,30.0
002523,"TINTA LTX 3,6L BRANCO NEVE ARACOR",,7890000054270,32091010,83000000,UN,2026-09-11T19:21:31Z,30.0,30.0
7029,"ACR INTERIOR FOSCO PRETO 3,0L TINTAX",,0,32091010,83000000,UND,2026-09-14T20:52:43Z,30.0,30.0
459,TINTA GL 3L MIL,,0,32091010,83000000,UN,2026-09-11T12:56:49Z,30.0,30.0
217,ZARCAO CINZA 900ML -ALPAR-PERNAMBUCO,ZARCAO CINZA PERNAMBUCO TINTAS E SOLVENTES 900ML,7898929326768,32089010,83000000,MR,2026-09-15T13:17:16Z,36.0,30.0
84,ZARCAO QUARTO 09L CINZA ZARCOTEX,ZARCAO TINTA OXIDO METALICO PT FOSCO 0.9ML ZARCOTEX SOLVENTEX,7897723405877,32089010,83000000,UN,2026-09-10T17:50:34Z,32.0,30.0
306,TINTA PRETO HIPERLAR 900ML,,0,32081010,83000000,UN,2026-09-11T14:26:00Z,30.0,30.0
1486,MASSA POLIESTER FARBEN 900G,MASSA POLIESTER. ONU 1263 QUANT.LTDA TINTA 3 II 21.6 KG,7899381661497,32149000,83000000,UN,2026-09-15T19:45:44Z,30.0,30.0
109,TINTA ESM FREVOLIT 1/4 750ML PRETO UN QTD. 4.00 UN,,7890000001090,32081010,83000000,UN,2026-09-11T21:07:27Z,30.0,30.0
110,TINTA ESM FREVOLIT 1/4 750ML BRANCO NEVE UN QTD. 4.00 UN,,7890000001106,32081010,83000000,UN,2026-09-11T21:06:11Z,30.0,30.0
111,TINTA ESM FREVOLIT 1/4 750ML AZUL DELREY UN QTD. 9.00 UN,,7890000001113,32081010,83000000,UN,2026-09-11T21:04:59Z,30.0,30.0
906,TINTA MANIPULADA PU 14 SHERWIN - WILLIAMS,,0,32089010,83000000,UN,2026-09-14T17:45:22Z,30.0,30.0
4397,SPRAY 400ML METALICA PRETO CHEMICOLOR,TINTA SPRAY MET PT 400ML CHEMICOLOR UN C/400ML,7898436140215,32082011,83000000,UN,2026-09-12T12:10:41Z,30.0,30.0
9912,"TINTA MIRACOR INT 3,0L BRANCO",,0,32091010,83000000,GL,2026-09-14T19:55:53Z,31.9,30.09
1048,ZARCAO PRETO 900ML - PERNAMBUCO,ZARCAO PRETO PERNAMBUCO TINTAS E SOLVENTES 900ML,7898929326911,32089010,83000000,MR,2026-09-11T21:10:22Z,36.0,30.32
234,BP PRATA BARI MET. FIAT 0316 SKYLACK 900ML,"TINTA SKYLACK BP PRATA BARI MET. FIAT 0316 0,900L",7898910510022,32081010,83000000,UN,2026-09-15T20:46:02Z,36.0,30.52
08320,SPRAY AUTOMOTIVO BRANCO ACABAMENTO (906) 300ML LAZZURIL,TINTA SPRAY AUTOM 300ML BRANCO ACABAMENTO COLORGIN,7891452228196,32089010,83000000,UND,2026-09-14T21:06:06Z,30.6,30.6
18325,TINTA SPRAY NORDESTIN ALTA TEMPERATURA PRETO FOSCO 350ML,,74468050839,32082019,83000000,UND,2026-09-12T13:08:14Z,34.0,30.6
013676,"TINTA PARA PISO GA 3,6 LTS COR 000025PRE","TINTA PARA PISO - GA 3,6 LTS COR 000025-PRETO",7899173400921,32091010,83000000,LT,2026-09-11T14:37:43Z,40.0,30.77
32319,TINTA AER DOURADO METALICO 350ML - 1X350ML,TINTA AEROSSOL DOURADO METALICO 350 ML/250G REF 23291006900,7898543381204,32082019,83000000,UN,2026-09-14T18:37:13Z,30.9,30.9
32046,TINTA AER ALUMINIO ALTA TEMP 350ML - 1X350ML,TINTA AEROSSOL ALUMINIO ALTA TEMPERATURA 350ML/250G COD 23261006900,7898543381174,32082019,83000000,UN,2026-09-14T17:30:04Z,30.9,30.9
32317,TINTA AER CROMADO METALICO 350ML - 1X350ML,TINTA AEROSSOL CROMADO METALICO 350ML / 250G COD 232810069000,7898543381198,32082019,83000000,UN,2026-09-15T15:56:23Z,30.9,30.9
32319,TINTA AER DOURADO METALICO 350ML - 1X350ML,TINTA AEROSSOL DOURADO METALICO 350 ML/250G REF 23291006900,7898543381204,32082019,83000000,UN,2026-09-11T15:49:58Z,30.9,30.9
32358,TINTA AER PT ALTA TEMP 350ML - 1X350ML,TINTA TEKBON AEROSSOL PRETO ALTA TEMPERATURA PRETO BRILHANTE 350ML,7898543381167,32082019,83000000,UN,2026-09-15T16:28:13Z,30.9,30.9
32046,TINTA AER ALUMINIO ALTA TEMP 350ML - 1X350ML,TINTA AEROSSOL ALUMINIO ALTA TEMPERATURA 350ML/250G COD 23261006900,7898543381174,32082019,83000000,UN,2026-09-12T14:41:00Z,30.9,30.9
32319,TINTA AER DOURADO METALICO 350ML - 1X350ML,TINTA AEROSSOL DOURADO METALICO 350 ML/250G REF 23291006900,7898543381204,32082019,83000000,UN,2026-09-15T21:00:49Z,30.9,30.9
7898543382348,TINTA SPRAY ALTA TEMP PRETO FOSCO TEK BOND,TINTA SPRAY SUPER COLOR PRETO FOSCO ALTA TEMPERATURA 350ML TEKBOND REF: 38234,7898543382348,32082019,83000000,un,2026-09-15T20:01:50Z,31.0,31.0
9163,TINTA STARLUX 750ML VERMELHO,,0,32081010,83000000,QT,2026-09-15T14:20:37Z,31.9,31.21
8912,TINTA STARLUX 750ML BRANCO,,0,32081010,83000000,QT,2026-09-11T12:08:14Z,31.9,31.4
1217,"TINTA AMARELO MANGA 3,6L - MEGAO",,0,32091010,83000000,UN,2026-09-10T20:59:26Z,32.0,31.5
2416,TINTA SPRAY ALUM ALT. TEMP. NORDESTIN,,7890000024167,32082019,83000000,UN,2026-09-15T19:40:13Z,31.5,31.5
9589,TINTA STARLUX 750ML AZUL MAR,,0,32081010,83000000,QT,2026-09-11T11:49:07Z,31.9,31.9
100725,"ACR INTERIOR FOSCO GELO 3,0L TINTAX",,9000000006102,32091010,83000000,UN,2026-09-12T16:39:56Z,31.9,31.9
7898436140680,TINTA SPRAY FUNDO PREP.CZ 400ML CHEMICOLOR,,0,32082011,83000000,UN,2026-09-12T17:58:16Z,31.9,31.9
7898436140680,TINTA SPRAY FUNDO PREP.CZ 400ML CHEMICOLOR,TINTA SPRAY CHEMICOLLOR 400ML FUNDO PREPARADOR GERAL CINZA,7898436140680,32082011,83000000,UN,2026-09-11T15:25:27Z,31.9,31.9
7891323110902,TINTA SPRAY BR 300ML ALTA TEMPERATURA COLORGIN,,0,32089010,83000000,UN,2026-09-09T23:16:42Z,31.9,31.9
9344,TINTA STARLUX 750ML MARFIM,,0,32081010,83000000,QT,2026-09-15T14:37:25Z,31.9,31.9
8920,TINTA STARLUX 750ML PRETO,,0,32081010,83000000,QT,2026-09-13T10:53:47Z,31.9,31.9
7898436140826,TINTA SPRAY ALUMINIO P/ALTA TEMP 350ML CHEMICOLOR,,0,32082011,83000000,UN,2026-09-13T18:59:05Z,31.9,31.9
7898436140703,TINTA SPRAY USO GERAL VERNIZ 400ML CHEMICOLOR,,0,32082011,83000000,UN,2026-09-11T21:17:35Z,31.9,31.9
7898436140680,TINTA SPRAY FUNDO PREP.CZ 400ML CHEMICOLOR,TINTA SPRAY CHEMICOLLOR 400ML FUNDO PREPARADOR GERAL CINZA,7898436140680,32082011,83000000,UN,2026-09-12T16:12:27Z,31.9,31.9
2318,TINTA SPRAY 350ML MET CROMADA NORDESTIN,,7890000023184,32082019,83000000,UN,2026-09-15T19:40:13Z,31.9,31.9
51018,ESM.SINT.PT FOSCO 225ML DIALINE IQUINE,TINTA ESMALTE DIALINE PRETO FOSCO 200G IQUINE,7892948012633,32081010,83000000,UN,2026-09-11T11:17:12Z,31.99,31.99
2741,TINTA AEROSSOL PRETO FOSCO ALTA TEMPERATURA 350ML  250G,TINTA SPRAY SUPER COLOR PRETO FOSCO ALTA TEMPERATURA 350ML TEKBOND REF: 38234,7898543382348,32082019,83000000,UN,2026-09-11T17:02:44Z,31.99,31.99
676,"ACR INTERIOR FOSCO GELO 3,0L TINTAX",,0,32091010,83000000,GL,2026-09-15T20:08:46Z,32.0,32.0
744,"ACR INTERIOR FOSCO MARFIM 3,0L TINTAX",,0,32091010,83000000,GL,2026-09-12T13:16:11Z,32.0,32.0
1359,TINTA ACR INTERIOR 3L BRANCO FOSCO TINTAX,,0,32091010,83000000,UN,2026-09-12T14:33:07Z,34.0,32.0
08320,SPRAY AUTOMOTIVO BRANCO ACABAMENTO (906) 300ML LAZZURIL,TINTA SPRAY AUTOM 300ML BRANCO ACABAMENTO COLORGIN,7891452228196,32089010,83000000,UND,2026-09-11T19:12:23Z,36.0,32.0
2070,ZARCAO FUNDO HIDROFER CZ KG HIDROTINTAS,,0,32081010,83000000,UN,2026-09-11T17:10:07Z,32.0,32.0
236,Esmalte Azul del rey Glasu 900ml,TINTA ESMT. SINT.SUVINIL GLASURIT KG AZUL DEL REY,7891260059487,32081010,83000000,UN,2026-09-14T12:52:06Z,32.0,32.0
7266,TINTA SPRAY CROM METALICO 350M - TEKBOND,,0,32082019,83000000,UN,2026-09-15T21:21:29Z,32.0,32.0
7818,TINTA LATEX INT DEMAIS 3L BR NEVE HIDROT,,7899010489010,32091010,83000000,GL,2026-09-10T16:57:19Z,32.0,32.0
9924,Zarcao Preto 900ml/ Starlux /,"TINTA STARLUX ZARCAO PRETO 0,9L",7898482121770,32081010,83000000,UN,2026-09-12T16:38:33Z,32.0,32.0
102,ESMALTE MAZA VERDE FOLHA 900ML,TINTA MAZA 900ML ESMALTE VERDE FOLHA,7898289932555,32081010,83000000,MR,2026-09-10T21:00:59Z,38.0,32.0
4002,"ACR INTERIOR FOSCO BRANCO 3,0L TINTAX",,0,32091010,83000000,GL,2026-09-09T17:20:30Z,32.0,32.0
107,ESMALTE MAZA AZUL FRANCA 900ML,TINTA ESM SINT AZ FRANCA 900ML 1X900ML MAZA,7898289932951,32089010,83000000,LT,2026-09-09T19:52:37Z,38.0,32.15
3504,ESMALTE MAZA AMARELO 900ML,TINTA ESM SINT AMARELO 900ML MAZA,7899228231777,32081010,83000000,UN,2026-09-09T19:52:37Z,38.0,32.15
864,ESMALTE MAZA PRETO BRILHANTE 900ML,TINTA ESM SINT PT 900ML 1X900ML MAZA,7898289931589,32089010,83000000,UN,2026-09-09T19:52:37Z,38.0,32.15
24621,"TINTA LUXCRIL 3,6L AZ.OCEANIA LUX",,7908147620569,32091010,83000000,UN,2026-09-14T13:51:59Z,64.99,32.5
105,ESMALTE MAZA CINZA MEDIO 900ML,TINTA ESM SINT CZ MEDIO 900ML 1X900ML MAZA,7898289933071,32081010,83000000,LT,2026-09-14T10:41:50Z,38.0,32.74
32382,TINTA AER RS FLUOR 350ML - 1X350ML,TINTA AEROSSOL ROSA FLOURESCENTE 350ML/250G COD 2324106900,7898543381150,32082019,83000000,UN,2026-09-09T17:47:45Z,32.9,32.9
905135,TINTA SPRAY MET 400ML OU CHEMICOLOR,T SPRAY METALICA OURO 400ML CHEMICOLOR 1X400ML CHEMICOLOR,7898436140208,32082011,83000000,SP,2026-09-09T20:23:32Z,32.99,32.99
715,"HIPERLAR ESM SINT PRETO 750ML -> COD.ONU: 1263 CL.RISCO: 3,0 GR.EMB: III TINTA CONTENDO SOLVENTE ORG",,0,32081010,83000000,UN,2026-09-11T13:46:07Z,33.0,33.0
716,"HIPERLAR ESM SINT BCO NEVE 750ML -> COD.ONU: 1263 CL.RISCO: 3,0 GR.EMB: III TINTA CONTENDO SOLVENTE",,0,32081010,83000000,UN,2026-09-09T17:07:53Z,33.0,33.0
105,ESMALTE MAZA CINZA MEDIO 900ML,TINTA ESM SINT CZ MEDIO 900ML 1X900ML MAZA,7898289933071,32081010,83000000,LT,2026-09-09T18:25:24Z,38.0,33.0
8113,"TINTA INT PALHA 3,0L LPRO TINTAS LUX",,0,32091010,83000000,GL,2026-09-10T20:08:39Z,33.0,33.0
000106152,TINTA INT/ACR FC BR/NEVE TINTAX 3LTS MIRACOR GALAO,,0,32091010,83000000,UN,2026-09-14T14:13:17Z,33.0,33.0
36298,TINTA AEROSOL DOURADO METALICO 350ML,TINTA AEROSSOL DOURADO METALICO 350 ML/250G REF 23291006900,7898543381204,32082019,83000000,UN,2026-09-09T14:18:05Z,33.15,33.15
01023,ESMALTE PREMIUM CORALIT ULTRA RESISTENCIA OURO BRILHANTE 225ML CORAL,"TINTA ESM BR 0,225L CORALIT OU CORAL LT0001LT",7891019173662,32089010,83000000,UND,2026-09-14T17:52:00Z,33.3,33.3
000200076,"TINTA BELLA ACRIL INTERIOR 3,0L BRANCO",,0,32091010,83000000,GAL,2026-09-11T15:29:02Z,36.9,33.3
037816,TINTA SPRAY TEK BOND 350ML OURO METALICO,TINTA AEROSSOL OURO METALICO 350 ML/250G REF 23351006900,7898543381266,32082019,83000000,UND,2026-09-10T18:39:44Z,33.4,33.4
00490,VIDA SERENA 03YY 59/088 RENDE MUITO PM LT E5.05.77,TINTA BASE ACR FC 1/4 REND MUIT CS PM LT0001LT - ROSA VALENTIM,7891019170661,32091010,83000000,UN,2026-09-14T14:51:05Z,33.5913,33.59
1379,ESMALTE BRANCO BRILHANTE 900ML -MAZA,TINTA ESM SINT BR 900ML 1X900ML MAZA,7898289930612,32081010,83000000,UN,2026-09-10T18:46:51Z,35.0,33.63
7898436140833,TINTA SPRAY PT FOSCO P/ALTA TEMP 350ML CHEMICOLOR,,0,32082011,83000000,UN,2026-09-13T19:55:18Z,33.9,33.9
7891323104659,TINTA SPRAY AZ COLONIAL 400ML USO GERAL COLORGIN,,0,32082019,83000000,UN,2026-09-15T00:02:56Z,33.9,33.9
7898436140833,TINTA SPRAY PT FOSCO P/ALTA TEMP 350ML CHEMICOLOR,T SPRAY ALTA TEMP PT FOSCO 350ML CHEMIC 1X350ML CHEMICOLOR,7898436140833,32082011,83000000,UN,2026-09-14T21:32:54Z,33.9,33.9
7898436140833,TINTA SPRAY PT FOSCO P/ALTA TEMP 350ML CHEMICOLOR,,0,32082011,83000000,UN,2026-09-13T15:57:05Z,33.9,33.9
7898436140833,TINTA SPRAY PT FOSCO P/ALTA TEMP 350ML CHEMICOLOR,T SPRAY ALTA TEMP PT FOSCO 350ML CHEMIC 1X350ML CHEMICOLOR,7898436140833,32082011,83000000,UN,2026-09-11T12:33:36Z,33.9,33.9
00490,CALOR DO DESERTO 70YR 56/190 RENDE MUITO PM LT 4596,TINTA BASE ACR FC 1/4 REND MUIT CS PM LT0001LT - ROSA VALENTIM,7891019170661,32091010,83000000,UN,2026-09-11T11:41:46Z,33.9274,33.93
898503,TINTA SPRAY MET 400ML DO CHEMICOLOR,T SPRAY METALICA DOURADA 400ML CHEMICOLO 1X400ML CHEMICOLOR,7898436146118,32082011,83000000,SP,2026-09-13T16:18:36Z,33.99,33.99
898499,TINTA SPRAY A TEMP 350ML PT/FC CHEMICOLO SP0001SP,T SPRAY ALTA TEMP PT FOSCO 350ML CHEMIC 1X350ML CHEMICOLOR,7898436140833,32082011,83000000,SP,2026-09-11T21:57:32Z,33.99,33.99
898504,TINTA SPRAY MET 400ML OU/CLAS CHEMICOLOR SP0001SP,T SPRAY METALICA OURO CLAS 400ML CHAMICO 1X400ML CHEMICOLOR,7898436142677,32082011,83000000,SP,2026-09-10T12:04:20Z,33.99,33.99
2424,TINTA LTX DURA + INT NEVOA 3L C/4 LUX,,7908147621429,32091010,83000000,PT,2026-09-15T14:00:18Z,35.0,34.0
3107,TINTA SPRAY 400ML MET PRATA C/6 CHEMICOLOR,TINTA SPRAY METALICA PR 400ML CHEMICOLOR 1X400ML CHEMICOLOR,7898436142639,32082011,83000000,PT,2026-09-10T19:24:15Z,34.0,34.0
18974,TINTA SPRAY PRATA METALICO 350 ML/250G TEK BOND,TINTA AEROSSOL PRATA METALICO USO GERAL 350ML/250G COD 23361006900,7898543381273,32082019,83000000,UND,2026-09-15T10:56:39Z,34.0,34.0
6055464,TINTA ESMALTE PRETO BRILHANTE 750ML MIRALIT,,0,32089010,83000000,Lata,2026-09-14T16:57:11Z,34.2,34.2
8977,TINTA ESMT AREIA KG GLASU 1,TINTA ESMT.SINT.SULVINIL GRASULIT BR KG AREIA,7891260059500,32081010,83000000,KG,2026-09-15T20:38:54Z,34.23,34.23
7891323104697,TINTA SPRAY BR ACABAMENTO 400ML USO GERAL COLORGIN,SPRAY CGIN UG BRANCO ACAB. BRILHANTE 400ML (55011),7891323104697,32082019,83000000,UN,2026-09-13T15:06:19Z,35.9,34.32
2425,TINTA LTX DURA + INT CZ HARMONIA 3L C/4 LUX,,7908147621252,32091010,83000000,PT,2026-09-09T20:00:49Z,35.0,34.5
366120,HIDROTINTAS CORES PAREDES 3L MARFIM** UN,,7899010488938,32091010,83000000,LT,2026-09-11T11:25:04Z,34.74,34.74
360966,"IQUINE DIAPISO 0,9L PRETO UN","TINTA ACR FC 0,9L DIAPISO PT IQUINE LT0001LT",7892948013876,32091010,83000000,UN,2026-09-13T12:48:10Z,34.9,34.9
360964,"IQUINE DIAPISO 0,9L BRANCO UN","TINTA ACR FC 0,9L DIAPISO BR IQUINE LT0001LT",7892948013661,32091010,83000000,UN,2026-09-13T12:48:10Z,34.9,34.9
365078,HIDROTINTAS MASSA CORRIDA PVA 5KG UN,,7899010490979,32141020,83000000,UN,2026-09-12T19:02:56Z,34.9,34.9
4264,TINTA AEROSSOL CROMADO METALICO 350ML 23,TINTA AEROSSOL CROMADO METALICO 350ML / 250G COD 232810069000,7898543381198,32082019,83000000,UN,2026-09-15T14:10:57Z,34.99,34.99
392930-1,REMOVEDOR DE TINTAS ACRILICA 400ML CHEMICOLOR,REMOVEDOR DE TINTAS ACRILICA SPRAY 400ML CHEMICOLOR,7898436143032,38140090,83000000,PC,2026-09-11T17:38:27Z,34.99,34.99
352636,HIDROTINTAS DEMAIS 3L FLAMINGO UN,,7899010489058,32091010,83000000,UN,2026-09-13T13:04:21Z,34.99,34.99
32695,TINTA SPRAY PRETO METALICO 350ML 250G TE,TINTA AEROSSOL PRETO METALICO 350ML/250G COD 23321006900,7898543381235,32082019,83000000,UN,2026-09-12T20:58:27Z,34.99,34.99
23004,TINTA SPRAY AZ METALICO 350ML 250G TEKBO,TINTA AEROSSOL AZUL METALICO 350 ML/250G REF 23271006900,7898543381181,32082019,83000000,UN,2026-09-14T19:18:06Z,34.99,34.99
365091,HIDROTINTAS DEMAIS 3L CZ REAL UN,,7899010489041,32091010,83000000,UN,2026-09-14T18:14:14Z,34.99,34.99
830,TINTA ESM SINT MAXILIT 750ML PRETA,,0,32081010,83000000,UN,2026-09-11T13:44:43Z,35.0,35.0
5678,ESM SINT MAXLIT 750ML BR HIDROTINTAS,,0,32081010,83000000,UN,2026-09-15T09:33:21Z,35.0,35.0
1044,TINTA LATEX INT DEMAIS 3L RS PETALA,,0,32091010,83000000,UN,2026-09-11T13:14:24Z,35.0,35.0
002329,"TINTA ACRILICA PREMIUM 3,6L BRANCO NEVE ARACOR",,7890000054478,32091010,83000000,UN,2026-09-15T13:37:57Z,35.0,35.0
002655,TINTA ESM 750ML EXTRALUX VERDE LIMAO,,7908147622747,32081010,83000000,UN,2026-09-09T15:20:53Z,35.0,35.0
5900,TINTA PRETO FOSCO,,0,32091010,83000000,BD,2026-09-15T19:58:45Z,35.0,35.0
2163,"ACR INTERIOR FOSCO BRANCO 3,0L TINTAX",,0,32091010,83000000,UN,2026-09-09T14:47:46Z,35.0,35.0
964,TINTA ESMALTE STAND 900ML PTA UNIVERSO,ESMALTE SINT. UNIVERSO TINTAS PRETO 900ML,7891696008752,32081010,83000000,UN,2026-09-09T21:45:50Z,35.0,35.0
2925,TINTA ESMALTE STAND 900ML PLATINA UNIVERSO,TINTA ESM SINT STAND PLATINA 900ML UNIVERSO TINTAS,7891696008738,32081010,83000000,CX6,2026-09-14T20:40:17Z,35.0,35.0
2115,TINTA LTX DURA + INT BR NEVE 3L LUX,,7908147621016,32091010,83000000,UN,2026-09-15T17:08:01Z,35.0,35.0
2419,TINTA LTX DURA + INT AREIA 3L C/4 LUX,,0,32091010,83000000,PT,2026-09-12T18:59:35Z,35.0,35.0
2420,TINTA LTX DURA + INT MARFIM 3L C/4 LUX,,0,32091010,83000000,PT,2026-09-12T18:58:03Z,35.0,35.0
2428,TINTA LTX DURA + INT AZ ACQUA 3L C/4 LUX,,7908147621320,32091010,83000000,PT,2026-09-11T12:08:02Z,35.0,35.0
2455,TINTA LTX DURA + INT AZUL CEU 3L LUX,,7908147621443,32091010,83000000,PT,2026-09-12T18:24:36Z,35.0,35.0
3310,TINTA LTX DURA + INT AZ ROYALE 3L C/4 LUX,,7908147621474,32091010,83000000,PT,2026-09-11T12:09:51Z,35.0,35.0
25,TINTA ACR SOFT 3L - BRANCO GELO,,7898701773902,32091010,83000000,UN,2026-09-11T14:32:05Z,35.0,35.0
66,TINTA LATEX INT DEMAIS 3L AZ OCEANO HIDR,,7899010488983,32091010,83000000,UN,2026-09-09T18:17:45Z,35.0,35.0
79,TINTA LATEX INT DEMAIS 3L BR NEVE HIDROT,,7899010489010,32091010,83000000,UN,2026-09-12T18:44:06Z,35.0,35.0
1205,TINTA LATEX INT DEMAIS 3L CZ REAL HIDROT,,7899010489041,32091010,83000000,UN,2026-09-11T14:43:15Z,35.0,35.0
2774,TINTA ACR SOFT 3L - CHOCOLATE,,7898701774602,32091010,83000000,UN,2026-09-11T12:52:44Z,35.0,35.0
5106,"ZARCAO 0,75L CINZA - TINTAS LUX",,7890000051064,32081010,83000000,UN,2026-09-10T21:24:49Z,35.0,35.0
6101,ESM SINT MAXLIT 750ML PT HIDROTINTAS,,7899010492744,32081010,83000000,UN,2026-09-12T16:20:48Z,35.0,35.0
253,TINTA ESMALTE 750ML LUX,,0,32082019,83000000,UN,2026-09-11T20:20:37Z,35.0,35.0
13205,ESM SINT MAXLIT 750ML BR HIDROTINTAS,,7899010492645,32081010,83000000,UN,2026-09-10T13:47:22Z,35.0,35.0
002844,REMOVEDOR SPRAY 400ML CHEMICOLLOR*,REMOVEDOR DE TINTAS ACRILICA SPRAY 400ML CHEMICOLOR,7898436143032,38140090,83000000,UN,2026-09-09T19:06:31Z,35.0,35.0
010976,TINTA INTERNA ROSA BEBE 3L - TINTAX*,,0,32089010,83000000,UN,2026-09-11T16:25:06Z,35.0,35.0
011254,TINTA INTERNA BRANCO NEVE 3L TINTAX*,,9999900068283,32089010,83000000,UN,2026-09-12T21:09:52Z,35.0,35.0
013062,TINTA INTERNA AZUL BEBE 3L - TINTAX*,,9000000005327,32089010,83000000,UN,2026-09-10T15:57:45Z,35.0,35.0
1065,TEKBOND TINTA SPRAY ALTA TEMP 350ML PT FOSC TEK,TINTA SPRAY SUPER COLOR PRETO FOSCO ALTA TEMPERATURA 350ML TEKBOND REF: 38234,7898543382348,32082019,83000000,UN,2026-09-14T17:19:07Z,38.05,35.0
5796,TINTA ESM SINT 750ML - MEGAO - BRANCO,,0,32081010,83000000,UN,2026-09-09T12:34:09Z,35.0,35.0
5797,TINTA ESM SINT 750ML - MEGAO - PRETO,,0,32081010,83000000,UN,2026-09-12T16:53:57Z,35.0,35.0
7484,TINTA ESM SINT 750ML- MEGAO - PT FOSCO,,0,32081010,83000000,UN,2026-09-09T12:51:07Z,35.0,35.0
3276007449693,Tinta Acr Std Int Fos Branca 10l Luxens,,0,32091010,83000000,UN,2026-09-09T22:35:14Z,35.0,35.0
91917546,Tinta Std f br 1 0lLuxens,,3276007449693,32091010,83000000,UN,2026-09-12T12:58:25Z,35.0,35.0
12467,"TINTA ESMT LUXLAR BR NEVE 0,75 L LUX KG",,7908147622785,32081010,83000000,KG,2026-09-10T15:59:37Z,37.5641,35.32
12470,"TINTA ESMT LUXLAR MARFIM 0,75 L LUX KG",,7908147622532,32081010,83000000,KG,2026-09-09T17:30:24Z,37.0034,35.35
09029,"TINTA ACR ECONOMICA NACOR+ BRANCO FOSCO 3,6L IBRATIN","TINTA ACRILICA ECONOMICA - GA 3,6 LTS COR 000010-BRANCO",7899173400341,32091010,83000000,GL,2026-09-10T19:45:01Z,43.9,35.5
1113,WASH PRIMER AMARELO # # ONU 1263 QUANT.LTDA TINTA 3 II,,0,32149000,83000000,UN,2026-09-10T11:32:29Z,35.5,35.5
2855,ESM SINT MAXLIT 750ML (PRETO) - HIDROTINTAS,,0,32081010,83000000,UN,2026-09-10T12:29:34Z,37.5,35.63
167,TINTA LATEX DURAMAIS 3L INT LUX,,7908147621429,32091010,83000000,UN,2026-09-14T15:54:39Z,36.0,35.75
8921,TINTA STARLUX 750ML PRETO FOSCO,,0,32081010,83000000,QT,2026-09-13T14:21:35Z,37.9,35.89
7891323104444,TINTA SPRAY GRAF METAL RODAS 400ML USO GERAL COLOR,,0,32082019,83000000,UN,2026-09-14T16:42:51Z,35.9,35.9
375426,"HIDROTINTAS ESM SECAMAX 0,75L BR NEVE UN",,7899010492942,32081010,83000000,UN,2026-09-13T19:06:15Z,35.9,35.9
375398,"HIDROTINTAS ESM SECAMAX 0,75L CZ PLATINA UN",,7899010493000,32081010,83000000,UN,2026-09-10T11:35:01Z,35.9,35.9
375397,"HIDROTINTAS ESM SECAMAX 0,75L CZ ESCURO UN",,7899010493093,32081010,83000000,UN,2026-09-09T22:25:30Z,35.9,35.9
7891323104703,TINTA SPRAY CZ PLACA 400ML USO GERAL COLORGIN,,0,32082019,83000000,UN,2026-09-09T16:11:13Z,35.9,35.9
375428,"HIDROTINTAS ESM SECAMAX 0,75L BR GELO UN",,7899010492973,32081010,83000000,UN,2026-09-15T19:39:48Z,35.9,35.9
75767,"TINTA ACR FC 0,9L DIAPISO VDFOLH IQUINE","PISO ACET. EXTRA BALTIMORE REF:LF59202 LEF 57 X 57 CX 2,3MT",7892948013814,32091010,83000000,LT,2026-09-15T18:14:17Z,35.99,35.99
0008211,"ACR INTERIOR FOSCO ROSA BEBE 3,0L TINTAX",,9000000005952,32091010,83000000,GL,2026-09-09T13:21:21Z,36.0,36.0
1572,"TINTA ESM BR RAP LT0,9L DELANIL PRETO","DELANIL-ESM PRETO 900 ML -> COD.ONU: 1263 CL.RISCO: 3,0 GR.EMB: III TINTA CONTENDO SOLVENTE ORGANICO.",7892948024766,32089010,83000000,UND,2026-09-10T13:35:18Z,36.0,36.0
007488,TINTA ESM.SINT.750ML TINTA LUX,TINTA ESM.SINT.900ML TINTA LUX,7898355022432,32081010,83000000,UN,2026-09-15T16:13:49Z,38.8,36.745
3542,MASSA CORRIDA SACO 10KG - HIDROTINTAS,MASSA CORRIDA SC 10KG HIDROTINTAS SC C/10KG,7899010485746,32141020,83000000,UNID,2026-09-12T12:05:02Z,36.75,36.75
373776,"HIPERCOR ACR 3,6L BRANCO GELO UN","TINTA HIPERCOR ECON INT 3,6L BR GELO - HIDRACOR",7897144025920,32091010,83000000,UN,2026-09-11T21:36:20Z,36.9,36.9
10935,"TINTA ACR PREMIUM CORAL MASTER BRANCO FOSCO 0,9L CORAL",,7891019993949,32091010,83000000,LT,2026-09-14T17:12:39Z,43.0,36.97
4857,ESM SINT MAXLIT 900ML PT HIDROTINTAS,"TINTA ESM SEC. RAP. 0,9 PRETO HIDROTINTAS MAXLIT",7899010475310,32081010,83000000,UN,2026-09-10T17:44:52Z,37.0,37.0
6237,ESM SINT MAXLIT 750ML AM HIDROTINTAS,,7899010492584,32081010,83000000,UN,2026-09-11T21:10:40Z,37.0,37.0
7908147621955,TINTA ESMALTE EXT LUX AZUL CLARO 750ML,,7908147621955,32081010,83000000,UN,2026-09-11T18:50:36Z,37.0,37.0
D152345,TINTA GABINETE PARTE INTERNA MICRO,,7899608707502,32081010,83000000,PC,2026-09-15T12:24:33Z,37.21,37.21
12262,TINTA PVA DURAMAIS LUX GL VD CAMPINA 3L GL,,7908147621535,32091010,83000000,GL,2026-09-15T12:27:50Z,37.3767,37.376666666666665
968578,"TINTA ESM BR 0,9L DIALINE ANTIFER AZ/DR LT0001LT",,7892948048465,32081010,83000000,LT,2026-09-13T16:29:59Z,74.99,37.49
7208,"TINTA BRANCO NEVE INTERNO GL 3,0L- MIL",,618341747777,32091010,83000000,UN,2026-09-10T17:53:28Z,38.0,37.62
72,TINTA PITANGA 3L - HIDROTINTAS,,0,32091010,83000000,GL,2026-09-11T17:27:47Z,39.0,37.74
10935,"TINTA ACR PREMIUM CORAL MASTER BRANCO FOSCO 0,9L CORAL",,7891019993949,32091010,83000000,LT,2026-09-12T13:37:17Z,43.0,37.84
375429,"HIDROTINTAS ESM AQUAMAX AB 0,75 CZ PLAT UN",,7899010493352,32091010,83000000,UN,2026-09-15T12:34:03Z,37.9,37.9
7898436146118,TINTA SPRAY METALICA DOURADA 400ML CHEMICOLOR,T SPRAY METALICA DOURADA 400ML CHEMICOLO 1X400ML CHEMICOLOR,7898436146118,32082011,83000000,UN,2026-09-10T19:33:40Z,37.9,37.9
375414,"HIDROTINTAS ESM AQUAMAX AB 0,75L PRETO UN",,7899010493284,32091010,83000000,LT,2026-09-12T14:01:58Z,37.9,37.9
14643,PRETO VINILICO FOSCO #  # ONU 1263 TINTA 3 II,PRETO VINILICO FOSCO ONU 1263 QUANT.LTDA TINTA 3 II 3.24 KG,7899381662098,32149000,83000000,UN,2026-09-10T13:39:27Z,37.99,37.99
2236,TINTA ESM SINT PT 900ML,TINTA ESM SINT PT 900ML 1X900ML MAZA,7898289931589,32081010,83000000,UN,2026-09-11T17:01:07Z,38.0,38.0
2238,TINTA ESM SINT PLATINA 900ML,TINTA ESM SINT PLATINA 900ML 1X900MLMAZA,7898289934368,32081010,83000000,UN,2026-09-11T14:41:39Z,38.0,38.0
4769,TINTA LATEX INT DEMAIS 3L BR NEVE HIDROT,,7899010489010,32091010,83000000,UN,2026-09-10T21:21:37Z,38.0,38.0
12339,ESMALTE SINT 900ML PRETO BRIL GLASURIT,TINTA ESM SINT BRILH SECA RAP 900ML PT - GLASURIT,7891260059364,32081010,83000000,UN,2026-09-15T16:56:01Z,38.0,38.0
18860,TINTA SPRAY ALTA TEMPERATURA PRETO FOSCO TEKBOND,TINTA SPRAY SUPER COLOR PRETO FOSCO ALTA TEMPERATURA 350ML TEKBOND REF: 38234,7898543382348,32082019,83000000,UND,2026-09-12T14:08:23Z,38.0,38.0
8301.000010.0,"NACOR TINTA ACRILICA ECONOMICA-GA 3,6 LT COR 000010-BRANCO LOTE 95120131","TINTA ACRILICA ECONOMICA - GA 3,6 LTS COR 000010-BRANCO",7899173400341,32091010,83000000,Peca,2026-09-15T16:58:03Z,38.0,38.0
8301.000018.0,"NACOR TINTA ACRILICA ECONOMICA-GA 3,6 LT COR 000018-GELO LOTE 95119921","NACOR TINTA ACRILICA ECONOMICA-GA 3,6 LT COR 000018-GELO",7899173400365,32091010,83000000,Peca,2026-09-12T13:30:26Z,38.0,38.0
07197,"ACR FOSCO BRANCO 0,9L RENDE MUITO CORAL",TINTA PARA PAREDE VINIL ACRILICO CORAL REND MUITO 900ML BRANCO NEVE,7891019101474,32091010,83000000,UN,2026-09-12T14:32:06Z,38.03,38.03
07197,"ACR FOSCO BRANCO 0,9L RENDE MUITO CORAL",TINTA PARA PAREDE VINIL ACRILICO CORAL REND MUITO 900ML BRANCO NEVE,7891019101474,32091010,83000000,UN,2026-09-15T17:48:37Z,38.03,38.03
07197,"ACR FOSCO BRANCO 0,9L RENDE MUITO CORAL",TINTA PARA PAREDE VINIL ACRILICO CORAL REND MUITO 900ML BRANCO NEVE,7891019101474,32091010,83000000,UN,2026-09-14T14:11:37Z,38.03,38.03
12261,TINTA PVA DURAMAIS LUX GL MENTA 3L GL,,7908147621436,32091010,83000000,GL,2026-09-14T12:40:28Z,38.07,38.07
7898436143032,REMOVEDOR DE TINTAS ACR SPRAY 250G CHEMICOLOR,REMOVEDOR DE TINTAS ACRILICA SPRAY 400ML CHEMICOLOR,7898436143032,38140090,83000000,UN,2026-09-13T15:06:19Z,39.9,38.15
2815,"TINTA ACR FC 0,9L RED MUIT BR CORAL",,0,32091010,83000000,LT,2026-09-09T17:19:41Z,40.0,38.38
75,TINTA PVA BRANCO GELO 3L - LUX,,0,32091010,83000000,UNID,2026-09-09T19:42:13Z,38.5,38.5
1127,TINTA AREIA 3L AREIA HIDROTINTAS,,0,32091010,83000000,GL,2026-09-11T22:02:08Z,39.0,38.64333333333333
10935,"TINTA ACR PREMIUM CORAL MASTER BRANCO FOSCO 0,9L CORAL",,7891019993949,32091010,83000000,LT,2026-09-11T17:01:03Z,38.7,38.7
10935,"TINTA ACR PREMIUM CORAL MASTER BRANCO FOSCO 0,9L CORAL",,7891019993949,32091010,83000000,LT,2026-09-10T16:54:08Z,38.7,38.7
10935,"TINTA ACR PREMIUM CORAL MASTER BRANCO FOSCO 0,9L CORAL",,7891019993949,32091010,83000000,LT,2026-09-10T14:57:02Z,38.7,38.7
293058,"TINTA ESM BR 0,75L CORALAR BR CORAL LT0001LT",,7891019984763,32089010,83000000,LT,2026-09-12T14:58:57Z,38.99,38.99
293050,"TINTA ESM BR 0,75L CORALAR PT CORAL",,7891019984671,32089010,83000000,LT,2026-09-15T19:28:37Z,38.99,38.99
3019,TINTA AEROSSOL OURO METALICO 350ML COD 2,TINTA AEROSSOL OURO METALICO 350 ML/250G REF 23351006900,7898543381266,32082019,83000000,UN,2026-09-15T18:47:06Z,38.99,38.99
93,"TINTA ESM BR 0,75L DELANIL BRNV IQUINE",,7892948051243,32081010,83000000,LT,2026-09-15T18:59:33Z,39.0,39.0
2047,TINTA CINZA REAL 3L- HIDROTINTAS,,0,32091010,83000000,GL,2026-09-09T20:55:05Z,39.0,39.0
002332,"TINTA ESM BR 0,75L DELANIL AM IQUINE",,7892948051588,32081010,83000000,UN,2026-09-10T15:01:42Z,39.0,39.0
7732,"TINTA ACR BRANCO NEVE 3,6 LTS - IBRATIN",,0,32091010,83000000,UN,2026-09-09T12:09:44Z,39.0,39.0
7916,"TINTA ACR GELO 3,6 LTS - IBRATIN",,0,32091010,83000000,UN,2026-09-15T12:37:05Z,39.0,39.0
8301.000005.0,"NACOR TINTA ACRILICA ECONOMICA-GA 3,6 LT COR 000005-AREIA LOTE 95120014","NACOR TINTA ACRILICA ECONOMICA-GA 3,6 LT COR 000005-AREIA",7899173400303,32091010,83000000,Peca,2026-09-09T10:38:05Z,39.0,39.0
182,BP BRANCO POLAR LISA HYUNDAI SKYLACK 900ML,TINTA ROYAL BP BRANCO POLAR LISA HYUNDAI 1219,7899494504728,32081010,83000000,UN,2026-09-11T13:11:06Z,50.0,39.24
09029,"TINTA ACR ECONOMICA NACOR+ BRANCO FOSCO 3,6L IBRATIN","TINTA ACRILICA ECONOMICA - GA 3,6 LTS COR 000010-BRANCO",7899173400341,32091010,83000000,GL,2026-09-09T11:55:34Z,43.9,39.42
3291,TINTA ESM SINT MAXLIT 750ML MARROM - HIDROTINTAS,,7899010492737,32081010,83000000,UN,2026-09-14T19:38:40Z,41.9,39.46
09029,"TINTA ACR ECONOMICA NACOR+ BRANCO FOSCO 3,6L IBRATIN","TINTA ACRILICA ECONOMICA - GA 3,6 LTS COR 000010-BRANCO",7899173400341,32091010,83000000,GL,2026-09-09T14:19:27Z,39.51,39.51
09029,"TINTA ACR ECONOMICA NACOR+ BRANCO FOSCO 3,6L IBRATIN","TINTA ACRILICA ECONOMICA - GA 3,6 LTS COR 000010-BRANCO",7899173400341,32091010,83000000,GL,2026-09-11T20:25:11Z,39.51,39.51
008472,"VERNIZ 0,75L INCOLOR - TINTAS LUX",,7908147622242,32081010,83000000,UN,2026-09-12T13:04:53Z,47.99,39.56
07891260059999,"TINTA ESM S RAP 0,9L BRANCO BASF","TINTA SUV GLAS ESM SEC RAP BRANCO 0,9L KG 53437182",7891260059999,32081010,83000000,UN,2026-09-14T12:07:05Z,44.0,39.6
41105,"TINTA INT BR GELO 4,5KG LATEX LUCRILAR",,0,32141020,83000000,GL,2026-09-09T18:25:47Z,39.6,39.6
41506,"TINTA INT BR NEVE 4,5KG LATEX LUCRILAR",,0,32141020,83000000,GL,2026-09-15T18:14:45Z,39.62,39.62
873,PRIMER UNIVERSAL CINZA # # ONU 1263 QUANT.LTDA TINTA 3 II,,0,32149000,83000000,UN,2026-09-09T17:44:47Z,40.0,39.693333333333335
7891019915774,"TINTA ACR ACET BASE MF DECORA SEDA 0,8L CORAL","TINTA BASE ACR AC LT0,8L SEDA DECORA MF LT0001LT - ESSENCIA DE LARANJA",7891019915774,32091010,83000000,UN,2026-09-12T23:13:02Z,39.9,39.9
10407,"TINTA ACR ECON HIPER D+ BR NEVE 3,6L HIPERCOR",,0,32091010,83000000,BD,2026-09-13T13:24:18Z,39.9,39.9
7898436141724,TINTA SPRAY LUMINOSA PINK 400ML CHEMIXOLOR,,0,32082011,83000000,UN,2026-09-15T13:49:48Z,39.9,39.9
7892948013661,TINTA ACR PISO 900ML BR NEVE DIAPISO IQUINE,,0,32091010,83000000,LT,2026-09-15T20:20:26Z,39.9,39.9
7898436142196,TINTA SPRAY LUMINOSA MAGENTA 400ML CHEMICOLOR,T SPRAY LUMINOSA MAGENTA 400ML CHEMICOLO 1X400ML CHEMICOLOR,7898436142196,32082011,83000000,UN,2026-09-12T23:14:31Z,39.9,39.9
7898436141700,TINTA SPRAY LUMINOSA AM 400ML CHEMICOLOR,,0,32082011,83000000,UN,2026-09-12T01:04:31Z,39.9,39.9
7898436140192,TINTA SPRAY METALICA COBRE 400M CHEMICOLOR,T SPRAY METALICA COBRE 400ML CHEMICOLOR 1X400ML CHEMICOLOR,7898436140192,32082011,83000000,UN,2026-09-15T21:58:11Z,39.9,39.9
3639576,TINTA SPRAY 350ML BC BRILHANT.TEKBO,TINTA AEROSSOL BRANCO BRILHANTE USO GERAL 350 ML/250G REF 23021006900,7898543380931,32082019,83000000,UN,2026-09-12T16:34:00Z,39.9,39.9
3639541,TINTA SPRAY 350ML PT FOSCO TEKBOND,TINTA AEROSSOL PRETO FOSCO USO GERAL 350 ML/250G REF 23001006900,7898543380917,32082019,83000000,UN,2026-09-10T11:43:00Z,39.9,39.9
47550,TINTA DURAMAIS 3.0L BR.GELO LUX,,7908147621023,32091010,83000000,GL,2026-09-15T11:37:16Z,39.99,39.99
47349,TINTA DURAMAIS 3.0L LARANJA SERTAO LUX,,7908147621290,32091010,83000000,GL,2026-09-09T13:41:25Z,39.99,39.99
3091,KTP AZUL DEL REY VW 76 900ML SHERWIN - WILLIANS,TINTA ESMALT AUTOM 900ML AZUL DEL REY VW76 SHERWIN WILLIAMS,7891452738367,32089010,83000000,UN,2026-09-11T12:36:59Z,39.99,39.99
27714,TINTA SPRAY PRETO ALTA TEMPERATURA 350ML,TINTA TEKBON AEROSSOL PRETO ALTA TEMPERATURA PRETO BRILHANTE 350ML,7898543381167,32082019,83000000,UN,2026-09-15T14:28:14Z,39.99,39.99
30641,TINTA SPRAY PRETO FOSCO ALTA TEMPERATURA,TINTA SPRAY SUPER COLOR PRETO FOSCO ALTA TEMPERATURA 350ML TEKBOND REF: 38234,7898543382348,32082019,83000000,UN,2026-09-15T15:43:41Z,39.99,39.99
47345,TINTA DURAMAIS 3.0L ALG.DOURADO LUX,,7908147621191,32091010,83000000,GL,2026-09-14T15:45:41Z,39.99,39.99
4357,"TINTA DURAMAIS 3,0L BR.NEVE LUX",,7908147621016,32091010,83000000,GL,2026-09-15T21:11:37Z,39.99,39.99
872,PRIMER UNIVERSAL BRANCO # # ONU 1263 QUANT.LTDA TINTA 3 II,,0,32149000,83000000,UN,2026-09-15T16:38:10Z,40.0,40.0
1122,BASE PU ACR.BRANCA PURO # # ONU 1263 QUANT.LTDA TINTA 3 II,,0,32081010,83000000,UN,2026-09-12T13:40:09Z,40.0,40.0
364,MASSA ACRILICA 4KG - TINTAS LUX,,0,32141020,83000000,UN,2026-09-12T16:02:57Z,40.0,40.0
1045,TINTA LATEX INT DEMAIS 3L PEROLA,,0,32091010,83000000,UN,2026-09-15T13:27:26Z,40.0,40.0
1175,VERNIZ 750ML INCOLOR HIDROTINTAS,,0,32081010,83000000,UN,2026-09-15T18:02:23Z,40.0,40.0
001848,"TINTA LTX 3,6L BRANCO GLASU",,0,32091010,83000000,UN,2026-09-11T16:27:08Z,44.0,40.0
3578,ESM SINT MAXILIT 900ML CZ PLAT HIDROTINT,"TINTA ESM SEC. RAP. 0,9 CINZA PLATINA HIDROTINTAS MAXLIT",7899010475198,32081010,83000000,UN,2026-09-15T19:54:09Z,40.0,40.0
4697,TINTA LATEX INT DEMAIS 3L RS PETALA HIDR,TINTA ACRILICA DEMAIS 3L ROSA PETALA HIDROTINTAS,7899010483346,32091010,83000000,GL,2026-09-15T19:57:47Z,40.0,40.0
6114,TINTA LATEX INT DEMAIS 3L LILAS HIDROTIN,TINTA LATEX INT DEMAIS 3L LILAS HIDROTIN GL C/3L,7899010483261,32091010,83000000,GL,2026-09-15T19:55:51Z,40.0,40.0
329,TINTA POP BRANCO NEVE 5 LT,,0,32091010,83000000,UN,2026-09-09T12:32:58Z,40.0,40.0
9677,"Tinta lux colorir 3,6l azul turquesa /",,0,32091010,83000000,UN,2026-09-12T16:41:07Z,40.0,40.0
11032,TINTA ESMALTE BRI PREMIUM BRANCO 900ml,,7908027013368,32091010,83000000,PC,2026-09-11T14:02:06Z,45.0,40.0
010859,"TINTA INTERNA AZUL PASTORIL 3,6L - MIRALAR*",,9999900066371,32091010,83000000,UN,2026-09-14T14:36:44Z,40.0,40.0
4518,TINTA ACR SOFT 3L- VERDE PISCINA MEGAO,,7898701774060,32091010,83000000,UN,2026-09-15T16:43:41Z,40.0,40.0
5440,TINTA ACR SOFT 3L - MARINE,,0,32091010,83000000,UN,2026-09-12T20:48:49Z,40.0,40.0
12294,TINTA PVA DURAMAIS LUX GL PESSEGO 3L GL,,7908147621566,32091010,83000000,GL,2026-09-11T14:41:50Z,40.5,40.5
373761,"HIDROTINTAS VERNIZ EXT RAP 0,75L MOGNO C UN",,7899010492935,32081010,83000000,UN,2026-09-09T22:25:30Z,40.9,40.9
7892948051243,"TINTA ESMALTE BRANCO IQUINE DELANIL 0,75L",,7892948051243,32081010,83000000,UN,2026-09-12T16:27:03Z,41.85,41.36
12071,TINTA PVA DURAMAIS LUX GL BR NEVE 3L GL,,7908147621016,32091010,83000000,GL,2026-09-15T16:54:22Z,41.5,41.5
2110,"TINTA ACRILICA 0,9L REND MUIT BR CORAL",,0,32091010,83000000,LT,2026-09-11T21:35:43Z,42.0,41.61
3077,"DELANIL MAD E MET VERDE NILO 750ML -> COD.ONU: 1263 CL.RISCO: 3,0 GR.EMB: III Tinta contendo solvente organico.",,7892948051441,32081010,83000000,UN,2026-09-15T14:34:11Z,43.9,41.71
9475,"NACOR TINTA AC ECONOMICA - GL 3,6 LTS COR 000118-LILAS LOT",,7899173409313,32091010,83000000,GL,2026-09-15T16:53:46Z,42.0,41.87
7898436140208,TINTA SPRAY METALICA OURO 400ML CHEMICOLOR,,0,32082011,83000000,UN,2026-09-12T13:29:53Z,41.9,41.9
001747,"TINTA ESM BR 0,75L DELANIL PT IQUINE",,7892948051557,32081010,83000000,UN,2026-09-09T17:55:07Z,41.9,41.9
7898543381136,TINTA SPRAY SUPERCOL,,0,32091010,83000000,UN,2026-09-12T16:00:35Z,41.9,41.9
7899173400341,"TINTA NACOR. ECONOMICA . BRANCO NEVE - GA 3,6 LT-IBRATIN IBRATIN","TINTA ACRILICA ECONOMICA - GA 3,6 LTS COR 000010-BRANCO",7899173400341,32091010,83000000,UND,2026-09-09T19:11:45Z,42.0,42.0
132,"TINTA ESM BR 0,75L DELANIL CZ/MD IQUINE",,0,32081010,83000000,LT,2026-09-10T19:46:49Z,42.0,42.0
CFOP5405,MAZA ESMALTE SINTETICO BRILHANTE ALUMINIO 900ML,TINTA ESM SINT BRILHANTE ALUMINIO 900ML,7898289930650,32081010,83000000,LT,2026-09-15T19:20:00Z,54.0,42.19
1304,RETARDADOR MULTI USO - SOL,"TINTA ACRILICA ECONOMICA - GA 3,6 LTS COR 000010-BRANCO",7899173400341,32091010,83000000,UN,2026-09-11T19:01:58Z,44.98,42.73
41623,"TINTA INT NACOR ECON 3,6 VD CLARO IBRATI",,7899173404110,32091010,83000000,UN,2026-09-09T20:24:47Z,44.99,42.78
292,"DIALINE SECA RAP VERMELHO 750ML -> COD.ONU: 1263 CL.RISCO: 3,0 GR.EMB: III TINTA CONTENDO SOLVENTE O",,0,32081010,83000000,UN,2026-09-12T13:32:58Z,45.0,42.86
8774,TINTA CORAL 750ML BRANCO,,0,32081010,83000000,LT,2026-09-15T14:31:52Z,42.9,42.9
2865,TINTA LATEX INT 3L (BR NEVE) - HIDROT,,0,32091010,83000000,UN,2026-09-15T19:55:02Z,42.9,42.9
09667,"TINTA ACR ECONOMICA HIPER D+ BRANCO FOSCO 3,6L HIPERCOR",,1001002096670,32091010,83000000,GL,2026-09-10T12:08:13Z,48.0,43.0
10051,TINTAS LUX ESM.EXTRA.750ML BR NEVE,,0,32081010,83000000,UN,2026-09-15T11:49:17Z,43.0,43.0
09667,"TINTA ACR ECONOMICA HIPER D+ BRANCO FOSCO 3,6L HIPERCOR",,1001002096670,32091010,83000000,GL,2026-09-15T16:09:53Z,43.0,43.0
9656,"TINTA INT NACOR ECON 3,6L AM CANARIO IBR","NACOR TINTA ACRILICA ECONOMICA-GA 3,6 LT COR 000003-AMARELO CANARIO",7899173400280,32091010,83000000,UN,2026-09-10T19:27:41Z,44.99,43.19
5570,"TINTA INT NACOR ECON 3,6L PALHA IBRATIN","NACOR TINTA ACRILICA ECONOMICA-GA 3,6 LT COR 000022-PALHA",7899173400426,32091010,83000000,UN,2026-09-14T16:05:57Z,44.99,43.19
09667,"TINTA ACR ECONOMICA HIPER D+ BRANCO FOSCO 3,6L HIPERCOR",,1001002096670,32091010,83000000,GL,2026-09-09T15:34:33Z,43.2,43.2
0000000008226,TINTA ESMALTE ABASE DAGUA 750ML BRANCO AQUAMAX HIDROTINTAS,,7899010493277,32091010,83000000,UN,2026-09-14T20:19:18Z,45.0,43.45
00747,"TINTA GESSO ECONOMICA HGESSO BRANCO FOSCO 3,6L HIDRACOR","HGESSO HIDRACOR 3,6L",7897144701145,32091010,83000000,GL,2026-09-12T13:58:07Z,43.5,43.5
7891494009142,TINTA SPRAY AM LIMAO 400ML ARTE URBANA COLORGIN,,0,32082019,83000000,UN,2026-09-12T01:04:31Z,43.9,43.9
7891019101474,TINTA ACR FOS 900ML BR NEVE RENDE MUITO CORAL,,0,32091010,83000000,LT,2026-09-12T14:58:24Z,43.9,43.9
7898436142615,TINTA SPRAY METALICA BRONZE 400ML CHEMICOLOR,TINTA SPRAY METALICA BRONZE 400ML 1X400ML CHEMICOLOR,7898436142615,32082011,83000000,UN,2026-09-11T18:25:23Z,43.9,43.9
979458,"TINTA ESM BR 0,75L DELANIL BR/NV IQUINE LT0001LT",,7892948051243,32081010,83000000,LT,2026-09-14T17:05:37Z,43.99,43.99
979499,"TINTA ESM BR 0,75L DELANIL MR/CQ IQUINE LT0001LT",,7892948051380,32081010,83000000,LT,2026-09-15T14:18:26Z,43.99,43.99
979502,"TINTA ESM BR 0,75L DELANIL VD/FOLH IQUIN LT0001LT",,7892948051427,32081010,83000000,LT,2026-09-14T16:35:21Z,43.99,43.99
979522,"TINTA ESM BR 0,75L DELANIL PT IQUINE",,7892948051557,32081010,83000000,LT,2026-09-15T16:28:17Z,43.99,43.99
979524,"TINTA ESM BR 0,75L DELANIL AM IQUINE LT0001LT",,7892948051588,32081010,83000000,LT,2026-09-14T16:35:21Z,43.99,43.99
295779,"TINTA ACR FC 3,6L HIPER D+ PALH HIPERCO GL0001GL",,7897144026057,32091010,83000000,GL,2026-09-15T22:48:31Z,43.99,43.99
295780,"TINTA ACR FC 3,6L HIPER D+ AREIA HIPERCO GL0001GL","TINTA ACR ECON AREIA 3,6L HIP",7897144026033,32091010,83000000,BD,2026-09-14T18:15:25Z,43.99,43.99
295783,"TINTA ACR FC 3,6L HIPER D+ VD/PM HIPERCO GL0001GL","TINTA HIPERCOR ECON INT 3,6L",7897144025968,32091010,83000000,GL,2026-09-15T22:48:31Z,43.99,43.99
1240,TINTA ESM DILAINE PRETO BRIL IQUINE 900ML,,0,32081010,83000000,UN,2026-09-10T15:20:46Z,44.0,44.0
000442,TINTA ESM 750ml DIALINE PRETO IQUINE,"DIALINE-ESM SEC RAP PRETO 900 ML -> COD.ONU: 1263 CL.RISCO: 3,0 GR.EMB: III TINTA CONTENDO SOLVENTE ORGANICO.",7892948007905,32081010,83000000,UN,2026-09-14T13:35:32Z,47.0,44.1
284,BP PRATA SIRIUS MET. VW 0912 -SKY-,"TINTA SKYLACK BP PRATA SIRIUS MET. VW 0912 0,900L",7898453806125,32081010,83000000,MR,2026-09-15T20:47:27Z,53.0,44.5125
2116,"TINTA INT NACOR ECON 3,6L MARFIM IBRATIN","NACOR TINTA ACRILICA ECONOMICA-GA 3,6L COR 000020-MARFIM",7899173400402,32091010,83000000,UN,2026-09-10T16:29:53Z,44.99,44.99
2286,"TINTA INT NACOR ECON 3,6L CAMURCA IBRATI","NACOR TINTA ACRILICA ECONOMICA-GA 3,6 LT COR 000011-CAMURCA",7899173407326,32091010,83000000,UN,2026-09-14T19:00:54Z,44.99,44.99
4014,"TINTA INT NACOR ECON 3,6L BR IBRATIN","TINTA ACRILICA ECONOMICA - GA 3,6 LTS COR 000010-BRANCO",7899173400341,32091010,83000000,UN,2026-09-14T20:03:50Z,44.99,44.99
49863,"TINTA INT NACOR ECON 3,6L PINK IBRATIN",,7899173409337,32091010,83000000,UN,2026-09-14T13:58:07Z,44.99,44.99
5569,"TINTA INT NACOR ECON 3,6L BR GELO IBRATI","NACOR TINTA ACRILICA ECONOMICA-GA 3,6 LT COR 000018-GELO",7899173400365,32091010,83000000,UN,2026-09-12T11:14:50Z,44.99,44.99
904938,"TINTA BASE ACR 3,2L DIATEX P IQUINE GL0001GL - FLECHAS","TINTA BASE ACRIL DIATEX 3,2L P IQUINE GL0001GL - BERIMBAU",7892948036509,32091010,83000000,GL,2026-09-10T22:03:24Z,44.99,44.99
898539,REMOVEDOR SPRAY 350ML TINTA CHEMICOLOR SP0001SP,REMOVEDOR DE TINTAS ACRILICA SPRAY 400ML CHEMICOLOR,7898436143032,38140090,83000000,SP,2026-09-09T21:59:20Z,44.99,44.99
30335,"TINTA INT NACOR ECON 3,6L CZ PLATINA  IB",,7899173409238,32091010,83000000,UN,2026-09-15T15:51:37Z,44.99,44.99
001075,REMOVEDOR PASTOSO 1KG ANJO,ONU 1263 (REMOVEDOR PASTOSO 1KG (6/CX) OU MATERIAL RELACIONADO COM TINTA) CLASSE,7899917128104,38140090,83000000,UN,2026-09-12T12:10:10Z,46.0,45.0
314,"DIALINE SECA RAP M. TABACO 750ML -> COD.ONU: 1263 CL.RISCO: 3,0 GR.EMB: III TINTA CONTENDO SOLVENTE",,0,32081010,83000000,UN,2026-09-11T11:47:50Z,45.0,45.0
007344,ESMALTE SINTETICO CORALIT PRETO BRILHANTE 900 ML*,TINTA ESMALTE SINTETICO CORAL CORALIT SECAGEM RAPIDA 900ML PRETO,7891019168866,32091010,83000000,UND,2026-09-10T18:16:23Z,45.0,45.0
2373,"TINTA HIDRACOR 3,6L NEVE","TINTA P/PAREDE VINIL ACRILICA HIDRACOR REND MAIS 3,6 L BRANCO NEVE",7897144005298,32091010,83000000,UN,2026-09-09T17:50:52Z,45.0,45.0
613,Textura Acrilica Branco 6 kg Coral,TINTA TEXTURA ACRILICA GL PLAS 6KG CORAL 1X6KGAKZONOBEL,7891019918218,32091010,83000000,UN,2026-09-09T17:57:25Z,45.0,45.0
731,ESM SINT MAXLIT 750ML BR HIDROTINTAS,,0,32081010,83000000,UN,2026-09-11T18:30:00Z,45.0,45.0
715,ESM SINT MAXLIT 750ML MARROM HIDROTINTAS,,0,32081010,83000000,UN,2026-09-11T18:30:00Z,45.0,45.0
016382,"TINTA ACR ECON VIDALAR 3,6L BCO NEVE FOS UN QTD. 16.00 UN",,7899027789349,32091010,83000000,UN,2026-09-12T11:58:10Z,45.0,45.0
235,BP PRATA GEADA MET. FORD 02 -SKY-,TINTA SKYLACK 900ML BP PRATA GEADA MET. FORD 0219,7898910509972,32081010,83000000,MR,2026-09-09T14:32:14Z,53.0,45.0
716,ESM SINT MAXLIT 750ML VM HIDROTINTAS,,0,32081010,83000000,UN,2026-09-11T18:30:00Z,45.0,45.0
234,BP PRATA BARI MET. FIAT 0316 LT -SKY-,"TINTA SKYLACK BP PRATA BARI MET. FIAT 0316 0,900L",7898910510022,32081010,83000000,MR,2026-09-14T21:06:37Z,53.0,45.06
4897,TINTA ESM SINT BRIL SEC RAP 900ML PRETO - GLASU,TINTA ESM SINT BRILH SECA RAP 900ML PT - GLASURIT,7891260059364,32081010,83000000,UNID,2026-09-12T13:45:03Z,47.64,45.26
1231,MARTELADO CINZA ESCURO BRASILUX 900ML,MARTELADO CINZA ESCURO 900ML - BRASILUX,7893866087413,32081010,83000000,UN,2026-09-12T15:30:01Z,53.0,45.44
5853,TINTA ACR SOFT 3L - BRANCO NEVE,,0,32091010,83000000,UN,2026-09-10T20:35:54Z,45.6,45.6
376,BP PRATA POLARIS MET. GM 05 -SKY-,"TINTA SKYLACK BP PRATA POLARIS MET. GM 05 0,900L",7898453800581,32081010,83000000,MR,2026-09-12T13:18:50Z,53.0,45.63846153846154
7899674004185,TINTA SPRAY VERNIZ MAD MOGNO 400ML CHEMICOLOR,VERNIZ MADEIRA MOGNO 400ML CHEMICOLOR 1X400ML CHEMICOLOR,7899674004185,32082011,83000000,UN,2026-09-12T21:40:00Z,45.9,45.9
7899674004161,TINTA SPRAY VERNIZ MAD NATURAL 400ML CHEMICOLOR,VERNIZ CHEMICOLOR 400ML MADEIRA NATURAL 1X400ML CHEMICOLOR,7899674004161,32082011,83000000,UN,2026-09-10T13:44:53Z,45.9,45.9
7899674004161,TINTA SPRAY VERNIZ MAD NATURAL 400ML CHEMICOLOR,,0,32082011,83000000,UN,2026-09-11T20:09:40Z,45.9,45.9
7899674004161,TINTA SPRAY VERNIZ MAD NATURAL 400ML CHEMICOLOR,VERNIZ CHEMICOLOR 400ML MADEIRA NATURAL 1X400ML CHEMICOLOR,7899674004161,32082011,83000000,UN,2026-09-13T14:08:32Z,45.9,45.9
CFOP5405,"TINTA ACRILICA 3,6L BRANCO NEVE PINTALAR","PINTALAR-VINIL ACRIL BCO NEVE 3,6L -> PRODUTO NAO CLASSIFICADO COMO PERIGOSO PARA FINS DE TRANSPORTE.",7892948011650,32091010,83000000,GL,2026-09-11T13:51:17Z,47.0,46.46
1228,MARTELADO CINZA TORNADO BRASILUX 900ML,MARTELADO CINZA TORNADO BRASILUX 900ML,7893866086911,32081010,83000000,UN,2026-09-14T19:29:00Z,53.0,46.675
4071,TINTA LATEX INT DEMAIS 3L BR NEVE HIDROT,,0,32091010,83000000,GL,2026-09-11T16:15:53Z,47.0,47.0
4136,TINTA CORAL 900ML BASE D'AGUA BRANCO,,0,32091010,83000000,UN,2026-09-11T17:36:31Z,49.9,47.0
712,ESMALTE SINTETICO SECAGEM RAPIDA DIALINE 900ML BRANCO NEVE IQUINE,"DIALINE-ESM SEC RAP BCO NEVE 900 ML -> COD.ONU: 1263 CL.RISCO: 3,0 GR.EMB: III TINTA CONTENDO SOLVENTE ORGANICO.",7892948007752,32081010,83000000,UN,2026-09-12T16:07:36Z,47.0,47.0
01885,"TINTA ACR ECONOMICA CORALAR + DESEMP BRANCO FOSCO 3,6L CORAL","TINTA PARA PAREDE ACRILICA CORAL CORALAR 3,6L BRANCO",7891019176120,32091010,83000000,GL,2026-09-11T14:58:03Z,47.2,47.17
07039,SPRAY CGIN METALLIK DOURADO (57) 350ML COLORGIN,TINTA SPRAY COLORGIN METALICO DOURADO 350 ML,7891494000576,32082019,83000000,UND,2026-09-15T14:15:48Z,47.52,47.52
994392,"TINTA ESM BR 0,75L DIALINE SEC CZ/MD IQU LT0001LT",,7892948053087,32081010,83000000,LT,2026-09-12T20:07:29Z,51.99,47.83
562,BP PRETO NINJA LISA -LAZZ-,TINTA POLIESTER LAZZUDUR PRETO NINJA LISA 900ML- SHERWIN,7891452274032,32081010,83000000,MR,2026-09-15T21:05:23Z,57.0,47.935
890328,"TINTA BASE ESM BR 0,8L DIALINE M B AG IQ LT0001LT - RUA DO SOSSEGO","TINTA BAS ESM BR LT0,8L DIALINE M B AGUA LT0001LT - MARESIAS",7892948029914,32091010,83000000,LT,2026-09-11T12:48:49Z,47.99,47.99
016972,MISTURADOR TINTA 60CM MAX,,7897488036637,39259090,83000000,PC,2026-09-12T10:57:15Z,48.0,48.0
10750,"TINTA ACR PREMIUM TOQUE FOSCO (CLASSICA) BRANCO FOSCO 0,9L SUVINIL",,7891260561706,32091010,83000000,LT,2026-09-12T14:17:05Z,54.0,48.13
10750,"TINTA ACR PREMIUM TOQUE FOSCO (CLASSICA) BRANCO FOSCO 0,9L SUVINIL",,7891260561706,32091010,83000000,LT,2026-09-12T11:15:42Z,54.0,48.32
10750,"TINTA ACR PREMIUM TOQUE FOSCO (CLASSICA) BRANCO FOSCO 0,9L SUVINIL",,7891260561706,32091010,83000000,LT,2026-09-11T14:39:43Z,54.0,48.58
00747,"TINTA GESSO ECONOMICA HGESSO BRANCO FOSCO 3,6L HIDRACOR","HGESSO HIDRACOR 3,6L",7897144701145,32091010,83000000,GL,2026-09-15T20:07:19Z,54.0,48.6
00747,"TINTA GESSO ECONOMICA HGESSO BRANCO FOSCO 3,6L HIDRACOR","HGESSO HIDRACOR 3,6L",7897144701145,32091010,83000000,GL,2026-09-10T15:03:25Z,48.6,48.6
00747,"TINTA GESSO ECONOMICA HGESSO BRANCO FOSCO 3,6L HIDRACOR","HGESSO HIDRACOR 3,6L",7897144701145,32091010,83000000,GL,2026-09-09T17:36:51Z,48.6,48.6
2633,MASSA CORRIDA BD 20KG - TINTAS MIL,,0,32141020,83000000,KG,2026-09-14T18:01:31Z,48.9,48.9
10750,"TINTA ACR PREMIUM TOQUE FOSCO (CLASSICA) BRANCO FOSCO 0,9L SUVINIL",,7891260561706,32091010,83000000,LT,2026-09-12T14:35:41Z,54.0,49.1
01324,FUNDO SINT.NIVELADOR 1/4            CORALIT,TINTA CORALIT FUN NIVELADOR BRANCO 900ML 1X900MLCORAL,7891019204267,32089010,83000000,LT,2026-09-15T18:07:22Z,62.0,49.7
7892948003662,"TINTA ACR FOSC 3,6L AREIA DIATEX IQUINE",,0,32091010,83000000,GL,2026-09-11T00:55:48Z,49.9,49.9
7891494070029,TINTA SPRAY BRONZE 1002 350ML ALUMEN COLORGIN,TINTA SPRAY BRONZE 1002 350ML ALUMEN COLORGIN,7891494070029,32082019,83000000,UN,2026-09-12T15:18:28Z,49.9,49.9
6976,"TINTA VINIL ACR 3,6L PINTALAR BR GELO IQUINE",,0,32091010,83000000,PC,2026-09-13T13:19:04Z,49.9,49.9
92302245,Tinta Economica 15L,,7899698425942,32091010,83000000,UN,2026-09-13T14:25:37Z,106.28,49.9
010472,ESMALTE SINTETICO BRANCO 900 ML - MAZA*,TINTA ESM SINT BR 900ML 1X900ML MAZA,7898289930612,32089010,83000000,UN,2026-09-15T21:21:44Z,49.9,49.9
1701,TINTA BELLA BRANCO NEVE 15L,,7908147617385,32091010,83000000,UND,2026-09-15T17:12:37Z,49.9,49.9
15214,GALVIBEN ACRILICO DF BRANCO #  # ONU 1263 QUANT.LTDA TINTA 3 II,,7908074806111,32149000,83000000,UN,2026-09-15T12:20:46Z,49.99,49.99
9445,TINTA ESM SINT B/AGUA AQUAMAX 750ML PT HIDRO,,7899010493284,32091010,83000000,UN,2026-09-12T16:54:41Z,50.0,50.0
8964,TINTA ESM SINT B/AGUA AQUAMAX 750ML BR HIDROT,,7899010493277,32091010,83000000,UN,2026-09-11T15:11:05Z,50.0,50.0
284,BP PRATA SIRIUS MET. VW 0912 SKYLACK 900ML,"TINTA SKYLACK BP PRATA SIRIUS MET. VW 0912 0,900L",7898453806125,32089010,83000000,UN,2026-09-10T21:18:15Z,50.0,50.0
376,BP PRATA POLARIS MET. GM 05 SKYLACK 900ML,"TINTA SKYLACK BP PRATA POLARIS MET. GM 05 0,900L",7898453800581,32081010,83000000,UN,2026-09-15T20:44:23Z,50.0,50.0
3577,ESM SINT B/AGUA AQUAMAX 900ML BR HIDROT,ESMALTE SINTETICO BASE D'AGUA AQUAMAX 900ML BRANCO HIDROTINTAS,7899010424516,32091010,83000000,UN,2026-09-15T19:58:34Z,50.0,50.0
2723,"TINTA dupla funcao 0,9L PRETO ACETINADO",,0,32089010,83000000,UND,2026-09-12T13:32:51Z,50.0,50.0
376,BP PRATA POLARIS MET. GM 05 SKYLACK 900ML,"TINTA SKYLACK BP PRATA POLARIS MET. GM 05 0,900L",7898453800581,32081010,83000000,UN,2026-09-10T20:51:11Z,59.0,50.0
1105,MARTELADO AZUL DEL REY 900ML - BRASILUX,MARTELADO SINTETICO - MARTELADO AZUL DEL REY 900 ML,7893866086812,32091010,83000000,MR,2026-09-09T17:44:35Z,59.0,50.0
4558,PU TINTA MANIPULADA - 18 SHERWIN - WILLIAMS,,0,32081010,83000000,UN,2026-09-09T13:33:53Z,50.0,50.0
284,BP PRATA SIRIUS MET. VW 0912 SKYLACK 900ML,"TINTA SKYLACK BP PRATA SIRIUS MET. VW 0912 0,900L",7898453806125,32081010,83000000,UN,2026-09-15T21:01:42Z,59.0,50.08571428571429
7899698402882,Tinta eco Int fosc br 36L Klasse NPB,,0,32091010,83000000,UN,2026-09-12T20:13:21Z,50.96,50.96
92302252,Tinta Economica 3 6L,,7899698402882,32091010,83000000,UN,2026-09-11T13:48:08Z,50.96,50.96
3153,LAZZUDUR PU BRANCO PURO II,TINTA PU BRANCO PURO II 675 -SHERWIN,7891452420835,32082019,83000000,UN,2026-09-15T17:17:05Z,54.99,51.145
01414,"ESMALTE PREMIUM CORALIT ULTRA RESISTENCIA PRETO FOSCO 0,9L CORAL",TINTA CORALIT ULTRA RESIST FO PRETO 900ML CORAL,7891019203536,32089010,83000000,LT,2026-09-14T14:51:05Z,51.2,51.2
994422,"TINTA ESM BR 0,75L DIALINE SEC PT IQUINE",,7892948053445,32081010,83000000,LT,2026-09-11T13:09:04Z,51.99,51.99
74169,"TINTA VN ACR FC GP3,6L PINTALAR BR/NV IQ GP0001GP","PINTALAR-VINIL ACRIL BCO NEVE 3,6L -> PRODUTO NAO CLASSIFICADO COMO PERIGOSO PARA FINS DE TRANSPORTE.",7892948011650,32091010,83000000,GP,2026-09-15T16:15:11Z,51.99,51.99
74175,"TINTA VN ACR FC GP3,6L PINTALAR MF IQUIN GP0001GP","PINTALAR-VINIL ACRIL MARFIM 3,6L -> PRODUTO NAO CLASSIFICADO COMO PERIGOSO PARA FINS DE TRANSPORTE.",7892948017997,32091010,83000000,GP,2026-09-15T16:20:51Z,51.99,51.99
74177,"TINTA VN ACR FC GP3,6L PINTALAR VD/PM IQ GP0001GP","PINTALAR-VINIL ACR VD PRIMAVERA 3,6L -> PRODUTO NAO CLASSIFICADO COMO PERIGOSO PARA FINS DE TRANSPORTE.",7892948019694,32091010,83000000,GP,2026-09-15T16:15:11Z,51.99,51.99
74178,"TINTA VN ACR FC GP3,6L PINTALAR RS/PET I GP0001GP","PINTALAR-VINIL ACR ROSA PETALA 3,6L -> PRODUTO NAO CLASSIFICADO COMO PERIGOSO PARA FINS DE TRANSPORTE.",7892948018017,32091010,83000000,GL,2026-09-09T21:47:19Z,51.99,51.99
74179,"TINTA VN ACR FC GP3,6L PINTALAR PESS IQU","PINTALAR-VINIL ACRIL PESSEGO 3,6L -> PRODUTO NAO CLASSIFICADO COMO PERIGOSO PARA FINS DE TRANSPORTE.",7892948011773,32091010,83000000,GP,2026-09-09T19:22:49Z,51.99,51.99
74180,"TINTA VN ACR FC GP3,6L PINTALAR AZ/CEU I GP0001GP","PINTALAR-VINIL ACRIL AZUL CEU 3,6L -> PRODUTO NAO CLASSIFICADO COMO PERIGOSO PARA FINS DE TRANSPORTE.",7892948011711,32091010,83000000,GL,2026-09-15T17:39:05Z,51.99,51.99
92952,"TINTA VN ACR FC GP3,6L PINTALAR PITANGA GP0001GP","PINTALAR-VINIL ACRIL PITANGA 3,6L -> PRODUTO NAO CLASSIFICADO COMO PERIGOSO PARA FINS DE TRANSPORTE.",7892948024391,32091010,83000000,GP,2026-09-15T16:20:51Z,51.99,51.99
934440,"TINTA VN ACR FC GP3,6L PINTALAR VD/LM IQ GP0001GP","PINTALAR-ACRIL VERDE LIMAO 3,6L -> PRODUTO NAO CLASSIFICADO COMO PERIGOSO PARA FINS DE TRANSPORTE.",7892948044337,32091010,83000000,GL,2026-09-09T16:37:31Z,51.99,51.99
982029,"TINTA ESM BR 0,75L DIALINE SEC BR/NV IQ LT0001LT",,7892948051977,32081010,83000000,LT,2026-09-14T20:52:16Z,51.99,51.99
994391,"TINTA ESM BR 0,75L DIALINE SEC PLAT IQUI LT0001LT",,7892948052967,32081010,83000000,LT,2026-09-15T20:25:53Z,51.99,51.99
994416,"TINTA ESM BR 0,75L DIALINE SEC VM IQUINE",,7892948052929,32081010,83000000,LT,2026-09-13T14:06:46Z,51.99,51.99
994415,"TINTA ESM BR 0,75L DIALINE SEC LJ IQUINE",,7892948053360,32081010,83000000,LT,2026-09-14T20:53:09Z,51.99,51.99
994410,"TINTA ESM BR 0,75L DIALINE SEC MR/CQ IQU LT0001LT",,7892948053261,32081010,83000000,LT,2026-09-15T16:26:18Z,51.99,51.99
00480,"TINTA ACR ECONOMICA CORALAR + DESEMP VERDE KIWI FOSCO 3,6L CORAL","TINTA PARA PAREDE ACRILICA CORAL CORALAR 3,6L VERDE KIWI",7891019169528,32091010,83000000,GL,2026-09-11T15:58:30Z,52.0,52.0
48778,"TINTA COLORIR 3,0L LJ.POR DO SOL LUX",,7908147621719,32091010,83000000,UN,2026-09-13T12:50:39Z,54.99,52.79
01885,"TINTA ACR ECONOMICA CORALAR + DESEMP BRANCO FOSCO 3,6L CORAL","TINTA PARA PAREDE ACRILICA CORAL CORALAR 3,6L BRANCO",7891019176120,32091010,83000000,GL,2026-09-15T16:30:32Z,53.1,52.8
01886,"TINTA ACR ECONOMICA CORALAR + DESEMP GELO FOSCO 3,6L CORAL","TINTA PARA PAREDE ACRILICA CORAL CORALAR 3,6 L BRANCO GELO",7891019176144,32091010,83000000,GL,2026-09-14T13:12:58Z,59.0,53.0
1330,TINTA ESMALTE 900ML IQUINE,,0,32082019,83000000,UN,2026-09-11T12:56:49Z,53.0,53.0
01886,"TINTA ACR ECONOMICA CORALAR + DESEMP GELO FOSCO 3,6L CORAL","TINTA PARA PAREDE ACRILICA CORAL CORALAR 3,6 L BRANCO GELO",7891019176144,32091010,83000000,GL,2026-09-10T12:40:36Z,59.0,53.0
4712,TINTA LTX COLORIR AZUL PERSIA 3L C/4 LUX,,7908147621658,32091010,83000000,PT,2026-09-09T19:16:17Z,53.0,53.0
4710,TINTA LTX COLORIR AREIA 3L C/4 LUX,,7908147621634,32091010,83000000,PT,2026-09-12T12:01:22Z,53.0,53.0
01886,"TINTA ACR ECONOMICA CORALAR + DESEMP GELO FOSCO 3,6L CORAL","TINTA PARA PAREDE ACRILICA CORAL CORALAR 3,6 L BRANCO GELO",7891019176144,32091010,83000000,GL,2026-09-15T17:03:21Z,59.0,53.0
01885,"TINTA ACR ECONOMICA CORALAR + DESEMP BRANCO FOSCO 3,6L CORAL","TINTA PARA PAREDE ACRILICA CORAL CORALAR 3,6L BRANCO",7891019176120,32091010,83000000,GL,2026-09-15T18:43:09Z,59.0,53.07
01885,"TINTA ACR ECONOMICA CORALAR + DESEMP BRANCO FOSCO 3,6L CORAL","TINTA PARA PAREDE ACRILICA CORAL CORALAR 3,6L BRANCO",7891019176120,32091010,83000000,GL,2026-09-11T19:03:08Z,53.1,53.1
01885,"TINTA ACR ECONOMICA CORALAR + DESEMP BRANCO FOSCO 3,6L CORAL","TINTA PARA PAREDE ACRILICA CORAL CORALAR 3,6L BRANCO",7891019176120,32091010,83000000,GL,2026-09-14T17:48:05Z,53.1,53.1
7891019993987,TINTA ACR FOSC PROF BASE P 800ML MASTER CORAL,,0,32091010,83000000,UN,2026-09-15T21:38:14Z,53.25,53.25
10435,BRANCO POL BANCHISA LISA 900ML LAZZUDUR,TINTA POLIESTER LAZZUDUR BRANCO BANCHISA LISA 900ML- SHERWIN,7891452222934,32081010,83000000,LT,2026-09-10T17:42:19Z,53.6,53.6
985806,"TINTA ESM BR 0,75L SEC RAP PT CORAL LT0001LT",,7891019920709,32081010,83000000,LT,2026-09-12T12:44:33Z,53.99,53.99
985801,"TINTA ESM BR 0,75L SEC RAP BR CORAL",,7891019920662,32081010,83000000,LT,2026-09-15T16:42:39Z,53.99,53.99
996794,"TINTA ESM AC 0,75L DIALINE SEC BR/NV IQU LT0001LT",,7892948054084,32081010,83000000,LT,2026-09-15T21:50:05Z,53.99,53.99
985835,"TINTA ESM BR 0,75L SEC RAP MF CORAL LT0001LT",,7891019920945,32081010,83000000,LT,2026-09-12T11:56:28Z,53.99,53.99
985877,"TINTA ESM BR 0,75L SEC RAP AM/TR CORAL LT0001LT",,7891019921072,32081010,83000000,LT,2026-09-12T12:44:33Z,53.99,53.99
168,"TINTA LATEX PINTALAR 3,6L INT IQUINE","PINTALAR-VINIL ACRIL PITANGA 3,6L -> PRODUTO NAO CLASSIFICADO COMO PERIGOSO PARA FINS DE TRANSPORTE.",7892948024391,32091010,83000000,UN,2026-09-12T15:49:20Z,54.0,54.0
7891260559291,"TINTA ACR SB 0,8L BASE B2 TOQUE BRILHO SUVINIL",,0,32091010,83000000,UN,2026-09-10T20:01:51Z,54.02,54.02
8915,TINTA ACR PINTALAR GL BR NEVE IQUINE 1,"PINTALAR-VINIL ACRIL BCO NEVE 3,6L -> PRODUTO NAO CLASSIFICADO COMO PERIGOSO PARA FINS DE TRANSPORTE.",7892948011650,32081010,83000000,GL,2026-09-10T21:42:30Z,54.05,54.05
8915,TINTA ACR PINTALAR GL BR NEVE IQUINE 1,"PINTALAR-VINIL ACRIL BCO NEVE 3,6L -> PRODUTO NAO CLASSIFICADO COMO PERIGOSO PARA FINS DE TRANSPORTE.",7892948011650,32081010,83000000,GL,2026-09-15T18:46:00Z,57.5003,54.24
0004808,"TINTA PISO VERMELHO SEGURANCA 3,6L MIRACRIL MIRACO",,7890000048088,32091010,83000000,GL,2026-09-10T18:56:33Z,54.24,54.24
2291,TINTA ESM DIALINE BCO NEVE ACET 900ML,"TINTA ESM AC LT0,9L DIALINE B AG BR NEVE LT0001LT",7892948031733,32091010,83000000,UN,2026-09-12T15:06:41Z,54.49,54.49
182,BP BRANCO POLAR LISA 900ML HYUNDAI SKY,TINTA ROYAL BP BRANCO POLAR LISA HYUNDAI 1219,7899494504728,32081010,83000000,MR,2026-09-15T21:05:23Z,65.0,54.65714285714286
287,BP CINZA VULCAN MET. VW SKYLACK,TINTA SKYLACK 900ML BP CINZA VULCAN MET. VW 0913,7898453806064,32081010,83000000,MR,2026-09-10T20:55:36Z,63.0,54.72
182,BP BRANCO POLAR LISA HYUNDAI SKYLACK 900ML,TINTA ROYAL BP BRANCO POLAR LISA HYUNDAI 1219,7899494504728,32081010,83000000,UN,2026-09-15T20:54:40Z,65.0,54.88
92933,"TINTA VN ACR GP3,6L DIATEX RIO/OS IQUINE GP0001GP","TINTA ACR FOSC 3,6L RIO DAS OSTRAS DIATEX IQUINE",7892948024377,32091010,83000000,GP,2026-09-12T19:14:59Z,54.99,54.99
92921,"TINTA VN ACR GP3,6L DIATEX CAM IQUINE GP0001GP","TINTA VN ACR 3,6L DIATEX CAM IQUINE GL0001GL",7892948024353,32091010,83000000,GL,2026-09-09T21:39:30Z,54.99,54.99
74773,"TINTA VN ACR GP3,6L DIATEX CZ IQUINE","DIATEX PINTA MAIS CINZA 3,6L -? PRODUTO NAO CLASSIFICADO COMO PERIGOSO PARA FINS DE TRANSPORTE.",7892948003815,32091010,83000000,GP,2026-09-13T17:54:41Z,54.99,54.99
49600,"TINTA COLORIR 3,0L BR NEVE LUX",,7908147621689,32091010,83000000,GL,2026-09-09T19:40:13Z,54.99,54.99
74764,"TINTA VN ACR GP3,6L DIATEX BR/GL IQUINE GP0001GP","T DIATEX ACRIL BRANCO GELO 3,6L IQUINE 1X3,6LIQUINE",7892948003730,32091010,83000000,GP,2026-09-13T17:07:26Z,54.99,54.99
74757,"TINTA VN ACR GP3,6L DIATEX AM/CAN IQUINE GP0001GP","TINTA ACRILICA AMARELO CANARIO 3,6 LTS DIATEX IQUINE",7892948003709,32091010,83000000,GL,2026-09-15T11:44:10Z,54.99,54.99
891879,"TINTA ACR 3,6L CORALAR +EC BR CORAL GL0001GL","TINTA PAREDE VINIL ACRILICA PAREDEX 3,6 L BRANCO",7891019176083,32091010,83000000,GP,2026-09-13T13:21:07Z,54.99,54.99
874625,"TINTA VN ACR GP3,6L DIATEX IPAN IQUINE GP0001GP","DIATEX PINTA MAIS IPANEMA 3,6L - PRODUTO NAO CLASSIFICADO COMO PERIGOSO PARA FINS DE TRANSPORTE.",7892948024827,32091010,83000000,GL,2026-09-12T19:01:34Z,54.99,54.99
74771,"TINTA VN ACR GP3,6L DIATEX BR/NV IQUINE GP0001GP","T DIATEX ACRIL BRANCO NEVE 3,6L IQUINE 1X3,6L IQUINE",7892948003761,32091010,83000000,GP,2026-09-12T19:02:02Z,54.99,54.99
29544,TINTA DURAMAIS 15L CROMO SUAVE LUX,,7908147611567,32091010,83000000,UN,2026-09-13T12:50:39Z,109.99,54.995
0000593,"TINTA VN ACR FC GP3,6L PINTALAR BR/NV IQ","PINTALAR-VINIL ACRIL BCO NEVE 3,6L -> PRODUTO NAO CLASSIFICADO COMO PERIGOSO PARA FINS DE TRANSPORTE.",7892948011650,32091010,83000000,GP,2026-09-11T20:22:05Z,55.0,55.0
005095,"TINTA LATEX 3,6LT CORAL",,0,32091010,83000000,GL,2026-09-10T11:28:23Z,55.0,55.0
014053,"TINTA ESM BR 0,9L CORALIT ZR PT CORAL",CORALIT ZERO SECAGEM RAPIDA BALANCE BRILHANTE PRETO 1/4,7891019164981,32091010,83000000,LT,2026-09-09T19:19:13Z,55.0,55.0
014312,"TINTA ESM BR 0,9L CORALIT ZR PLAT CORAL","TINTA ESM BR 0,9L CORALIT ZR PLAT CORAL LT0001LT",7891019165087,32091010,83000000,LT,2026-09-14T12:28:46Z,55.0,55.0
196,"TINTA PISO AMARELO DEMARC 3,0L BELLA",,7908147621146,32091010,83000000,UN,2026-09-09T12:28:50Z,55.0,55.0
377,"TINTA VINIL ACR GL3,6L PINTALAR BR NEVE","PINTALAR-VINIL ACRIL BCO NEVE 3,6L -> PRODUTO NAO CLASSIFICADO COMO PERIGOSO PARA FINS DE TRANSPORTE.",7892948011650,32091010,83000000,UND,2026-09-14T19:14:23Z,55.0,55.0
01890,"TINTA ACR ECONOMICA CORALAR + DESEMP MARFIM FOSCO 3,6L CORAL","TINTA CORALAR ACRILICA MARFIM 3.6L CORAL 1X3,6L CORAL",7891019138623,32091010,83000000,GL,2026-09-10T18:06:16Z,65.0,55.0
8916,TINTA ACR PINTALAR GL IQUINE BR GELO 1,"PINTALAR-VINIL ACRIL BCO GELO 3,6L -> PRODUTO NAO CLASSIFICADO COMO PERIGOSO PARA FINS DE TRANSPORTE.",7892948011674,32091010,83000000,GL,2026-09-10T15:15:46Z,55.0,55.0
6731,"CORALAR ACRILICO FOSCO BRANCO CORAL 3,6L","TINTA PARA PAREDE ACRILICA CORAL CORALAR 3,6L BRANCO",7891019176120,32091010,83000000,GL,2026-09-14T11:53:27Z,65.0,55.05
07562,BRANCO PU PURO 675ML LAZZURIL,TINTA PU BRANCO PURO II 675 -SHERWIN,7891452420835,32082019,83000000,LT,2026-09-10T17:32:41Z,55.2,55.2
10491,"TINTA ACR ECONOMICA MUDA FACIL MARFIM FOSCO 3,6L GLASU",,7891260532690,32091010,83000000,GL,2026-09-15T16:28:36Z,69.0,55.2
09846,"TINTA ACR ECONOMICA MUDA FACIL ALGODAO EGIPICIO FOSCO 3,6L GLASU",GLASU LX ACR ECO (MUDA FACIL) ALGODAO EGIPCIO GAL,7891260508046,32091010,83000000,GL,2026-09-14T11:27:21Z,69.0,55.2
9162,TINTA ESMT SINT DIALINE 750ML PT 1,,7892948053445,32081010,83000000,UN,2026-09-14T15:35:47Z,58.8997,55.59
01324,FUNDO SINT.NIVELADOR 1/4            CORALIT,TINTA CORALIT FUN NIVELADOR BRANCO 900ML 1X900MLCORAL,7891019204267,32089010,83000000,LT,2026-09-14T17:57:55Z,55.8,55.68
07591,PRETO POL NINJA LISA VW 900ML LAZZURIL,TINTA POLIESTER LAZZUDUR PRETO NINJA LISA 900ML- SHERWIN,7891452274032,32081010,83000000,LT,2026-09-14T14:02:47Z,55.8,55.8
01324,FUNDO SINT.NIVELADOR 1/4            CORALIT,TINTA CORALIT FUN NIVELADOR BRANCO 900ML 1X900MLCORAL,7891019204267,32089010,83000000,LT,2026-09-12T11:04:55Z,62.0,55.8
06830,PRETO - RM PRETO - RM DECORA MATTE EXTRA FOSCO (NOVO) T LT RM008,"TINTA BASE ACR FC LT0,8L DECORA T LT0001LT - BISCOITO DE CHOCOLAT",7891019906864,32091010,83000000,UN,2026-09-15T11:19:24Z,56.0,56.0
12553,TINTA ACR COLORIR BR NEVE 3L GL LUX GL,,7908147621689,32091010,83000000,GL,2026-09-15T17:27:32Z,58.9,56.0
287,BP CINZA VULCAN MET. VW SKYLACK 900ML,TINTA SKYLACK 900ML BP CINZA VULCAN MET. VW 0913,7898453806064,32089010,83000000,UN,2026-09-09T10:45:31Z,68.5,56.41
2007142,TINTA SPRAY ALT.TEMP.350ML PT BR.TE,TINTA TEKBON AEROSSOL PRETO ALTA TEMPERATURA PRETO BRILHANTE 350ML,7898543381167,32082019,83000000,UN,2026-09-12T16:34:00Z,56.9,56.9
06830,TAMARA 00YY 19/261 DECORA MATTE EXTRA FOSCO (NOVO) T LT 5014,"TINTA BASE ACR FC LT0,8L DECORA T LT0001LT - BISCOITO DE CHOCOLAT",7891019906864,32091010,83000000,UN,2026-09-15T20:11:32Z,63.9961,57.03
01414,"ESMALTE PREMIUM CORALIT ULTRA RESISTENCIA PRETO FOSCO 0,9L CORAL",TINTA CORALIT ULTRA RESIST FO PRETO 900ML CORAL,7891019203536,32089010,83000000,LT,2026-09-12T15:30:42Z,64.0,57.5
20920,"TINTA ACRILICA INT.CORALAR BR 3,6L CORAL","TINTA PARA PAREDE ACRILICA CORAL CORALAR 3,6L BRANCO",7891019176120,32091010,83000000,UN,2026-09-15T16:18:34Z,59.99,57.59
356091,"IQUINE PINTALAR 3,6L ONCA UN","TINTA PINTALAR VINIL ACRILICA 3,6L ONCA",7892948050383,32091010,83000000,UN,2026-09-09T14:09:04Z,57.9,57.9
1559,TINTA ACRI PINTALAR 3 6L BR NEVE IQUINE,"PINTALAR-VINIL ACRIL BCO NEVE 3,6L -> PRODUTO NAO CLASSIFICADO COMO PERIGOSO PARA FINS DE TRANSPORTE.",7892948011650,32091010,83000000,UN,2026-09-09T19:11:54Z,58.0,58.0
01889,"TINTA ACR ECONOMICA CORALAR + DESEMP AREIA FOSCO 3,6L CORAL","TINTA PARA PAREDE ACRILICA CORAL CORALAR 3,6 L AREIA",7891019138647,32091010,83000000,GL,2026-09-15T11:56:08Z,65.0,58.38
01892,"TINTA ACR ECONOMICA CORALAR + DESEMP CONCRETO FOSCO 3,6L CORAL","TINTA PARA PAREDE ACRILICA CORAL CORALAR 3,6 L CONCRETO",7891019138562,32091010,83000000,GL,2026-09-09T11:25:27Z,58.5,58.465
00479,"TINTA ACR ECONOMICA CORALAR + DESEMP AMARELO CANARIO FOSCO 3,6L CORAL","TINTA PARA PAREDE ACRILICA CORAL CORALAR 3,6 L AMARELO CANARIO",7891019169559,32091010,83000000,GL,2026-09-12T13:03:48Z,65.0,58.48
01888,"TINTA ACR ECONOMICA CORALAR + DESEMP CAMURCA FOSCO 3,6L CORAL","TINTA PARA PAREDE ACRILICA CORAL CORALAR 3,6L CAMURCA",7891019138609,32091010,83000000,GL,2026-09-09T14:19:27Z,58.5,58.49
00484,"TINTA ACR ECONOMICA CORALAR + DESEMP AMARELO FREVO FOSCO 3,6L CORAL","TINTA PARA PAREDE ACRILICA CORAL CORALAR 3,6 L AMARELO FREVO",7891019169368,32091010,83000000,GL,2026-09-15T11:42:17Z,58.5,58.5
00484,"TINTA ACR ECONOMICA CORALAR + DESEMP AMARELO FREVO FOSCO 3,6L CORAL","TINTA PARA PAREDE ACRILICA CORAL CORALAR 3,6 L AMARELO FREVO",7891019169368,32091010,83000000,GL,2026-09-11T11:12:56Z,65.0,58.5
01894,"TINTA ACR ECONOMICA CORALAR + DESEMP PESSEGO FOSCO 3,6L CORAL","TINTA PARA PAREDE ACRILICA CORAL CORALAR 3,6 L PESSEGO",7891019138586,32091010,83000000,GL,2026-09-12T11:56:30Z,65.0,58.5
01889,"TINTA ACR ECONOMICA CORALAR + DESEMP AREIA FOSCO 3,6L CORAL","TINTA PARA PAREDE ACRILICA CORAL CORALAR 3,6 L AREIA",7891019138647,32091010,83000000,GL,2026-09-15T12:05:08Z,58.5,58.5
01888,"TINTA ACR ECONOMICA CORALAR + DESEMP CAMURCA FOSCO 3,6L CORAL","TINTA PARA PAREDE ACRILICA CORAL CORALAR 3,6L CAMURCA",7891019138609,32091010,83000000,GL,2026-09-10T17:11:09Z,58.5,58.5
00474,"TINTA ACR ECONOMICA CORALAR + DESEMP LUA DO SERTAO FOSCO 3,6L CORAL","TINTA PARA PAREDE ACRILICA CORAL CORALAR 3,6 L LUA SERTAO",7891019169375,32091010,83000000,GL,2026-09-14T17:48:05Z,58.5,58.5
00483,"TINTA ACR ECONOMICA CORALAR + DESEMP LARANJA MARACATU FOSCO 3,6L CORAL","TINTA PARA PAREDE ACRILICA CORAL CORALAR 3,6 L LARANJA/MARACATU",7891019168606,32091010,83000000,GL,2026-09-12T13:24:18Z,58.5,58.5
01889,"TINTA ACR ECONOMICA CORALAR + DESEMP AREIA FOSCO 3,6L CORAL","TINTA PARA PAREDE ACRILICA CORAL CORALAR 3,6 L AREIA",7891019138647,32091010,83000000,GL,2026-09-12T14:01:34Z,65.0,58.79
07164,"MARFIM - RM ACR FOSCO BASE PM 0,8L RENDE MUITO CORAL MARFIM",TINTA BASE ACR FC 1/4 REND MUIT CS PM LT0001LT - ROSA VALENTIM,7891019170661,32091010,83000000,1/4,2026-09-15T17:37:01Z,58.9,58.9
12783,TINTA ACR COLORIR LAR POR SOL GL 3L LUX GL,,7908147621719,32081010,83000000,GL,2026-09-10T13:56:55Z,58.95,58.95
79028,"TINTA ESM BR 0,9L CORALIT ZR BR CORAL LT0001LT",CORALIT ZERO SECAGEM RAPIDA BALANCE BRILHANTE BRANCO NEVE 1/4,7891019164967,32091010,83000000,LT,2026-09-14T11:07:29Z,58.99,58.99
997393,"TINTA ESM BR 0,75L DIALINE B AG BR/NV IQ LT0001LT",,7892948053704,32091010,83000000,LT,2026-09-11T12:50:01Z,58.99,58.99
997395,"TINTA ESM BR 0,75L DIALINE B AG BR/GL IQ LT0001LT",,7892948053728,32091010,83000000,LT,2026-09-14T21:20:48Z,58.99,58.99
997398,"TINTA ESM BR 0,75L DIALINE B AG MF IQUIN LT0001LT",,7892948053780,32091010,83000000,LT,2026-09-15T14:08:54Z,58.99,58.99
79029,"TINTA ESM BR 0,9L CORALIT ZR GL CORAL",CORALIT ZERO SECAGEM RAPIDA BALANCE BRILHANTE BRANCO GELO 1/4,7891019165100,32091010,83000000,LT,2026-09-12T22:07:49Z,58.99,58.99
01894,"TINTA ACR ECONOMICA CORALAR + DESEMP PESSEGO FOSCO 3,6L CORAL","TINTA PARA PAREDE ACRILICA CORAL CORALAR 3,6 L PESSEGO",7891019138586,32091010,83000000,GL,2026-09-14T11:49:07Z,65.0,59.0
7892948011650,"TINTA FOSC BR NEVE 3,6L PINTALAR  IQUINE",,0,32091010,83000000,GL,2026-09-12T20:18:36Z,61.9,59.04
06028,"ACR INTERIOR FOSCO GELO 3,6L CORALAR MAIS DESEMPENHO CORAL","TINTA PARA PAREDE ACRILICA CORAL CORALAR 3,6 L BRANCO GELO",7891019176144,32091010,83000000,GL,2026-09-09T19:19:19Z,59.68,59.68
09245,"ACR INTERIOR FOSCO BRANCO 3,6L CORALAR MAIS DESEMPENHO CORAL","TINTA PARA PAREDE ACRILICA CORAL CORALAR 3,6L BRANCO",7891019176120,32091010,83000000,GL,2026-09-15T17:41:13Z,59.68,59.68
12191,TINTA ACR BR NEVE GL ECO GLASU 1,,7891260545881,32091010,83000000,GL,2026-09-15T19:29:13Z,59.75,59.75
7892948045044,"TINTA ACR FOS CAJU 3,6L DIATEX IQUINE",,0,32091010,83000000,UN,2026-09-15T19:16:31Z,59.9,59.9
7892948050383,"TINTA ECON FOS ONCA 3,6L PINTALAR IQUINE",,0,32091010,83000000,BD,2026-09-10T19:00:05Z,59.9,59.9
7892948044337,"TINTA ACR FOS VD LIMAO 3,6L PINTALAR IQUINE",,0,32091010,83000000,UN,2026-09-10T13:39:11Z,59.9,59.9
7892948011735,"TINTA FOSC PALHA 3,6L PINTALAR  IQUINE","PINTALAR-VINIL ACRIL PALHA 3,6L -> PRODUTO NAO CLASSIFICADO COMO PERIGOSO PARA FINS DE TRANSPORTE.",7892948011735,32091010,83000000,GL,2026-09-09T19:22:36Z,59.9,59.9
361188,HIDROTINTAS MASSA CORRIDA 20KG BALDE UN,,7899010486262,32141020,83000000,UN,2026-09-15T17:45:07Z,59.9,59.9
7892948011773,"TINTA FOSC PESSEGO 3,6L PINTALAR  IQUINE",,0,32091010,83000000,GL,2026-09-09T18:55:05Z,59.9,59.9
7892948011759,"TINTA FOSC PEROLA 3,6L PINTALAR  IQUINE",,0,32091010,83000000,GL,2026-09-10T21:15:55Z,59.9,59.9
7892948011759,"TINTA FOSC PEROLA 3,6L PINTALAR  IQUINE",,0,32091010,83000000,GL,2026-09-10T13:39:11Z,59.9,59.9
55007,"TINTA ACR.F.PINT.ESSE.BR GELO 3,6L GLASU",,7891260530191,32091010,83000000,UN,2026-09-15T16:31:00Z,59.99,59.99
001662,"TINTA AMARELO CAJU 3,6L",,0,32091010,83000000,GL,2026-09-11T14:29:40Z,60.0,60.0
0000000001840,TINTA PISO VERDE QUA,,9999900033212,32091010,83000000,UN,2026-09-14T19:29:23Z,64.0,60.0
2689,TINTA DIALINE TOPA TUDO ABASE PRETO 750ML,,7892948053698,32091010,83000000,UN,2026-09-10T16:57:19Z,60.0,60.0
22,"TINTAS LUXPISO GL 3,0L PRETO",,0,32091010,83000000,UN,2026-09-10T19:46:49Z,60.0,60.0
09245,"ACR INTERIOR FOSCO BRANCO 3,6L CORALAR MAIS DESEMPENHO CORAL","TINTA PARA PAREDE ACRILICA CORAL CORALAR 3,6L BRANCO",7891019176120,32091010,83000000,GL,2026-09-09T18:08:24Z,60.0,60.0
936,TINTA PISO VERMELHO GL MIRACRIL,,0,32091010,83000000,UN,2026-09-11T12:43:26Z,60.0,60.0
464,MASSA ACRILICA 5 5 KG HIDROTINTAS,,0,32141020,83000000,GL,2026-09-12T15:24:30Z,60.0,60.0
2688,TINTA DIALINE TOPA TUDO ABASE DE AGUA BRANCO NEVE 750ML,,7892948053704,32091010,83000000,UN,2026-09-10T19:28:00Z,60.0,60.0
156,TINTA PISO AMARELO GL MIRACRIL,,0,32091010,83000000,GALAO,2026-09-15T21:10:37Z,60.0,60.0
159,TINTA PISO CINZA MEDIO GL MIRACRIL,,0,32091010,83000000,GALAO,2026-09-15T19:55:48Z,60.0,60.0
218,TINTA PISO 3L LUX,,0,32091010,83000000,UN,2026-09-15T20:19:42Z,61.0,60.06
06084,"FUNDO NIVELADOR FOSCO BRANCO 0,9L CORALIT CORAL",TINTA CORALIT FUN NIVELADOR BRANCO 900ML 1X900MLCORAL,7891019204267,32089010,83000000,UN,2026-09-12T13:15:03Z,60.34,60.34
04658,"ESMALTE BASE AGUA PREMIUM COR E PROTECAO TABACO BRILHANTE 0,9L SUVINIL",SUVINIL SEC RAP EB BASE AGUA TABACO 1/4 TINTA P SR ZEZINHO.,7891260251683,32091010,83000000,LT,2026-09-15T20:37:31Z,60.8,60.8
93218,"TINTA ESM BR 0,9L CORALI ZR TB CORAL LT0001LT","TINTA ESM BR 0,9L CORALI ZR TB CORAL LT0001LT",7891019165124,32091010,83000000,LT,2026-09-09T12:31:23Z,60.99,60.99
10515,"TINTA ACR ECONOMICA MUDA FACIL PALHA FOSCO 3,6L GLASU",,7891260532676,32091010,83000000,GL,2026-09-09T13:27:54Z,69.0,61.5
10411,"TINTA ACR ECONOMICA MUDA FACIL FOTO ANTIGA FOSCO 3,6L GLASU",,7891260546031,32091010,83000000,GL,2026-09-14T17:42:48Z,69.0,61.57
11181,"TINTA ACR ECONOMICA MUDA FACIL LAMINA AFIADA FOSCO 3,6L GLASU",,7891260552414,32091010,83000000,GL,2026-09-09T17:13:09Z,69.0,61.71
375263,HIDROTINTAS PISOS E PAREDES 3L AM OURO UN,,7899010493864,32091010,83000000,LT,2026-09-12T12:13:55Z,61.9,61.9
375266,HIDROTINTAS PISOS E PAREDES 3L BR GELO UN,,7899010493901,32091010,83000000,LT,2026-09-09T14:59:41Z,61.9,61.9
375270,HIDROTINTAS PISOS E PAREDES 3L AM DEMAR UN,,7899010493857,32091010,83000000,LT,2026-09-11T12:41:03Z,61.9,61.9
375272,HIDROTINTAS PISOS E PAREDES 3L CINZA UN,,7899010493970,32091010,83000000,LT,2026-09-15T17:54:18Z,61.9,61.9
7892948011698,"TINTA FOSC AREIA 3,6L PINTALAR  IQUINE",,0,32091010,83000000,GL,2026-09-10T18:02:16Z,61.9,61.9
7892948011711,"TINTA FOSC AZ CEU 3,6L PINTALAR  IQUINE",,0,32091010,83000000,GL,2026-09-12T16:02:19Z,61.9,61.9
7892948018017,"TINTA FOSC RS PETALA 3,6L PINTALAR  IQUINE",,0,32091010,83000000,GL,2026-09-12T13:52:08Z,61.9,61.9
7892948018017,"TINTA FOSC RS PETALA 3,6L PINTALAR  IQUINE","PINTALAR-VINIL ACR ROSA PETALA 3,6L -> PRODUTO NAO CLASSIFICADO COMO PERIGOSO PARA FINS DE TRANSPORTE.",7892948018017,32091010,83000000,GL,2026-09-12T21:25:11Z,61.9,61.9
7891494008527,TINTA SPRAY BR 350ML EPOXY COLORGIN,SPRAY CGIN EPOXY BRANCO 300ML (852),7891494008527,32082019,83000000,UN,2026-09-12T15:20:34Z,61.9,61.9
7892948052035,"TINTA ECON FOS RONDON 3,6L PINTALAR IQUINE",,0,32091010,83000000,BD,2026-09-14T23:05:21Z,61.9,61.9
7892948018017,"TINTA FOSC RS PETALA 3,6L PINTALAR  IQUINE",,0,32091010,83000000,GL,2026-09-13T21:18:25Z,61.9,61.9
7891494000514,TINTA SPRAY CROMADO 350ML INT METALLIK COLORGIN,,0,32082019,83000000,UN,2026-09-12T19:23:31Z,61.9,61.9
7892948011650,"TINTA FOSC BR NEVE 3,6L PINTALAR  IQUINE",,0,32091010,83000000,GL,2026-09-15T15:54:47Z,61.9,61.9
10412,"TINTA ACR ECONOMICA MUDA FACIL GELO FOSCO 3,6L GLASU",,7891260545959,32091010,83000000,GL,2026-09-12T11:34:53Z,69.0,62.0
10410,"TINTA ACR ECONOMICA MUDA FACIL BRANCO FOSCO 3,6L GLASU",,7891260545881,32091010,83000000,GL,2026-09-15T11:20:57Z,69.0,62.0
1788,"TINTA ACRI INT PINTALAR 3,6L BR NEVE IQUINE",,0,32091010,83000000,UN,2026-09-15T14:32:54Z,62.0,62.0
09852,"TINTA ACR ECONOMICA MUDA FACIL LAMINA AFIADA FOSCO 3,6L GLASU FL",GLASU LX ACR ECO (MUDA FACIL) LAMINA AFIADA GAL,7891260508626,32091010,83000000,GL,2026-09-10T16:34:18Z,69.0,62.0
10515,"TINTA ACR ECONOMICA MUDA FACIL PALHA FOSCO 3,6L GLASU",,7891260532676,32091010,83000000,GL,2026-09-14T18:31:13Z,62.0,62.0
10515,"TINTA ACR ECONOMICA MUDA FACIL PALHA FOSCO 3,6L GLASU",,7891260532676,32091010,83000000,GL,2026-09-14T15:00:44Z,62.1,62.0
10922,"TINTA ACR ECONOMICA MUDA FACIL CEU CLARO FOSCO 3,6L GLASU",,7891260545898,32091010,83000000,GL,2026-09-09T19:42:33Z,69.0,62.0
09846,"TINTA ACR ECONOMICA MUDA FACIL ALGODAO EGIPICIO FOSCO 3,6L GLASU",GLASU LX ACR ECO (MUDA FACIL) ALGODAO EGIPCIO GAL,7891260508046,32091010,83000000,GL,2026-09-14T14:00:05Z,62.0,62.0
10410,"TINTA ACR ECONOMICA MUDA FACIL BRANCO FOSCO 3,6L GLASU",,7891260545881,32091010,83000000,GL,2026-09-09T14:31:40Z,62.1,62.02
10491,"TINTA ACR ECONOMICA MUDA FACIL MARFIM FOSCO 3,6L GLASU",,7891260532690,32091010,83000000,GL,2026-09-15T20:55:14Z,69.0,62.03666666666667
10410,"TINTA ACR ECONOMICA MUDA FACIL BRANCO FOSCO 3,6L GLASU",,7891260545881,32091010,83000000,GL,2026-09-15T20:55:14Z,69.0,62.03666666666667
10410,"TINTA ACR ECONOMICA MUDA FACIL BRANCO FOSCO 3,6L GLASU",,7891260545881,32091010,83000000,GL,2026-09-11T12:54:11Z,62.1,62.04
10410,"TINTA ACR ECONOMICA MUDA FACIL BRANCO FOSCO 3,6L GLASU",,7891260545881,32091010,83000000,GL,2026-09-15T19:25:25Z,69.0,62.07
10412,"TINTA ACR ECONOMICA MUDA FACIL GELO FOSCO 3,6L GLASU",,7891260545959,32091010,83000000,GL,2026-09-10T20:11:23Z,69.0,62.09
10515,"TINTA ACR ECONOMICA MUDA FACIL PALHA FOSCO 3,6L GLASU",,7891260532676,32091010,83000000,GL,2026-09-15T20:07:19Z,69.0,62.1
10410,"TINTA ACR ECONOMICA MUDA FACIL BRANCO FOSCO 3,6L GLASU",,7891260545881,32091010,83000000,GL,2026-09-15T18:21:18Z,62.1,62.1
10519,"TINTA ACR ECONOMICA MUDA FACIL VERDE PISCINA FOSCO 3,6L GLASU",,7891260546055,32091010,83000000,GL,2026-09-15T20:32:00Z,62.1,62.1
11181,"TINTA ACR ECONOMICA MUDA FACIL LAMINA AFIADA FOSCO 3,6L GLASU",,7891260552414,32091010,83000000,GL,2026-09-14T17:56:39Z,62.1,62.1
07562,BRANCO PU PURO 675ML LAZZURIL,TINTA PU BRANCO PURO II 675 -SHERWIN,7891452420835,32082019,83000000,LT,2026-09-14T17:27:03Z,69.0,62.1
06084,"FUNDO NIVELADOR FOSCO BRANCO 0,9L CORALIT CORAL",TINTA CORALIT FUN NIVELADOR BRANCO 900ML 1X900MLCORAL,7891019204267,32089010,83000000,UN,2026-09-10T12:09:01Z,62.21,62.21
9329,"TINTA BASE ESM AC 0,8L CORALIT UL RE T C",,0,32089010,83000000,LT,2026-09-14T11:32:35Z,62.4,62.4
7891260561782,"TINTA ACR FOS 0,8L BASE A2 TOQUE FOSCO SUVINIL",,7891260561782,32091010,83000000,UN,2026-09-14T18:11:27Z,62.59,62.59
1388,"TINTA MIRACRIL PISO CIM CINZA MEDIO 3,6L",,0,32091010,83000000,GL,2026-09-15T20:48:24Z,65.0,62.8
04692,"TINTA PISO CINZA MEDIO 3,6L MIRAPISO MIRACOR",,9999900033311,32091010,83000000,GL,2026-09-11T13:03:39Z,73.75,62.84
7892948016921,"TINTA ACR FOSC 3,6L PEROLA DIATEX IQUINE","TINTA VN ACR 3,6L DIATEX PER IQUINE GL0001GL",7892948016921,32091010,83000000,GL,2026-09-13T19:02:11Z,62.9,62.9
7892948003815,"TINTA ACR FOS CZ 3,6L DIATEX  IQUINE","DIATEX PINTA MAIS CINZA 3,6L -? PRODUTO NAO CLASSIFICADO COMO PERIGOSO PARA FINS DE TRANSPORTE.",7892948003815,32091010,83000000,UN,2026-09-14T19:19:05Z,62.9,62.9
7892948003815,"TINTA ACR FOS CZ 3,6L DIATEX  IQUINE",,0,32091010,83000000,UN,2026-09-15T11:39:19Z,62.9,62.9
7892948003761,"TINTA ACR FOSC 3,6L BR NEVE DIATEX IQUINE","T DIATEX ACRIL BRANCO NEVE 3,6L IQUINE 1X3,6L IQUINE",7892948003761,32091010,83000000,GL,2026-09-13T15:05:26Z,62.9,62.9
7892948003761,"TINTA ACR FOSC 3,6L BR NEVE DIATEX IQUINE",,0,32091010,83000000,GL,2026-09-15T22:42:53Z,62.9,62.9
7892948003730,"TINTA ACR FOSC 3,6L BR GELO DIATEX IQUINE",,0,32091010,83000000,GL,2026-09-12T12:54:53Z,62.9,62.9
7892948003662,"TINTA ACR FOSC 3,6L AREIA DIATEX IQUINE",,0,32091010,83000000,GL,2026-09-12T14:19:53Z,62.9,62.9
7892948003815,"TINTA ACR FOS CZ 3,6L DIATEX  IQUINE","DIATEX PINTA MAIS CINZA 3,6L -? PRODUTO NAO CLASSIFICADO COMO PERIGOSO PARA FINS DE TRANSPORTE.",7892948003815,32091010,83000000,UN,2026-09-11T20:47:09Z,62.9,62.9
7892948003761,"TINTA ACR FOSC 3,6L BR NEVE DIATEX IQUINE","T DIATEX ACRIL BRANCO NEVE 3,6L IQUINE 1X3,6L IQUINE",7892948003761,32091010,83000000,GL,2026-09-15T12:46:13Z,62.9,62.9
7892948003761,"TINTA ACR FOSC 3,6L BR NEVE DIATEX IQUINE",,0,32091010,83000000,GL,2026-09-14T22:32:12Z,62.9,62.9
7892948016921,"TINTA ACR FOSC 3,6L PEROLA DIATEX IQUINE",,0,32091010,83000000,GL,2026-09-13T14:52:33Z,62.9,62.9
7892948003853,"TINTA ACR FOSC 3,6L MARFIM DIATEX IQUINE",,0,32091010,83000000,GL,2026-09-12T16:18:44Z,62.9,62.9
7891605108009,TINTA P REJUNTE ZAPT BRANCO 200ML,,0,32141020,83000000,UN,2026-09-15T20:08:32Z,62.9,62.9
3129,LAZZUDUR BRANCO SUMMIT LISA - WA8624 900ML,TINTA POLIESTER LAZZUDUR BRANCO SUMMIT LISA 900ML - SHERWIN,7891452424888,32081010,83000000,UN,2026-09-10T13:39:27Z,62.99,62.99
7891260561782,"TINTA ACR FOS 0,8L BASE A2 TOQUE FOSCO SUVINIL",,0,32091010,83000000,UN,2026-09-12T21:36:00Z,63.71,63.71
01655,"ESMALTE PREMIUM CORALIT ANTIFERRUGEM CINZA BRILHANTE 0,9L CORAL","TINTA ESM BR 0,9L CORALIT ANTIF CZ CORAL LT0001LT",7891019173440,32089010,83000000,LT,2026-09-12T13:43:34Z,63.75,63.75
7891019176144,"TINTA ACR FOS 3,6L BR GELO CORALAR CORAL",,0,32091010,83000000,GL,2026-09-15T12:29:45Z,63.9,63.9
7891019176144,"TINTA ACR FOS 3,6L BR GELO CORALAR CORAL","TINTA PARA PAREDE ACRILICA CORAL CORALAR 3,6 L BRANCO GELO",7891019176144,32091010,83000000,GL,2026-09-11T20:14:56Z,63.9,63.9
0000000001075,TINTA PISO VERMELHO,,9999900055085,32091010,83000000,UN,2026-09-10T14:23:07Z,64.0,63.9
06885,"TINTA PISO PREMIUM HPISO CINZA 3,6L HIDRACOR",HPISO TINTA PISO CINZA GAL HIDRACOR,7897144038128,32091010,83000000,GL,2026-09-12T14:27:20Z,76.0,64.5
24877,"FUNDO MAD 0,9L NIVELAD CORAL",TINTA CORALIT FUN NIVELADOR BRANCO 900ML 1X900MLCORAL,7891019204267,32089010,83000000,LT,2026-09-14T17:35:08Z,64.99,64.99
994394,"TINTA ESM BR 0,75L DIALINE SEC ALU IQUIN LT0001LT",,7892948053124,32081010,83000000,LT,2026-09-15T17:29:16Z,64.99,64.99
128,"TINTA PISO CINZA MEDIO 3,6L MIRAPISO MIRACOR",,9999900033311,32091010,83000000,GL,2026-09-14T18:46:15Z,65.0,65.0
7619,"TINTA PISO BRANCO 3,6L MIRAPISO MIRACOR",,9999900032345,32091010,83000000,GL,2026-09-11T21:04:01Z,65.0,65.0
6927,MASSA CORRIDA BD 20KG- TINTAS MIL,,618341747128,32141020,83000000,UN,2026-09-15T15:39:40Z,65.0,65.0
2603,TINTA LUXPISO AMARELO DEMARCACAO 3L LUX,,7908147622068,32091010,83000000,UN,2026-09-11T15:22:10Z,65.0,65.0
1465,KIT BRANCO PURO PU SKYLACK,"TINTA SKYLACK PU BRANCO PURO 0,675L",7898453800598,32089010,83000000,UN,2026-09-15T20:14:53Z,77.0,65.08
1465,KIT BRANCO PURO PU SKYLACK,"TINTA SKYLACK PU BRANCO PURO 0,675L",7898453800598,32089010,83000000,UN,2026-09-15T14:52:01Z,77.0,65.35
07562,BRANCO PU PURO 675ML LAZZURIL,TINTA PU BRANCO PURO II 675 -SHERWIN,7891452420835,32082019,83000000,LT,2026-09-11T13:25:51Z,69.0,65.36
219,KIT BRANCO GEADA PU SKYLACK,"TINTA SKYLACK PU BRANCO GEADA VW 95 0,675L",7898910510947,32089010,83000000,UN,2026-09-11T20:44:29Z,77.0,65.42
196,KIT BRANCO CRISTAL II PU VW SKYLACK 900ML,"TINTA SKYLACK PU BRANCO CRISTAL II VW 99 0,675L",7899494502878,32089010,83000000,UN,2026-09-15T20:49:04Z,77.0,65.475
05978,BEGE COSTEIRO 90YR 51/109 DECORA SEDA ACETINADO (NOVO) P LT 4836,"TINTA BASE ACR AC LT0,8L ACAB SEDA P 990 LT0001LT - ALGODAO EGIPCIO - SU",7891019177035,32091010,83000000,UN,2026-09-15T19:01:53Z,65.6363,65.64
7891019169368,"TINTA ACR FOS 3,6L AM FREVO CORALAR CORAL","TINTA PARA PAREDE ACRILICA CORAL CORALAR 3,6 L AMARELO FREVO",7891019169368,32091010,83000000,GL,2026-09-11T20:41:20Z,65.9,65.9
220,KIT PRETO CADILLAC PU SKYLACK,"TINTA SKYLACK PU PRETO CADILLAC 0,675L",7898910510916,32089010,83000000,UN,2026-09-14T12:26:06Z,77.0,66.48
220,KIT PRETO CADILLAC PU SKYLACK,"TINTA SKYLACK PU PRETO CADILLAC 0,675L",7898910510916,32089010,83000000,UN,2026-09-15T21:02:27Z,77.0,67.16
01655,"ESMALTE PREMIUM CORALIT ANTIFERRUGEM CINZA BRILHANTE 0,9L CORAL","TINTA ESM BR 0,9L CORALIT ANTIF CZ CORAL LT0001LT",7891019173440,32089010,83000000,LT,2026-09-12T11:15:08Z,67.5,67.31
01655,"ESMALTE PREMIUM CORALIT ANTIFERRUGEM CINZA BRILHANTE 0,9L CORAL","TINTA ESM BR 0,9L CORALIT ANTIF CZ CORAL LT0001LT",7891019173440,32089010,83000000,LT,2026-09-10T19:19:39Z,75.0,67.41
01655,"ESMALTE PREMIUM CORALIT ANTIFERRUGEM CINZA BRILHANTE 0,9L CORAL","TINTA ESM BR 0,9L CORALIT ANTIF CZ CORAL LT0001LT",7891019173440,32089010,83000000,LT,2026-09-14T17:50:05Z,75.0,67.5
6566,"TINTA RENDE PLUS STANDARD 3,6L AZ OCEANO","NACOR TINTA ACRILICA STANDARD GA 3,6 LTS COR 000007-AZUL OCEANO",7899173407227,32091010,83000000,UN,2026-09-09T10:41:59Z,74.99,67.5
01654,"ESMALTE PREMIUM CORALIT ANTIFERRUGEM PRETO BRILHANTE 0,9L CORAL","TINTA ESM BR 0,9L CORALIT ANTIF PT CORAL PC0001PC",7891019173372,32089010,83000000,LT,2026-09-11T11:56:39Z,67.5,67.5
01654,"ESMALTE PREMIUM CORALIT ANTIFERRUGEM PRETO BRILHANTE 0,9L CORAL","TINTA ESM BR 0,9L CORALIT ANTIF PT CORAL PC0001PC",7891019173372,32089010,83000000,LT,2026-09-14T11:29:05Z,75.0,67.56
7891019176120,"TINTA ACR FOS 3,6L BR NEVE CORALAR CORAL","TINTA PARA PAREDE ACRILICA CORAL CORALAR 3,6L BRANCO",7891019176120,32091010,83000000,GL,2026-09-14T23:28:17Z,67.9,67.9
7891019176120,"TINTA ACR FOS 3,6L BR NEVE CORALAR CORAL",,0,32091010,83000000,GL,2026-09-12T18:45:32Z,67.9,67.9
7891019176120,"TINTA ACR FOS 3,6L BR NEVE CORALAR CORAL",,0,32091010,83000000,GL,2026-09-15T13:19:18Z,67.9,67.9
09931,"TINTA PISO PREMIUM HPISO CINZA ESCURO 3,6L HIDRACOR","HPISO CINZA ESCURO 3,6L",7897144025708,32091010,83000000,GL,2026-09-10T11:06:33Z,76.0,68.0
7214,"TINTA PISO PRETO GL 3,0L- MIL",,618341748194,32091010,83000000,UN,2026-09-09T17:17:31Z,68.0,68.0
06888,"TINTA PISO PREMIUM HPISO PRETO 3,6L HIDRACOR",HPISO TINTA PISO PRETO GAL HIDRACOR,7897144710048,32091010,83000000,GL,2026-09-11T18:01:46Z,76.0,68.0
06885,"TINTA PISO PREMIUM HPISO CINZA 3,6L HIDRACOR",HPISO TINTA PISO CINZA GAL HIDRACOR,7897144038128,32091010,83000000,GL,2026-09-12T14:17:24Z,68.4,68.0
0029000033,TINTA SOLV BRANCO DUPLA FUN KG,,0,32089010,83000000,UN,2026-09-10T14:28:41Z,68.1332,68.135
7891019138609,"TINTA ACR FOS 3,6L CAMURCA CORALAR CORAL",,0,32091010,83000000,GL,2026-09-11T16:00:17Z,71.9,68.15
04822,"ESMALTE BASE AGUA PREMIUM COR E PROTECAO PRETO BRILHANTE 0,9L SUVINIL",TINTA ESMT. SINT. SUVINIL KG PRETO BASE AGUA SEC RAPIDO,7891260259344,32091010,83000000,LT,2026-09-14T11:21:54Z,76.0,68.18
09931,"TINTA PISO PREMIUM HPISO CINZA ESCURO 3,6L HIDRACOR","HPISO CINZA ESCURO 3,6L",7897144025708,32091010,83000000,GL,2026-09-15T13:31:39Z,68.4,68.4
04658,"ESMALTE BASE AGUA PREMIUM COR E PROTECAO TABACO BRILHANTE 0,9L SUVINIL",SUVINIL SEC RAP EB BASE AGUA TABACO 1/4 TINTA P SR ZEZINHO.,7891260251683,32091010,83000000,LT,2026-09-11T17:21:30Z,68.4,68.4
06883,"TINTA PISO PREMIUM HPISO AZUL 3,6L HIDRACOR",HPISO TINTA PISO AZUL GAL HIDRACOR,7897144709967,32091010,83000000,GL,2026-09-09T11:17:39Z,76.0,68.4
06882,"TINTA PISO PREMIUM HPISO BRANCO 3,6L HIDRACOR",HPISO TINTA PISO BRANCO GAL HIDRACOR,7897144038098,32091010,83000000,GL,2026-09-15T12:48:13Z,68.4,68.4
3276007449105,Tinta eco int fos branca 36l luxens          De7330 Por6890,,0,32091010,83000000,UN,2026-09-15T13:05:33Z,73.3,68.9
3276007449112,Tinta eco int fos gelo 36l luxens            De7330 Por6890,,0,32091010,83000000,UN,2026-09-11T18:31:36Z,73.3,68.9
91917056,Tinta Eco f br 3 6lLuxens,,7896587047124,32091010,83000000,UN,2026-09-14T22:21:22Z,73.3,68.9
10888,"TINTA ESM FC 0,75L DIALINE SEC PT IQUINE",,7892948054046,32081010,83000000,UN,2026-09-15T17:08:53Z,68.9,68.9
3502,PU BRANCO ARTICO. FORD - SKY,"TINTA SKYLACK PU BRANCO ARTICO III FORD 98 LT.0,675L-CX6",7899494508764,32081010,83000000,MR,2026-09-10T14:37:13Z,83.0,69.08
05524,"TINTA ACR STANDARD CORALAR + RESISTENTE BRANCO FOSCO 3,6L CORAL","TINTA ACRI EXT COR DUO 3 6L BR CORAL GL C/3,6L",7891019176366,32091010,83000000,GL,2026-09-10T11:48:38Z,69.6,69.6
996,KIT BRANCO CRISTAL PU VW 99 - SKYLACK,"TINTA SKYLACK PU BRANCO CRISTAL II VW 99 0,675L",7899494502878,32089010,83000000,PC,2026-09-09T20:30:05Z,83.0,69.81
3118,5132 TINTA BRANCO GELO INTERNO BD 15L,,618341747234,32091010,83000000,BD,2026-09-15T15:10:33Z,69.9,69.9
7892948057757,"TINTA ACR ACABA MOFO BR NEVE 3,6L IQUINE",,0,32091010,83000000,UN,2026-09-13T00:04:54Z,69.9,69.9
0000000005039,TINTA LUXPISO AMARELO DEMARCACAO 3 L LUX,,7908147600158,32081010,83000000,UN,2026-09-10T19:12:13Z,69.9,69.9
7892948057757,"TINTA ACR ACABA MOFO BR NEVE 3,6L IQUINE",,7892948057757,32091010,83000000,UN,2026-09-11T22:35:12Z,69.9,69.9
7892948057757,"TINTA ACR ACABA MOFO BR NEVE 3,6L IQUINE",,7892948057757,32091010,83000000,UN,2026-09-14T19:21:31Z,69.9,69.9
3134,5155 TINTA CINZA INTERNA BD 15L,,618341747463,32091010,83000000,BD,2026-09-15T14:55:13Z,79.9,69.9
54997,"TINTA ACR.F.M.FACIL BR NEVE 3,6L GLASU",,7891260545881,32091010,83000000,UN,2026-09-13T15:00:33Z,69.99,69.99
92043,"TINTA ACR FC 3,6L CORALAR +DES VD/KW COR GL0001GL","TINTA PARA PAREDE ACRILICA CORAL CORALAR 3,6L VERDE KIWI",7891019169528,32091010,83000000,GL,2026-09-12T13:45:43Z,69.99,69.99
61842,"TINTA ACR FC 3,6L CORALAR +DES MF CORAL GL0001GL","TINTA CORALAR ACRILICA MARFIM 3.6L CORAL 1X3,6L CORAL",7891019138623,32091010,83000000,GL,2026-09-11T12:36:55Z,69.99,69.99
61841,"TINTA ACR FC 3,6L CORALAR +DES PALH CORA GL0001GL","TINTA PARA PAREDE ACRILICA CORAL CORALAR 3,6 L PALHA",7891019138661,32091010,83000000,GL,2026-09-09T15:20:21Z,69.99,69.99
891675,"TINTA ACR FC 3,6L CORALAR DES BR CORAL","TINTA PARA PAREDE ACRILICA CORAL CORALAR 3,6L BRANCO",7891019176120,32091010,83000000,GL,2026-09-14T17:23:42Z,69.99,69.99
24888,"TINTA ESM BR 0,9L CERAMICA CORAL LT0001LT",TINTA EMBELEZA CERAMICA 900ML CORAL 1X900MLAKZONOBEL,7891019201631,32089010,83000000,LT,2026-09-10T17:10:12Z,69.99,69.99
992137,"TINTA ACR FC 3,6L CORALAR +DES DIA NUB GL0004GL",,7891019922123,32091010,83000000,GL,2026-09-14T21:00:45Z,69.99,69.99
4614,TINTA ACR PISO CINZA CLARO 3L - MEGAO,,7898701774381,32091010,83000000,UN,2026-09-15T13:28:39Z,69.99,69.99
196,KIT BRANCO CRISTAL II PU VW SKYLACK,"TINTA SKYLACK PU BRANCO CRISTAL II VW 99 0,675L",7899494502878,32089010,83000000,UN,2026-09-15T20:44:23Z,70.0,70.0
3360,KIT PRETO LISZT PU GM 94 SKYLACK 900ML,"TINTA SKYLACK PU PRETO LISZT GM 94 0,675L",7899494505138,32089010,83000000,UN,2026-09-15T18:04:59Z,83.0,70.0
5345,"TINTA PISO CINZA MEDIO 3,6L MIRAPISO MIRACOR",,0,32091010,83000000,GL,2026-09-12T14:26:28Z,70.0,70.0
362960,HIDROTINTAS ESM MAXLIT AB 3L CZ MEDIO UN,,7899010487580,32081010,83000000,UN,2026-09-12T16:05:44Z,94.899999,70.0
10814,SPRAY CGIN PLASTICO PRETO FOSCO (1511) 350ML COLORGIN,TINTA SPRAY PT FOSCO 350ML PLASTICO COLORGIN,7891494015112,32082019,83000000,UND,2026-09-09T14:44:22Z,79.0,70.0
346,TINTA LATEX 18KG BR GELO LUCRILAR,,0,32141020,83000000,BD,2026-09-10T18:16:54Z,109.99,70.0
06344,PRETO - RM PRETO - RM DECORA SEDA ACETINADO (NOVO) T LT RM008,"TINTA BASE ACR AC LT0,8L ACAB SEDA T 993 LT0001LT - VERMELHO CARDINAL -",7891019177042,32091010,83000000,UN,2026-09-10T15:52:24Z,78.2317,70.0
1122,MASSA CORRIDA HIDROTINTAS 22KG,,0,32141020,83000000,UND,2026-09-12T15:10:23Z,77.0,70.0
211760,KIT BRANCO GEADA SKYLAC,"TINTA SKYLACK PU BRANCO GEADA VW 95 0,675L",7898910510947,32081010,83000000,UND,2026-09-15T17:08:02Z,83.0,70.23
10788,"TINTA ACR PREMIUM TOQUE SEDA BRANCO ACETINADO 0,9L SUVINIL",,7891260563120,32091010,83000000,LT,2026-09-15T13:16:40Z,71.0,71.0
10815,SPRAY CGIN PLASTICO BRANCO FOSCO (1520) 350ML COLORGIN,TINTA SPRAY BR FOSCO 350ML PLASTICO COLORGIN,7891494015204,32082019,83000000,UND,2026-09-11T14:02:28Z,71.1,71.1
2550,TINTA INT. ECONOMICA 15L BRANCO NEVE ARACOR 45,,0,32091010,83000000,BL,2026-09-09T12:47:19Z,79.0,71.64
353278,"IQUINE DIATEX 3,6L CAJU UN","TINTA DIATEX PINTA MAIS CAJU 3,6L IQUINE",7892948045044,32091010,83000000,UN,2026-09-11T14:55:52Z,71.9,71.9
7891019138661,"TINTA ACR FOS 3,6L PALHA CORALAR CORAL",,0,32091010,83000000,GL,2026-09-14T23:54:37Z,71.9,71.9
7891019138661,"TINTA ACR FOS 3,6L PALHA CORALAR CORAL","TINTA PARA PAREDE ACRILICA CORAL CORALAR 3,6 L PALHA",7891019138661,32091010,83000000,GL,2026-09-12T17:31:11Z,71.9,71.9
7891019922123,"TINTA ACR MAIS DES DIA NUBLADO 3,6L CORALAR CORAL",,0,32091010,83000000,UN,2026-09-11T17:22:05Z,71.9,71.9
7891019169528,"TINTA ACR FOS 3,6L VD KIWI CORALAR CORAL",,0,32091010,83000000,GL,2026-09-13T15:33:50Z,71.9,71.9
7891019162529,"TINTA ACR FOS 3,6L VD VALE CORALAR CORAL",,0,32091010,83000000,GL,2026-09-10T18:29:31Z,71.9,71.9
7891019138609,"TINTA ACR FOS 3,6L CAMURCA CORALAR CORAL",,0,32091010,83000000,GL,2026-09-14T23:19:59Z,71.9,71.9
40073,"IQUINE DIATEX 3,6L AREIA UN","TINTA DIATEX ACRIL AREIA 3,6L IQUI 1X3,6L IQUINE",7892948003662,32091010,83000000,GL,2026-09-13T13:11:37Z,71.9,71.9
7892948043187,TINTA ACR FOS 15L BR NEVE PINTALAR IQUINE,PINTALAR FA BRANCO NEVE BALDE 15L -&GT PRODUTO NAO CLASSIFICADO COMO PERIGOSO PARA FINS DE TRANSPORTE.,7892948043187,32091010,83000000,BD,2026-09-14T20:43:12Z,89.9,71.93
6568,"TINTA RENDE PLUS STANDARD 3,6L PALHA IB","NACOR TINTA ACRILICA STANDARD GA 3,6 LTS COR 000020-MARFIM",7899173400709,32091010,83000000,UN,2026-09-09T18:28:09Z,74.99,71.99
51001,"TINTA EXT STANDARD 3,6L PINK IBRATIN",,0,32091010,83000000,UN,2026-09-13T12:25:55Z,74.99,72.07
05978,BEGE ETERNO 10YY 75/084 DECORA SEDA ACETINADO (NOVO) P LT 5044,"TINTA BASE ACR AC LT0,8L ACAB SEDA P 990 LT0001LT - ALGODAO EGIPCIO - SU",7891019177035,32091010,83000000,UN,2026-09-12T12:26:01Z,72.2129,72.215
05978,PILAR 40YY 67/087 DECORA SEDA ACETINADO (NOVO) P LT 5404,"TINTA BASE ACR AC LT0,8L ACAB SEDA P 990 LT0001LT - ALGODAO EGIPCIO - SU",7891019177035,32091010,83000000,UN,2026-09-10T20:00:20Z,81.0077,72.92
7891019201631,TINTA CERAMICA 900ML EMBELEZA CERAMICA CORAL,,0,32089010,83000000,LT,2026-09-10T16:22:26Z,75.9,73.62
06369,"TINTA PISO AZUL 3,6L MIRAPISO MIRACOR",,9999900033366,32091010,83000000,GL,2026-09-11T13:26:34Z,73.75,73.75
06081,"TINTA PISO AMARELO DEMARCACAO 3,6L MIRAPISO MIRACOR",,9999900033410,32091010,83000000,GL,2026-09-09T13:04:50Z,73.75,73.75
11267,"TINTA IMPERMEA PREMIUM MACTRA VEDBEM PAREDE BRANCO FOSCO 3,6KG CORAL",,7897866455616,32091010,83000000,GL,2026-09-12T12:58:23Z,87.0,73.85
374502,"HIDRACOR HPISO 3,6L CONCRETO UN","TINTA HPISO 3,6L CONCRETO HIDRACOR",7897144010001,32091010,83000000,UN,2026-09-11T19:38:33Z,73.9,73.9
9206,"TINTA CORAL BASE ESMALTE BRILHO 0,8L CORALIT BASE DAGUA T",,0,32091010,83000000,LT,2026-09-09T13:48:55Z,74.2,74.2
1853,PU BRANCO PURO 900ML -SKYLACK,"TINTA SKYLACK PU BRANCO PURO 0,675L",7898453800598,32081010,83000000,MR,2026-09-12T16:04:51Z,83.0,74.35666666666667
3152,TINTA INT. ECONOMICA 15L MALVA ARACOR 53,,0,32091010,83000000,BL,2026-09-14T14:30:57Z,74.5,74.5
03147,"BISCOITO DE LEITE ACR ACE BASE P 0,8L DECORA SEDA CORAL 40YY 74/056","TINTA BASE ACR AC LT0,8L ACAB SEDA P 990 LT0001LT - ALGODAO EGIPCIO - SU",7891019177035,32091010,83000000,1/4,2026-09-11T20:48:54Z,76.58,74.64
10730,"TINTA ACR PREMIUM TOQUE BRILHO BRANCO SEMI BRILHO 0,9L SUVINIL",,7891260563137,32091010,83000000,LT,2026-09-15T11:58:37Z,74.7,74.7
10730,"TINTA ACR PREMIUM TOQUE BRILHO BRANCO SEMI BRILHO 0,9L SUVINIL",,7891260563137,32091010,83000000,LT,2026-09-12T14:04:39Z,83.0,74.77
6562,"TINTA RENDE PLUS STANDARD 3,6L BRANCO IB","NACOR TINTA ACRILICA STANDARD GA 3,6 LTS COR 000010-BRANCO",7899173400624,32091010,83000000,UN,2026-09-10T12:27:16Z,74.99,74.99
968574,"TINTA ESM BR 0,9L DIALINE ANTIFER VM IQU",TINTA DIALINE ANTIFERRUGEM VERMELHO 900ML IQUINE,7892948048441,32081010,83000000,LT,2026-09-12T14:59:53Z,74.99,74.99
139,TINTA DANLAR BRANCO NEVE 15L,,0,32089010,83000000,UN,2026-09-11T18:50:36Z,75.0,75.0
7233,TINTA INT. ECONOMICA 15L PEROLA,,0,32091010,83000000,BD,2026-09-09T17:00:34Z,75.0,75.0
9217,"LUXPISO 3,0L AMARELO DEMARC TINTAS LUX",,7908147622068,32091010,83000000,UN,2026-09-15T17:28:52Z,79.95,75.0
13009,TINTA INTERNA ARACOR 15L BRANCO NEVE,,0,32091010,83000000,UN,2026-09-14T10:49:50Z,75.0,75.0
06035,"TINTA PISO VERMELHO SEGURANCA 3,6L MIRAPISO MIRACOR",,9999900053951,32091010,83000000,GL,2026-09-10T14:54:22Z,75.0,75.0
4920,MASSA CORRIDA BD 25KG LUX - TINTAS LUX,,7890000049207,32141020,83000000,UN,2026-09-14T20:29:24Z,75.0,75.0
196,"PU BRANCO CRISTAL II VW 0,675ML -SKYLACK-","TINTA SKYLACK PU BRANCO CRISTAL II VW 99 0,675L",7899494502878,32081010,83000000,MR,2026-09-12T13:09:13Z,89.0,75.42875
1005,KIT BRANCO ARTICO FORD98 PU - SKYLACK,"TINTA SKYLACK PU BRANCO ARTICO III FORD 98 LT.0,675L-CX6",7899494508764,32089010,83000000,PC,2026-09-12T15:58:17Z,89.0,75.56666666666666
3278,NUANCE TINTAS BRANCO NEVE REALCOR 15L,,0,32081010,83000000,UN,2026-09-11T20:25:33Z,89.0,75.72
1576,LUCRILAR TINTA BRANCO NEV INT 18KG,,0,32141020,83000000,UN,2026-09-11T16:05:41Z,80.0,76.1
7891260179116,Tinta Acril Fo Neve 09L Teto                 De17638 Por15480,,0,32091010,83000000,UN,2026-09-12T17:53:51Z,88.19,77.4
03147,"ONDA DO MAR - SUV ACR ACE BASE P 0,8L DECORA SEDA CORAL  SUV D 335","TINTA BASE ACR AC LT0,8L ACAB SEDA P 990 LT0001LT - ALGODAO EGIPCIO - SU",7891019177035,32091010,83000000,1/4,2026-09-10T11:45:07Z,78.2,77.76
05524,"TINTA ACR STANDARD CORALAR + RESISTENTE BRANCO FOSCO 3,6L CORAL","TINTA ACRI EXT COR DUO 3 6L BR CORAL GL C/3,6L",7891019176366,32091010,83000000,GL,2026-09-15T16:41:36Z,78.0,78.0
07305,"TINTA ACR STANDARD CORALAR + RESISTENTE AREIA FOSCO 3,6L CORAL","TINTA ACR. DUO AREIA 3,6L CORAL",7891019908028,32091010,83000000,GL,2026-09-14T15:36:06Z,78.2,78.0
05524,"TINTA ACR STANDARD CORALAR + RESISTENTE BRANCO FOSCO 3,6L CORAL","TINTA ACRI EXT COR DUO 3 6L BR CORAL GL C/3,6L",7891019176366,32091010,83000000,GL,2026-09-10T16:32:14Z,78.3,78.3
01293,"ESMALTE PREMIUM HAMMERITE PRETO BRILHANTE 0,8L CORAL","TINTA ESM BR 0,8L HAMMERITE PT CORAL LT0001LT",7891019208036,32089010,83000000,UN,2026-09-11T13:00:32Z,78.4,78.4
CFOP5405,ESMALTE SINTETICO MAXLIT 3L CREME HIDROTINTAS,,7899010487603,32081010,83000000,GL,2026-09-15T19:15:05Z,110.0,78.44
03147,"PICO DA NEBLINA ACR ACE BASE P 0,8L DECORA SEDA CORAL 90BG 42/106","TINTA BASE ACR AC LT0,8L ACAB SEDA P 990 LT0001LT - ALGODAO EGIPCIO - SU",7891019177035,32091010,83000000,1/4,2026-09-11T14:48:24Z,78.49,78.49
CFOP5405,TINTA ESMALTE 3L DELANIL BRANCO NEVE IQUINE,,7892948051236,32081010,83000000,GL,2026-09-14T18:37:49Z,110.0,78.63
2174,TINTA INT ECONOMICA 15L BRANCO NEVE ARACOR 45,,0,32091010,83000000,UN,2026-09-12T15:24:16Z,88.0,79.0
05716,"EPOXI TINTA BASE AGUA RENOVA AZULEJOS BRANCO BRILHANTE 0,9L CORAL",CORAL WANDEPOXY (RENOVA AZULEJOS)  BASE AGUA BRIL BRANCO 1/4,7891019176403,32091010,83000000,LT,2026-09-10T16:37:55Z,88.0,79.0
05769,"ESM BRI PRETO 0,9L CORALIT ANTIFERRUGEM CORAL","TINTA ESM BR 0,9L CORALIT ANTIF PT CORAL PC0001PC",7891019173372,32089010,83000000,UN,2026-09-14T12:28:59Z,79.0,79.0
2675,TINTA INT. ECONOMICA 15L BRANCO GELO ARACOR 46,,0,32091010,83000000,BL,2026-09-10T20:08:04Z,79.5,79.5
2631,TINTA INT. ECONOMICA 15LVERDE CITRICO ARACOR 47,,0,32091010,83000000,BL,2026-09-15T10:39:38Z,79.5,79.5
2629,TINTA INT. ECONOMICA 15L AMARELO CANARIO ARACOR 48,,0,32091010,83000000,BL,2026-09-15T20:13:49Z,79.5,79.5
012749,"TINTA ACR FC 3,2L RENOVA BR CORAL","TINTA ACRI EXT RENOVA FO BR 3 2L CORAL GL C/3,2L",7891019915217,32091010,83000000,UND,2026-09-14T20:10:20Z,80.0,79.73
97,TINTA ALTA TEMPERATURA ALUMINIO 600 - MAZA,TINTA ALTA TEMPERATURA MAZA ALUMINIO 600C 900ML,7899228296400,32081010,83000000,MR,2026-09-10T14:38:26Z,95.0,79.74
1814,TINTA MIL BCO NEVE INT 15L,,618341747227,32091010,83000000,UND,2026-09-11T14:10:12Z,79.9,79.9
40249,"IQUINE GALVOMAX 0,9L BRANCO FOSCO UN","GALVOMAX-GALVANIZADOS BCO FOSCO900ML -> COD.ONU: 1263 CL.RISCO: 3,0 GR.EMB: III TINTA CONTENDO SOLVENTE ORGANICO.",7892948008063,32081010,83000000,1/,2026-09-11T15:46:04Z,79.9,79.9
1820,TINTA MIL BCO GELO INT 15L,,0,32091010,83000000,UND,2026-09-11T14:15:41Z,79.9,79.9
984930,TINTA ACR FC 15L HIPER D+ BR/GL HIPERCOR BD0001BD,HIPERCOR ACRIL 15L BRANCO GELO UN,7897144027429,32091010,83000000,BD,2026-09-14T21:42:09Z,79.99,79.99
984934,TINTA ACR FC 15 HIPER D+ MF HIPERCOR BD0001BD,HIPERCOR ECON MARFIM 15L,7897144027528,32091010,83000000,BD,2026-09-09T20:45:02Z,79.99,79.99
13830,GALVOMAX GALVANIZADOS BR FOSCO 900ML IQU,"GALVOMAX-GALVANIZADOS BCO FOSCO900ML -> COD.ONU: 1263 CL.RISCO: 3,0 GR.EMB: III TINTA CONTENDO SOLVENTE ORGANICO.",7892948008063,32081010,83000000,UN,2026-09-10T19:12:33Z,79.99,79.99
295739,TINTA ACR FC 15L HIPER D+ AREIA HIPERCOR BD0001BD,TINTA ACRILICA AREIA 15L HIPERCOR,7897144027535,32091010,83000000,BD,2026-09-12T16:16:39Z,79.99,79.99
114,TINTA LATEX BR 18KG LUCRILAR,,0,32141020,83000000,BD,2026-09-12T12:42:19Z,109.99,79.99
295738,TINTA ACR FC 15L HIPER D+ PALH HIPERCOR BD0001BD,HIPERCOR 15L PALHA ACR ECON,7897144027559,32091010,83000000,BD,2026-09-15T21:04:15Z,79.99,79.99
295743,TINTA ACR FC 15L HIPER D+ VD/PM HIPERCOR BD0001BD,TINTA ACRILICA VD PRIMAVERA 15L HIPERCOR,7897144027467,32091010,83000000,BD,2026-09-13T12:31:04Z,79.99,79.99
984929,TINTA ACR FC 15L HIPER D+ BR/NV HIPERCOR BD0001BD,HIDRACOR - ACRILICA ECONOMICA HIPERCOR BRANCO NEVE 15L,7897144027412,32091010,83000000,BD,2026-09-15T21:43:23Z,79.99,79.99
2461,"TINTA PISO CHUMBO 3,6L",,0,32091010,83000000,UND,2026-09-10T18:04:36Z,80.0,80.0
07302,"TINTA ACR STANDARD CORALAR + RESISTENTE LRJ MARACATU FOSCO 3,6L CORAL","TINTA ACR. DUO LARANJA MARACATU 3,6L CORAL",7891019908042,32091010,83000000,GL,2026-09-09T13:44:27Z,92.0,80.0
017201,TINTA ACR FC 18L PINTA PISO PT CORAL,TINTA ACR FC 18L PINTA PISO PT CORAL LT0001LT,7891019145416,32091010,83000000,LT,2026-09-15T13:08:49Z,80.0,80.0
1510,TINTA ALTA TEMPERATURA PRETO FOSCO 900ML MAZA,,7899228213186,32089010,83000000,MR,2026-09-14T21:09:09Z,95.0,80.0
011900,"TINTA ACR FC 3,6L DECORA BR CORAL","TINTA ACR FO BR NEVE DECORA MATTE 3,6L CORAL",7891019907069,32141020,83000000,BD,2026-09-14T18:58:08Z,113.09,80.0
1577,LUCRILAR TINTA BRANCO GELO INT 18KG,,0,32141020,83000000,UN,2026-09-15T17:22:36Z,80.0,80.0
283,"Zarcao Cinza Gl/ Starlux 3,6l","ZANCAO CINZA STARLUX DE 3,6L",7898482121695,32081010,83000000,UN,2026-09-11T18:23:43Z,80.0,80.0
06519,"TINTA ACR STANDARD CORALAR + RESISTENTE AMARELO FREVO FOSCO 3,6L CORAL","TINTA PARA PAREDE VINIL ACRILICO CORAL DUO 3,6 L AMARELO FREVO",7891019176304,32091010,83000000,GL,2026-09-09T13:44:27Z,92.0,80.0
33686,ESM SINT MAXLIT GL 3L BR HIDROTINTAS,,7899010487559,32081010,83000000,GL,2026-09-14T12:52:39Z,115.0,80.79
000035,TINTAX 15L BRANCO GELO,,9999900070699,32091010,83000000,UN,2026-09-12T12:10:20Z,104.0,80.85
1904,PU PRETO EBONY FORD SKY,TINTA PU PRETO EBONY .SKYLACK,7898453802486,32081010,83000000,MR,2026-09-14T19:32:03Z,95.0,81.13333333333334
2365,TINTA DANLAR INTERNA BRANCO NEVE 15L DANTEX,,0,32089010,83000000,UN,2026-09-14T16:10:44Z,95.55,81.38
7892948013685,"TINTA ACR PISO 3,6L CZ MEDIO DIAPISO IQUINE","DIAPISO SUPER RESIST CZA MEDIO 3,6L -&GT PRODUTO NAO CLASSIFICADO COMO PERIGOSO PARA FINS DE TRANSPORTE.",7892948013685,32091010,83000000,GL,2026-09-12T18:29:17Z,81.9,81.9
7892948013777,"TINTA ACR FOSC 3,6L CZ ESCURO DIAPISO IQUINE",,0,32091010,83000000,GL,2026-09-11T19:17:10Z,81.9,81.9
7892948013777,"TINTA ACR FOSC 3,6L CZ ESCURO DIAPISO IQUINE","DIAPISO SUPER RESIST CZA ESCURO 3,6L -&GT PRODUTO NAO CLASSIFICADO COMO PERIGOSO PARA FINS DE TRANSPORTE.",7892948013777,32091010,83000000,GL,2026-09-09T19:50:33Z,81.9,81.9
7892948013869,"TINTA ACR PISO 3,6L PT DIAPISO IQUINE",,0,32091010,83000000,GL,2026-09-12T18:35:29Z,81.9,81.9
7892948013890,"TINTA ACR PISO 3,6L AZ PROFUNDO DIAPISO IQUINE",,0,32091010,83000000,GL,2026-09-13T18:44:57Z,81.9,81.9
7892948013654,"TINTA ACR PISO 3,6L BR NEVE DIAPISO IQUINE",,0,32091010,83000000,GL,2026-09-10T19:51:51Z,81.9,81.9
7892948013685,"TINTA ACR PISO 3,6L CZ MEDIO DIAPISO IQUINE",,0,32091010,83000000,GL,2026-09-10T22:32:40Z,81.9,81.9
7892948013685,"TINTA ACR PISO 3,6L CZ MEDIO DIAPISO IQUINE","DIAPISO SUPER RESIST CZA MEDIO 3,6L -&GT PRODUTO NAO CLASSIFICADO COMO PERIGOSO PARA FINS DE TRANSPORTE.",7892948013685,32091010,83000000,GL,2026-09-13T15:15:30Z,81.9,81.9
7892948013715,"TINTA ACR PISO 3,6L AM DEMARC DIAPISO IQUINE",,0,32091010,83000000,GL,2026-09-09T12:28:32Z,81.9,81.9
7892948013746,"TINTA ACR PISO 3,6L CONCRETO DIAPISO IQUINE",,0,32091010,83000000,GL,2026-09-12T23:14:07Z,81.9,81.9
7892948013746,"TINTA ACR PISO 3,6L CONCRETO DIAPISO IQUINE","DIAPISO SUPER RESIST CONCRETO 3,6L -> PRODUTO NAO CLASSIFICADO COMO PERIGOSO PARA FINS DE TRANSPORTE.",7892948013746,32091010,83000000,GL,2026-09-12T14:12:26Z,81.9,81.9
7892948013807,"TINTA ACR PISO 3,6L VD FOLHA DIAPISO IQUINE",,0,32091010,83000000,GL,2026-09-13T11:29:03Z,81.9,81.9
7892948013890,"TINTA ACR PISO 3,6L AZ PROFUNDO DIAPISO IQUINE",,0,32091010,83000000,GL,2026-09-13T18:29:20Z,81.9,81.9
7892948013685,"TINTA ACR PISO 3,6L CZ MEDIO DIAPISO IQUINE",,0,32091010,83000000,GL,2026-09-13T22:18:41Z,81.9,81.9
7892948017065,"TINTA ACR PISO 3,6L CERAMICA DIAPISO IQUINE",,0,32091010,83000000,GL,2026-09-10T22:46:37Z,81.9,81.9
7892948013654,"TINTA ACR PISO 3,6L BR NEVE DIAPISO IQUINE",,0,32091010,83000000,GL,2026-09-15T11:55:24Z,81.9,81.9
9593,Tinta Lucrilar branco neve 15l /,,0,32141020,83000000,UN,2026-09-09T16:11:16Z,85.0,82.0
306,MASSA CORRIDA BD 25KG LUX - TINTAS LUX,,0,32141020,83000000,UN,2026-09-15T20:35:50Z,82.5,82.5
07305,"TINTA ACR STANDARD CORALAR + RESISTENTE AREIA FOSCO 3,6L CORAL","TINTA ACR. DUO AREIA 3,6L CORAL",7891019908028,32091010,83000000,GL,2026-09-11T12:37:05Z,92.0,82.53
000037,TINTAX 15L MARFIN,,0,32091010,83000000,UN,2026-09-12T16:56:34Z,104.0,82.72
305323,"TINTA ACR FC 3,6L RT SEL PINT GESS BR/NV GL0001GL",,7892948058112,32091010,83000000,GL,2026-09-12T15:12:42Z,89.99,82.79
05715,"EPOXI TINTA BASE AGUA RENOVA AZULEJOS BRANCO ACETINADO 0,9L CORAL",CORAL WANDEPOXY (RENOVA AZULEJOS) BASE AGUA ACET BRANCO 1/4,7891019176588,32091010,83000000,LT,2026-09-15T20:07:17Z,92.0,82.8
05715,"EPOXI TINTA BASE AGUA RENOVA AZULEJOS BRANCO ACETINADO 0,9L CORAL",CORAL WANDEPOXY (RENOVA AZULEJOS) BASE AGUA ACET BRANCO 1/4,7891019176588,32091010,83000000,LT,2026-09-15T11:27:38Z,82.8,82.8
07302,"TINTA ACR STANDARD CORALAR + RESISTENTE LRJ MARACATU FOSCO 3,6L CORAL","TINTA ACR. DUO LARANJA MARACATU 3,6L CORAL",7891019908042,32091010,83000000,GL,2026-09-15T20:31:11Z,92.0,82.8
354553,"IQUINE ESM DIALINE ANTIFERRUG 0,9 M TAB UN","TINTA ESM BR 0,9L DIALINE ANTIFER MR/TB GL0001GL",7892948048403,32081010,83000000,UN,2026-09-14T22:27:15Z,83.1,83.1
354752,"IQUINE ESM DIALINE ANTIFERRUG 0,9 PLATI UN",TINTA DIALINE ANTIFERRUGEM PLATINA 900ML IQUINE,7892948048366,32081010,83000000,UN,2026-09-11T14:23:46Z,83.1,83.1
7892948048861,"TINTA ACR FOS BASE C 3,2L SELA E PINTA IQUINE","ICORES SELA & PINTA BASE (C) 3,2L PRODUTO NAO CLASSIFICADO COMO PERIGOSO PARA FINS DE TRANSPORTE.",7892948048861,32091010,83000000,UN,2026-09-14T23:03:44Z,83.2,83.2
7891260559291,"TINTA ACR SB 0,8L BASE B2 TOQUE BRILHO SUVINIL",,0,32091010,83000000,UN,2026-09-11T19:35:20Z,84.24,84.24
2370,TINTA DANLAR INTERNA VERDE LIMAO 15L DANTEX,,0,32089010,83000000,UN,2026-09-13T11:52:26Z,95.55,84.5
52146,"TINTA SEMI BRILHO 3,0L BR NEVE LUX",,7908147625632,32091010,83000000,UN,2026-09-14T17:49:29Z,84.99,84.99
52142,"TINTA SEMI BRILHO 3,0L BR GELO LUX",,7908147625519,32091010,83000000,UN,2026-09-10T14:20:56Z,84.99,84.99
002385,TINTA LTX 15L BRANCO NEVE ARACOR,,7890000054621,32091010,83000000,UN,2026-09-11T19:25:50Z,85.0,85.0
833,ACR FOSCO GELO TINTAX 15L LT MIRACOR,,9999900070699,32091010,83000000,UN,2026-09-12T14:53:30Z,85.0,85.0
832,ACR FOSCO BRANCO TINTAX 15L LT MIRACOR,,9999900068191,32091010,83000000,UN,2026-09-11T20:24:08Z,85.0,85.0
001561,"ACR INTERIOR FOSCO AMARELO ENERGIA 3,6L TINTAX",,0,32091010,83000000,UND,2026-09-12T14:05:29Z,85.0,85.0
3296,"TINTA P/ PISO 3,6L CONCRETO - CORAL",,0,32091010,83000000,UN,2026-09-14T16:09:26Z,89.9,85.0
005600,TINTA INT ECON 15L BRANCO NEVE ARACOR,,7890000054621,32091010,83000000,UN,2026-09-10T14:46:58Z,105.99,85.0
1899,TINTA ECONOMICA BRANCO GELO ARACOR 18L,,0,32091010,83000000,UN,2026-09-14T20:40:02Z,85.0,85.0
2316,KIT PRETO NINJA PU SKYLACK,"TINTA SKYLACK PU PRETO NINJA VW 95 0,675L",7899494502281,32089010,83000000,UN,2026-09-15T20:44:23Z,85.0,85.0
01292,"ESMALTE PREMIUM HAMMERITE BRANCO BRILHANTE 0,8L CORAL","TINTA ESM BR 0,8L HAMMERITE BR CORAL LT0001LT",7891019207916,32089010,83000000,UN,2026-09-09T15:26:38Z,86.24,85.84
300461,"TINTA ACR FC 3,6L RT SEL PINT AREIA IQUI GL0001GL",,7892948057795,32091010,83000000,GL,2026-09-13T13:31:17Z,85.99,85.99
300477,"TINTA ACR FC 3,6L RT SEL PINT PALH IQUIN GL0001GL",,7892948057788,32091010,83000000,GL,2026-09-09T11:59:18Z,85.99,85.99
300467,"TINTA ACR FC 3,6L RT SEL PINT BR/NV IQUI GL0001GL",,7892948057764,32091010,83000000,GL,2026-09-14T14:17:01Z,85.99,85.99
300469,"TINTA ACR FC 3,6L RT SEL PINT CAMUR IQUI GL0001GL",,7892948057801,32091010,83000000,GL,2026-09-09T14:51:10Z,85.99,85.99
361,TINTA LATEX LUX 18 LITRO,,0,32091010,83000000,UN,2026-09-14T19:51:18Z,87.0,87.0
09854,"TINTA ACR STANDARD MAXIMA EFICIENCIA LAMINA AFIADA FOSCO 3,6L GLASU",GLASU ACR FOSCO LAMINA AFIADA GAL MAXIMA EFICIENCIA,7891260509968,32091010,83000000,GL,2026-09-09T11:19:55Z,87.2,87.2
7892948043187,TINTA ACR FOS 15L BR NEVE PINTALAR IQUINE,,0,32091010,83000000,BD,2026-09-15T21:37:19Z,89.9,87.21
0000000003029,TINTA ECONOMICA INTE,,0,32091010,83000000,UN,2026-09-15T13:31:54Z,88.0,88.0
01293,"ESMALTE PREMIUM HAMMERITE PRETO BRILHANTE 0,8L CORAL","TINTA ESM BR 0,8L HAMMERITE PT CORAL LT0001LT",7891019208036,32089010,83000000,UN,2026-09-14T18:56:49Z,88.2,88.2
01302,"ESMALTE PREMIUM HAMMERITE MARROM BRILHANTE 0,8L CORAL","TINTA ESM BR 0,8L HAMMERITE MR CORAL LT0001LT",7891019208050,32089010,83000000,UN,2026-09-14T13:03:09Z,88.2,88.2
01298,"ESMALTE PREMIUM HAMMERITE CINZA BRILHANTE 0,8L CORAL","TINTA ESM BR 0,8L HAMMERITE CZ CORAL LT0001LT",7891019207930,32089010,83000000,UN,2026-09-14T18:56:49Z,88.2,88.2
01292,"ESMALTE PREMIUM HAMMERITE BRANCO BRILHANTE 0,8L CORAL","TINTA ESM BR 0,8L HAMMERITE BR CORAL LT0001LT",7891019207916,32089010,83000000,UN,2026-09-10T16:15:42Z,88.2,88.2
01293,"ESMALTE PREMIUM HAMMERITE PRETO BRILHANTE 0,8L CORAL","TINTA ESM BR 0,8L HAMMERITE PT CORAL LT0001LT",7891019208036,32089010,83000000,UN,2026-09-12T11:54:37Z,98.0,88.22
01292,"ESMALTE PREMIUM HAMMERITE BRANCO BRILHANTE 0,8L CORAL","TINTA ESM BR 0,8L HAMMERITE BR CORAL LT0001LT",7891019207916,32089010,83000000,UN,2026-09-09T12:06:29Z,98.0,88.26
01293,"ESMALTE PREMIUM HAMMERITE PRETO BRILHANTE 0,8L CORAL","TINTA ESM BR 0,8L HAMMERITE PT CORAL LT0001LT",7891019208036,32089010,83000000,UN,2026-09-10T13:28:16Z,98.0,88.32
7892948030033,"TINTA ACR FOSC 3,2L ACABA COM BASE M IQUINE","TINTA BASE ACR FC GL3,2L DIACRYL M IQU GL0001GL - PIQUENIQUE NO PARQUE",7892948030033,32091010,83000000,UN,2026-09-10T19:22:36Z,88.9,88.9
000105930,REMOVEDOR TINTA/VERNIZ GEL 750GR ALABASTINE,,0,38140090,83000000,UN,2026-09-11T16:41:57Z,89.0,89.0
2024,THINNER 5000 FARBEN 5L,ESM.PU ACR.VERMELHO BARI FD 00ONU 1263 QUANT.LTDA TINTA 3 II 3.888 KG,7899381732104,38140090,83000000,UN,2026-09-15T20:45:50Z,106.0,89.275
7892948048823,"TINTA ACR FOS BASE P 3,2L SELA E PINTA IQUINE",,0,32091010,83000000,UN,2026-09-12T16:21:52Z,89.9,89.9
7892948057771,"TINTA ACR FOS 3,6L BR GELO SELA  PINTA IQUINE",,7892948057771,32091010,83000000,UN,2026-09-14T13:03:41Z,89.9,89.9
04205,ACR INTERIOR FOSCO BRANCO 15L TINTAX,,9999900068191,32091010,83000000,BD,2026-09-12T13:04:02Z,89.9,89.9
7892948030002,"TINTA ACR FOSC 3,2L ACABA COM BASE P IQUINE",,0,32091010,83000000,UN,2026-09-12T18:35:29Z,89.9,89.9
3276007449488,Tinta std int fos lamA 36L Luxens            De9564 Por8990,,0,32091010,83000000,UN,2026-09-15T20:39:01Z,95.64,89.9
7892948043187,TINTA ACR FOS 15L BR NEVE PINTALAR IQUINE,PINTALAR FA BRANCO NEVE BALDE 15L -&GT PRODUTO NAO CLASSIFICADO COMO PERIGOSO PARA FINS DE TRANSPORTE.,7892948043187,32091010,83000000,BD,2026-09-15T15:46:14Z,89.9,89.9
03551,ACR INTERIOR FOSCO GELO 15L TINTAX,,9999900070699,32091010,83000000,BD,2026-09-11T12:02:30Z,89.9,89.9
674,ACR INTERIOR FOSCO BRANCO 15L TINTAX,,0,32091010,83000000,BD,2026-09-15T20:24:04Z,89.9,89.9
04205,ACR INTERIOR FOSCO BRANCO 15L TINTAX,,9999900068191,32091010,83000000,BD,2026-09-15T18:23:13Z,89.9,89.9
7892948057887,"TINTA ACR FOS 3,6L AZUL PETROLEO SELA PINTA IQUI",,0,32091010,83000000,UN,2026-09-14T18:51:22Z,89.9,89.9
3242,"TINTA P/ PISO 3,6L CINZA MEDIO - CORAL",,0,32091010,83000000,UN,2026-09-14T13:11:53Z,89.9,89.9
365080,HIDROTINTAS DEMAIS 15L BR NEVE UN,,7899010490511,32091010,83000000,LT,2026-09-15T22:38:00Z,89.9,89.9
2634,BRANCO NEVE INTERNO BD 15L - TINTAS MIL,,0,32091010,83000000,KG,2026-09-14T18:02:35Z,89.9,89.9
7892948030002,"TINTA ACR FOSC 3,2L ACABA COM BASE P IQUINE",,0,32091010,83000000,UN,2026-09-12T16:46:50Z,89.9,89.9
7892948043187,TINTA ACR FOS 15L BR NEVE PINTALAR IQUINE,,0,32091010,83000000,BD,2026-09-15T22:22:12Z,89.9,89.9
04205,ACR INTERIOR FOSCO BRANCO 15L TINTAX,,9999900068191,32091010,83000000,BD,2026-09-15T17:21:53Z,89.9,89.9
7892948057764,"TINTA ACR FOS 3,6L BR NEVE SELA PINTA IQUINE",,0,32091010,83000000,UN,2026-09-14T18:36:13Z,89.9,89.9
7892948057764,"TINTA ACR FOS 3,6L BR NEVE SELA  PINTA IQUINE",,7892948057764,32091010,83000000,UN,2026-09-14T23:01:34Z,89.9,89.9
7892948057771,"TINTA ACR FOS 3,6L BR GELO SELA  PINTA IQUINE",,7892948057771,32091010,83000000,UN,2026-09-13T15:15:30Z,89.9,89.9
7892948057795,"TINTA ACR FOS 3,6L AREIA SELA  PINTA IQUINE",,7892948057795,32091010,83000000,UN,2026-09-15T12:30:54Z,89.9,89.9
7892948057863,"TINTA ACR FOS 3,6L CANJICA SELA  PINTA IQUINE",,7892948057863,32091010,83000000,UN,2026-09-10T15:43:10Z,89.9,89.9
56473,TINTA NACOR ECON 15L BR CSA IBRATIN 7897 - 95143194 1,,7899173407692,32091010,83000000,UN,2026-09-15T20:15:17Z,89.99,89.99
7630,"TINTA PINTA PISO CINZA MEDIO 3,6L CORAL","TINTA ACR FC 3,6L PINTA PISO CZ/MD CORAL GL0001GL",7891019145348,32091010,83000000,UN,2026-09-13T14:03:53Z,89.99,89.99
51039,TINTA DURAMAIS 15L BR.NEVE LUX,,7908147609229,32091010,83000000,UN,2026-09-15T20:20:08Z,89.99,89.99
21586,TINTA PINTA PISO CINZA ESCURO 3.6L CORAL,"TINTA PARA PISO CORAL PINTAPISO 3,6 L CINZA ESCURO",7891019145362,32091010,83000000,UN,2026-09-10T19:55:23Z,89.99,89.99
75748,"TINTA ACR FC 3,6L DIAPISO VM IQUNE GL0001GL","DIAPISO SUPER RESIST VERMELHO 3,6L -&GT PRODUTO NAO CLASSIFICADO COMO PERIGOSO PARA FINS DE TRANSPORTE.",7892948013838,32091010,83000000,PC,2026-09-13T17:39:08Z,99.99,89.99
1777,ACR INTERIOR FOSCO BCO 15L TINTAX,,0,32091010,83000000,ND,2026-09-09T18:42:10Z,90.0,90.0
3145,TINTA INT ECONOMICA 15L BANCO NEVE - ARACOR,,7890000054621,32091010,83000000,UN,2026-09-12T14:23:20Z,90.0,90.0
1647,TINTA PISO AZUL 3.6LT FUTURA,,0,32091010,83000000,UND,2026-09-15T19:57:35Z,90.0,90.0
1039,"HIPERLAR ESM SINT CZA MEDIO 3,0L -> COD.ONU: 1263 CL.RISCO: 3,0 GR.EMB: III TINTA CONTENDO SOLVENTE",,0,32081010,83000000,UN,2026-09-10T12:29:42Z,90.0,90.0
889,"HIPERLAR ESM SINT CZA ESCURO 3,0L -> COD.ONU: 1263 CL.RISCO: 3,0 GR.EMB: III TINTA CONTENDO SOLVENTE",,0,32081010,83000000,UN,2026-09-11T11:18:05Z,90.0,90.0
888,"HIPERLAR ESM SINT MARFIM 3,0L -> COD.ONU: 1263 CL.RISCO: 3,0 GR.EMB: III TINTA CONTENDO SOLVENTE ORG",,0,32081010,83000000,UN,2026-09-11T20:09:45Z,90.0,90.0
234,BP PRATA BARI MET. FIAT 0316 SKYLACK 900ML,"TINTA SKYLACK BP PRATA BARI MET. FIAT 0316 0,900L",7898910510022,32081010,83000000,UN,2026-09-15T20:39:44Z,106.0,90.0
7891019177035,TINTA ACR AC 800ML BASE P DECORA SEDA CORAL,,0,32091010,83000000,UN,2026-09-10T13:39:40Z,90.67,90.0
9577,"Tinta Esmalte Az Del Rey Glasu 3,6l /","ESMALTE BRI 3,6L AZ DEL REY GLASURIT SUVINIL",7891260059272,32081010,83000000,UN,2026-09-09T14:10:21Z,90.0,90.0
3576,TINTA ACR SOFT 15L - CINZA MEDIO,,0,32091010,83000000,UN,2026-09-14T15:41:17Z,90.0,90.0
711,"ESMALTE SINTETICO MAXILIT 3,6L LARANJA HIDROTINTAS","TINTA ESMAL SINT LARANJA 3,6GL HIDROTINT",7899010475266,32081010,83000000,UN,2026-09-12T14:04:57Z,90.0,90.0
5338,TINTA REVESTIMENTO LATEX INT BR LUCRILAR 18 KG,,0,32141020,83000000,BD,2026-09-15T19:43:55Z,90.0,90.0
454,ACR INTERIOR FOSCO CINZA SAO PAULO 15L TINTAX,,0,32091010,83000000,BD,2026-09-12T11:43:02Z,90.0,90.0
7891019177035,TINTA ACR AC 800ML BASE P DECORA SEDA CORAL,"TINTA BASE ACR AC LT0,8L ACAB SEDA P 990 LT0001LT - ALGODAO EGIPCIO - SU",7891019177035,32091010,83000000,UN,2026-09-10T19:39:21Z,90.25,90.25
62363,"TINTA ESM BR 0,8L HAMMERITE CZ CORAL LT0001LT","TINTA ESM BR 0,8L HAMMERITE CZ CORAL LT0001LT",7891019207930,32089010,83000000,LT,2026-09-15T19:04:39Z,96.99,90.34
1947,TINTA ACR SOFT 15L - BRANCO NEVE MEGA O,TINTA ACR ECONOMICA 15L - BRANCO NEVE MEGAO,7898701770215,32091010,83000000,Un,2026-09-11T16:05:41Z,95.0,90.3675
214,"ZARCAO PRETO 3,600L -ALPAR-PERNAMBUCO","ZARCAO PRETO PERNAMBUCO TINTAS E SOLVENTES 3,6L",7898929326904,32089010,83000000,MR,2026-09-09T14:53:10Z,107.0,90.38
01309,"BRANCO AREIA TINTA EPOXI B/AGUA BRI BASE PM 0,8L RENOVA AZULEJOS CORAL 30YY 58/082 5300",REFRESCO DE MENTA 01GG 59/285 RENOVA AZULEJOS BR / WANDEPOXY B AGUA LT L5.21.73,7891019176984,32091010,83000000,UN,2026-09-11T12:19:46Z,90.39,90.39
3565,TINTA LATEX SEMI-BRILHO BR NEVE 3L LUX,,7908147625632,32091010,83000000,UN,2026-09-09T20:25:59Z,91.0,91.0
7892948048823,"TINTA ACR FOS BASE P 3,2L SELA E PINTA IQUINE",,0,32091010,83000000,UN,2026-09-09T23:46:54Z,91.2,91.2
211732,"ZARCAO CINZA 3,600L-PERNAMBUCO","ZARCAO CINZA PERNAMBUCO TINTAS E SOLVENTES 3,6L",7898929326751,32089010,83000000,UND,2026-09-11T14:57:31Z,107.0,91.305
100258,ACR INTERIOR FOSCO ROSA BEBE 15L TINTAX,,0,32091010,83000000,UN,2026-09-15T16:30:20Z,99.9,91.43
015447,TINTA ACR FC 16L REND MUIT BR/GL CORAL,TINTA ACRILICA RENDE MUITO STANDARD FOSCO GELO 16L CORAL,7891019919673,32091010,83000000,LT,2026-09-12T16:47:18Z,91.5,91.5
05450,"TINTA ACR STANDARD RENDE E COBRE MUITO UVA VERDE FOSCO 3,6L SUVINIL FL",SUVINIL ACR STD FOSCO RENDE E COBRE MUITO UVA VERDE GAL,7891260336656,32091010,83000000,GL,2026-09-15T17:37:40Z,92.4,92.4
08750,"TINTA ACR STANDARD MAXIMA EFICIENCIA PALHA FOSCO 3,6L GLASU",GLASURIT ACR FOSCO MAXIMA EFICIENCIA PALHA GAL,7891260168066,32091010,83000000,GL,2026-09-12T14:32:30Z,109.0,92.65
1946,TINTA ACR SOFT 15L - BRANCO GELO MEGA O,BALDE DE TINTA - BRANCO GELO -15L INT - MEGAO,7898701770208,32091010,83000000,Un,2026-09-12T12:18:44Z,95.0,92.89
7891019177042,TINTA ACR AC 800ML BASE T DECORA SEDA CORAL,,0,32091010,83000000,UN,2026-09-10T18:24:53Z,92.99,92.99
979556,TINTA ESM BR 3L DELANIL AZ/FR IQUINE GL0001GL,,7892948051533,32081010,83000000,GL,2026-09-15T12:23:39Z,99.99,93.0
2852,TINTA LATEX ARACOR BRANCO NEVE15L OK,,0,32091010,83000000,UN,2026-09-10T17:24:18Z,97.9,93.0
7891019145386,Tinta Piso Concr 36L Coral                   De12755 Por9304,,0,32091010,83000000,UN,2026-09-13T14:41:34Z,127.55,93.04
7892948048847,"TINTA ACR FOS BASE M 3,2L SELA E PINTA IQUINE",,0,32091010,83000000,UN,2026-09-14T19:58:24Z,93.27,93.27
10425,"TINTA PISO PREMIUM SUVINIL PISO BRANCO 3,6L PLASTICO SUVINIL",,7891260539644,32091010,83000000,GL,2026-09-15T16:55:46Z,93.6,93.6
10423,"TINTA PISO PREMIUM SUVINIL PISO PRETO 3,6L PLASTICO SUVINIL",,7891260539699,32091010,83000000,GL,2026-09-11T11:49:34Z,93.6,93.6
7891019907038,TINTA ACR SB 800ML BASE P DECORA DIAMANTECORAL,,0,32091010,83000000,LT,2026-09-11T20:12:52Z,93.83,93.83
5097,ACR INTERIOR FOSCO BRANCO 15L TINTAX,,0,32091010,83000000,BD,2026-09-10T19:45:45Z,99.99,94.0
7004,TINTA LUX DURA + INT BRANCO NEVE 15L,,0,32091010,83000000,UN,2026-09-11T19:40:53Z,99.9,94.37
362958,HIDROTINTAS ESM MAXLIT AB 3L VD FOLHA UN,,7899010487498,32081010,83000000,UN,2026-09-10T18:31:38Z,94.9,94.9
362959,HIDROTINTAS ESM MAXLIT AB 3L BRANCO UN,,7899010487559,32081010,83000000,UN,2026-09-13T18:47:41Z,94.9,94.9
363031,HIDROTINTAS ESM MAXLIT AB 3L AZ FRANCA UN,,7899010487474,32081010,83000000,UN,2026-09-15T19:13:36Z,94.9,94.9
2793,SELADOR ACRILICO BD 15L - TINTAS MIL,,0,32091010,83000000,KG,2026-09-09T20:02:21Z,99.9,94.9
10417,"TINTA PISO PREMIUM SUVINIL PISO CINZA 3,6L PLASTICO SUVINIL",,7891260539668,32091010,83000000,GL,2026-09-10T16:12:10Z,105.3,94.93
2065,TINTA BD 15L LPRO BR,,0,32091010,83000000,UN,2026-09-15T10:40:04Z,95.0,95.0
6928,TINTA BRANCO NEVE INTERNO BD 15L- TINTAS MIL,,618341747227,32091010,83000000,UN,2026-09-10T19:07:43Z,95.0,95.0
325,TINTA DANLAR CONCRETO 15 LT,,0,32091010,83000000,UN,2026-09-09T12:28:50Z,95.0,95.0
4043,ACR INTERIOR FOSCO BRANCO 15L TINTAX,,0,32091010,83000000,BD,2026-09-12T12:54:05Z,95.0,95.0
327,TINTA DANLAR AREIA 15 LT,,0,32091010,83000000,UN,2026-09-13T13:09:00Z,95.0,95.0
1395,TINTAX ACR ECONOMICO INT BRANCO 15L,,0,32091010,83000000,BD,2026-09-09T12:34:09Z,95.0,95.0
310,TINTAS LUX L.PRO INTERIOR 15L BRANCO NEVE,,7908147622426,32091010,83000000,BA,2026-09-09T14:30:16Z,95.0,95.0
3670,TINTA LTX SEMI-BRILHO BR NEVE 3L C/4 LUX,,7908147625632,32091010,83000000,PT,2026-09-11T11:25:04Z,95.0,95.0
1511,TINTA ACR BR FOSCO 15L TINTAX - MIRACOR,,9999900068191,32091010,83000000,UN,2026-09-14T13:00:29Z,103.9,95.0
5279,ACR INTERIOR FOSCO BRANCO 15L TINTAX,,0,32091010,83000000,BD,2026-09-14T18:00:20Z,95.0,95.0
7894422008316,Tinta Piso Vde Fos Pre 36L Luxens,,0,32091010,83000000,UN,2026-09-12T23:42:54Z,95.64,95.64
7894422008279,Tinta Piso Amar Fos Pre 36L Luxens,,0,32091010,83000000,UN,2026-09-15T18:00:26Z,95.64,95.64
7894422008231,Tinta Piso Cz Esc Fos Pre 36L Luxens,,0,32091010,83000000,UN,2026-09-15T11:39:03Z,95.64,95.64
7894422007999,Tinta Piso Concr Fos Pre 36L Luxens,,0,32091010,83000000,UN,2026-09-12T13:35:47Z,95.64,95.64
1270,TINTA BRANCO NEVE FOSCO 15L DURATON,,0,32091010,83000000,UND,2026-09-11T11:47:27Z,99.0,95.64
7899698425942,Tinta eco Int fosc br 15L Klasse NPB         De21256 Por19156,,0,32091010,83000000,UN,2026-09-15T11:36:06Z,106.28,95.78
3276007449631,Tinta std int fos preto 36L Luxens           De10202 Por9589,,0,32091010,83000000,UN,2026-09-11T13:54:30Z,102.02,95.89
3276007449822,Tinta std int fos verde nobre 36L Luxen      De10202 Por9589,,0,32091010,83000000,UN,2026-09-12T19:38:07Z,102.02,95.89
3276007449389,Tinta std int fos cetim 36l luxens           De20404 Por19178,,0,32091010,83000000,UN,2026-09-15T22:32:14Z,102.02,95.89
3276007449297,Tinta std int fos branca 36L Luxens          De10202 Por9589,,0,32091010,83000000,UN,2026-09-10T12:06:23Z,102.02,95.89
91917140,Tinta Std f br 3 6lLuxens,,7896587047216,32091010,83000000,UN,2026-09-12T20:51:52Z,102.02,95.89
3276007449594,Tinta std int fos crAmio 36L Luxens          De10202 Por9590,,0,32091010,83000000,UN,2026-09-09T17:05:22Z,102.02,95.9
91917154,Tinta Std f gl 3 6lLuxens,,3276007449327,32091010,83000000,UN,2026-09-10T11:25:38Z,102.02,95.9
3276007449327,Tinta std int fos gelo 36L Luxens            De10202 Por9591,,0,32091010,83000000,UN,2026-09-15T20:23:41Z,102.02,95.91
5166,"TINTA P PISO 3,6L CZ MEDIO IBRATIN","TINTA PARA PISO - GA 3,6 LTS COR 000015-CINZA MEDIO",7899173400884,32091010,83000000,UN,2026-09-09T17:19:04Z,99.99,95.99
02005,"TINTA IMPERMEA PREMIUM VEDAPREN PAREDE BRANCO FOSCO 3,6KG VEDACIT",,17897321120216,32091010,83000000,GL,2026-09-15T20:40:19Z,98.1,96.46
62,"ESMALTE MAZA PRETO 3,6L","TINTA ESM SINT PT 3,6L 1X3,6LT MAZA",7898289931572,32081010,83000000,MR,2026-09-15T12:52:56Z,118.0,96.72
10126,"TINTA ACR STANDARD RENDE MUITO GELO FOSCO 3,2L CORAL","TINTA ACRILICA RENDE MUITO STANDARD FOSCO GELO 3,2L CORAL",7891019919925,32091010,83000000,GL,2026-09-11T15:21:16Z,96.8,96.8
04768,"TINTA ACR STANDARD RENDE MUITO BRANCO FOSCO 3,6L CORAL","TINTA PARA PAREDE VINIL ACRILICO CORAL RENDE MUITO 3,6 L BRANCO NEVE",7891019101467,32091010,83000000,GL,2026-09-14T19:21:41Z,96.8,96.8
62366,"TINTA ESM BR 0,8L HAMMERITE BR CORAL LT0001LT","TINTA ESM BR 0,8L HAMMERITE BR CORAL LT0001LT",7891019207916,32089010,83000000,LT,2026-09-13T18:33:41Z,96.99,96.99
3117,5130 TINTA BRANCO NEVE INTERNA BD 15L,,618341747227,32091010,83000000,BD,2026-09-15T15:25:35Z,97.0,97.0
924378,TINTA VN ACR FC BD15L PINTALAR BR/NV IQU BD0001BD,PINTALAR FA BRANCO NEVE BALDE 15L -&GT PRODUTO NAO CLASSIFICADO COMO PERIGOSO PARA FINS DE TRANSPORTE.,7892948043187,32091010,83000000,LT,2026-09-15T18:20:42Z,109.9,97.81
09842,"TINTA ACR STANDARD MAXIMA EFICIENCIA FOTO ANTIGA FOSCO 3,6L GLASU",GLASU ACR FOSCO FOTO ANTIGA GAL MAXIMA EFICIENCIA,7891260509937,32091010,83000000,GL,2026-09-09T14:31:40Z,98.1,97.98
02005,"TINTA IMPERMEA PREMIUM VEDAPREN PAREDE BRANCO FOSCO 3,6KG VEDACIT",,17897321120216,32091010,83000000,GL,2026-09-11T19:23:43Z,109.0,98.0
0000000003474,LATEX 15L GELO MIRACOR TINTAX,,0,32091010,83000000,UN,2026-09-15T12:43:30Z,98.0,98.0
8971,TINTA INTERNA BR GELO 18KG,,7898667254217,32141020,83000000,BD,2026-09-11T11:40:49Z,98.0,98.0
8972,TINTA LATEX INTERNA BR 18 KG,,7898667253524,32141020,83000000,BD,2026-09-11T14:57:31Z,98.0,98.0
08742,"TINTA ACR STANDARD MAXIMA EFICIENCIA AREIA FOSCO 3,6L GLASU","TINTA FOSCA GLASURIT MAX EFIC AREIA 3,6L GLASURIT",7891260168035,32091010,83000000,GL,2026-09-12T12:00:15Z,109.0,98.0
5462,TINTA INT. ECONOMICA 15L BRANCO NEVE ARACOR 45,,7890000054621,32091010,83000000,Peca,2026-09-10T17:22:22Z,98.0,98.0
09943,"TINTA ACR STANDARD MAXIMA EFICIENCIA CEU CLARO FOSCO 3,6L GLASU","GLA M EFICIENCIA FO HARMO 3,6L IP31 UN",7891260298497,32091010,83000000,GL,2026-09-09T20:49:30Z,98.1,98.1
02005,"TINTA IMPERMEA PREMIUM VEDAPREN PAREDE BRANCO FOSCO 3,6KG VEDACIT",,17897321120216,32091010,83000000,GL,2026-09-11T12:07:11Z,98.1,98.1
09591,TINTA ACR ECONOMICA HIPER D+ BRANCO FOSCO 15L HIPERCOR,HIDRACOR - ACRILICA ECONOMICA HIPERCOR BRANCO NEVE 15L,7897144027412,32091010,83000000,LA,2026-09-14T17:04:44Z,110.89,98.57
340,ACR INTERIOR FOSCO BRANCO 15L TINTAX,,9999900068191,32091010,83000000,BD,2026-09-12T21:45:11Z,99.0,99.0
10489,"TINTA PISO PREMIUM SUVINIL PISO CONCRETO 3,6L PLASTICO SUVINIL",,7891260539682,32091010,83000000,GL,2026-09-11T20:02:31Z,99.45,99.45
09666,TINTA ACR ECONOMICA HIPER D+ GELO FOSCO 15L HIPERCOR,,1001002096663,32091010,83000000,LA,2026-09-12T15:20:03Z,110.89,99.71
09591,TINTA ACR ECONOMICA HIPER D+ BRANCO FOSCO 15L HIPERCOR,HIDRACOR - ACRILICA ECONOMICA HIPERCOR BRANCO NEVE 15L,7897144027412,32091010,83000000,LA,2026-09-12T12:25:20Z,110.89,99.79
09591,TINTA ACR ECONOMICA HIPER D+ BRANCO FOSCO 15L HIPERCOR,HIDRACOR - ACRILICA ECONOMICA HIPERCOR BRANCO NEVE 15L,7897144027412,32091010,83000000,LA,2026-09-14T17:52:00Z,99.801,99.8
09591,TINTA ACR ECONOMICA HIPER D+ BRANCO FOSCO 15L HIPERCOR,HIDRACOR - ACRILICA ECONOMICA HIPERCOR BRANCO NEVE 15L,7897144027412,32091010,83000000,LA,2026-09-12T12:42:56Z,99.801,99.8
09591,TINTA ACR ECONOMICA HIPER D+ BRANCO FOSCO 15L HIPERCOR,HIDRACOR - ACRILICA ECONOMICA HIPERCOR BRANCO NEVE 15L,7897144027412,32091010,83000000,LA,2026-09-11T11:12:56Z,110.89,99.8
363419,IQUINE DIATEX 15L CINZA UN,TINTA VN ACR BD15L DIATEX CZ IQUINE BD0001BD,7892948050611,32091010,83000000,LT,2026-09-12T12:50:43Z,99.9,99.9
7892948050574,TINTA ACR FOS BR NEVE 15L BD DIATEX IQUINE,TINTA VN ACR BD15L DIATEX BR/NV IQUINE BD0001BD,7892948050574,32091010,83000000,UN,2026-09-13T20:08:46Z,99.9,99.9
7891019101467,"TINTA ACR FOS 3,6L BR NEVE RENDE MUITO CORAL","TINTA PARA PAREDE VINIL ACRILICO CORAL RENDE MUITO 3,6 L BRANCO NEVE",7891019101467,32091010,83000000,GL,2026-09-15T13:44:02Z,99.9,99.9
92450673,TINTA PISO ANT BRANCA 4KG,,7898570235655,32091010,83000000,UN,2026-09-12T20:51:52Z,106.28,99.9
7891019101467,"TINTA ACR FOS 3,6L BR NEVE RENDE MUITO CORAL",,0,32091010,83000000,GL,2026-09-15T00:25:55Z,99.9,99.9
1792,TINTA MIL CHOCOLATE EXT 15L,,618341747517,32091010,83000000,UND,2026-09-11T18:14:57Z,99.9,99.9
7891019101467,"TINTA ACR FOS 3,6L BR NEVE RENDE MUITO CORAL",,0,32091010,83000000,GL,2026-09-15T20:30:05Z,99.9,99.9
366385,HIDROTINTAS DEMAIS 15L BR GELO UN,,7899010490504,32091010,83000000,UN,2026-09-11T14:34:58Z,99.9,99.9
363419,IQUINE DIATEX 15L CINZA UN,TINTA VN ACR BD15L DIATEX CZ IQUINE BD0001BD,7892948050611,32091010,83000000,LT,2026-09-15T15:57:50Z,99.9,99.9
300447,"TINTA ACR FC 3,6L RT DELANIL BOI/GAR IQU GL0001GL",,7892948057603,32091010,83000000,GL,2026-09-15T12:20:14Z,99.99,99.99
5440,"TINTA P PISO 3,6L CONCRETO IBRATIN 16","TINTA PARA PISO - GA 3,6 LTS COR 000016-CONCRETO",7899173400907,32091010,83000000,UN,2026-09-12T13:06:58Z,99.99,99.99
5442,"TINTA P PISO 3,6L BRANCO IBRATIN 10","TINTA PARA PISO - GA 3,6 LTS COR 000010-BRANCO",7899173400846,32091010,83000000,UN,2026-09-14T17:33:13Z,99.99,99.99
51040,TINTA DURAMAIS 15L BR NEVE LUX,,0,32091010,83000000,UN,2026-09-14T21:58:26Z,99.99,99.99
55024,"TINTA EMBORRACHADA GP 3,2LT IBRATIN",,0,32091010,83000000,UN,2026-09-15T18:23:52Z,99.99,99.99
979527,TINTA ESM BR 3L DELANIL BR/NV IQUINE GL0001GL,,7892948051236,32081010,83000000,GL,2026-09-14T21:24:17Z,99.99,99.99
75753,"TINTA ACR FC 3,6L DIAPISO VDFOLH IQUNE","DIAPISO SUPER RESIST VDE FOLHA 3,6L -&GT PRODUTO NAO CLASSIFICADO COMO PERIGOSO PARA FINS DE TRANSPORTE.",7892948013807,32091010,83000000,GL,2026-09-13T14:38:17Z,99.99,99.99
75749,"TINTA ACR FC 3,6L DIAPISO CZMD IQUINE","DIAPISO SUPER RESIST CZA MEDIO 3,6L -&GT PRODUTO NAO CLASSIFICADO COMO PERIGOSO PARA FINS DE TRANSPORTE.",7892948013685,32091010,83000000,GL,2026-09-15T16:12:03Z,99.99,99.99
300420,"TINTA ACR FC 3,6L RT DELANIL BR/NV IQUIN GL0001GL",,7892948057481,32091010,83000000,GL,2026-09-11T19:38:40Z,99.99,99.99
979534,TINTA ESM BR 3L DELANIL CZ/MD IQUINE GL0001GL,,7892948051298,32081010,83000000,GL,2026-09-15T16:20:51Z,99.99,99.99
300442,"TINTA ACR FC 3,6L RT DELANIL RIV IQUINE GL0001GL",,7892948057672,32091010,83000000,GL,2026-09-12T18:34:35Z,99.99,99.99
7342,TINTA MANIPULADA,,0,32091010,83000000,LA,2026-09-10T20:12:29Z,100.0,100.0
315,ACR INTERIOR FOSCO BRANCO 15L TINTAX,,9999900068191,32091010,83000000,UN,2026-09-09T11:19:48Z,100.0,100.0
006140,TINTA INTERNA BRANCO GELO-15L - TINTAX*,,9999900070699,32089010,83000000,UN,2026-09-11T18:22:41Z,110.0,100.0
248,Tintax int. Branco neve 15L,,9999900068191,32091010,83000000,BD,2026-09-12T13:52:50Z,100.0,100.0
2694,TINTA LTX DURA + 15L BR NEVE - LUX,,0,32091010,83000000,BD,2026-09-11T13:57:22Z,100.0,100.0
2369,TINTA BD 15L LUX,,0,32091010,83000000,UN,2026-09-10T20:58:42Z,100.0,100.0
979535,TINTA ESM BR 3L DELANIL CZ/ES IQUINE GL0001GL,,7892948051311,32081010,83000000,GL,2026-09-12T14:04:22Z,100.0,100.0
979536,TINTA ESM BR 3L DELANIL AREIA IQUINE GL0001GL,,7892948051335,32081010,83000000,GL,2026-09-09T15:14:41Z,100.0,100.0
979537,TINTA ESM BR 3L DELANIL MF IQUINE GL0001GL,,7892948051359,32081010,83000000,GL,2026-09-15T22:32:18Z,100.0,100.0
979538,TINTA ESM BR 3L DELANIL MR/CQ IQUINE GL0001GL,,7892948051373,32081010,83000000,GL,2026-09-12T16:16:39Z,100.0,100.0
979542,TINTA ESM BR 3L DELANIL MR/TB IQUINE GL0001GL,,7892948051397,32081010,83000000,GL,2026-09-14T16:35:21Z,100.0,100.0
979547,TINTA ESM BR 3L DELANIL VD/NL IQUINE GL0001GL,,7892948051434,32081010,83000000,GL,2026-09-13T19:41:04Z,100.0,100.0
979558,TINTA ESM BR 3L DELANIL PT IQUINE GL0001GL,,7892948051564,32081010,83000000,GL,2026-09-14T20:59:18Z,100.0,100.0
90,Tinta Pintalar 15L Marfim Iquine,"PINTALAR-VINIL ACRIL MARFIM 15,0L -> PRODUTO NAO CLASSIFICADO COMO PERIGOSO PARA FINS DE TRANSPORTE.",7892948045372,32091010,83000000,UN,2026-09-14T12:51:25Z,100.0,100.0
6274,ACR INTERIOR FOSCO BRANCO 15L TINTAX,,9999900068191,32091010,83000000,BD,2026-09-14T20:07:31Z,100.0,100.0
6656,ACR INTERIOR FOSCO GELO 15L TINTAX,,0,32091010,83000000,BD,2026-09-14T20:54:45Z,100.0,100.0
5488,ZARCAO 3L CINZA - TINTAS LUX,,0,32081010,83000000,UN,2026-09-14T20:02:09Z,100.0,100.0
944,ACR INTERIOR FOSCO BRANCO 15L TINTAX,,0,32091010,83000000,BD,2026-09-15T14:17:05Z,100.0,100.0
1633,TINTA STARLUX 3L BRANCO,,0,32081010,83000000,GL,2026-09-09T13:41:15Z,105.9,100.0
0001525,TINTA LATEX DEMAIS BD 15L BRANCO HIDROTINTAS,TINTA LATEX SUPER DEMAIS LT 15L BRANCO NEVE HIDROTINTAS,7899010483469,32091010,83000000,BD,2026-09-11T20:19:14Z,100.0,100.0
426,TINTA INTERNA BRANCO NEVE BALDE,,0,32091010,83000000,BD,2026-09-14T17:38:11Z,100.0,100.0
001361,TINTA LTX 15L PESSEGO LUX,,7908147611680,32091010,83000000,UN,2026-09-13T12:34:56Z,105.0,100.0
7891260561843,"TINTA ACR FOS 0,8L BASE C2 TOQUE FOSCO SUVINIL",,0,32091010,83000000,UN,2026-09-15T13:25:46Z,100.2,100.2
8370,TINTA STARLUX 3L PRETO,,0,32081010,83000000,GL,2026-09-12T15:19:48Z,105.9,100.26
27,"ESMALTE MAZA CINZA MEDIO 3,6L",TINTA ESM SINT CZ,7898289933064,32081010,83000000,UN,2026-09-10T20:51:23Z,118.0,100.39
01964,"TINTA GESSO ECONOMICA RENOVA GESSO E DRYWALL BRANCO FOSCO 3,6L CORAL","TINTA LATEX FOSCA RENOVA GESSO E DRYWALL BRANCO 3,6 L CORAL",7891019139712,32091010,83000000,GL,2026-09-15T11:52:45Z,100.8,100.8
8369,TINTA STARLUX 3L PLATINA,,0,32081010,83000000,GL,2026-09-09T13:47:10Z,105.9,100.93
05542,"TINTA PISO CONCRETO 3,6L CORAL","TINTA ACR FC 3,6L PINTA PISO CONC CORAL GL0001GL",7891019145386,32091010,83000000,GL,2026-09-11T13:12:40Z,101.44,101.44
62,"ESMALTE MAZA PRETO BRILHANTE 3,6L","TINTA ESM SINT PT 3,6L 1X3,6LT MAZA",7898289931572,32089010,83000000,UN,2026-09-14T12:36:01Z,118.0,101.565
11504,"TINTA PISO PREMIUM SUPER NOVO PISO AMARELO DEMARCACAO SEMI BRILHO 3,6L HYDRONORTH",,7896257518213,32091010,83000000,GL,2026-09-10T14:15:13Z,102.0,102.0
3276007449426,Tinta Acr Sta Int Fos Cream 36L Luxens,,0,32091010,83000000,UN,2026-09-10T00:17:35Z,102.02,102.02
3276007449433,Tinta std int fos grAo areia 36L Luxens,,0,32091010,83000000,UN,2026-09-10T00:17:35Z,102.02,102.02
7891019170586,"TINTA ACR SB 3,2L BASE PM BRILHO E PROTECAO CORAL",,0,32091010,83000000,GL,2026-09-15T13:19:06Z,119.9,102.43
04768,"TINTA ACR STANDARD RENDE MUITO BRANCO FOSCO 3,6L CORAL","TINTA PARA PAREDE VINIL ACRILICO CORAL RENDE MUITO 3,6 L BRANCO NEVE",7891019101467,32091010,83000000,GL,2026-09-15T17:07:32Z,102.85,102.85
7891019919895,Tinta Acril Stan Rend Mto Areia 32L          De13287 Por10287,,0,32091010,83000000,UN,2026-09-15T17:21:34Z,132.87,102.87
377221,HIDROTINTAS SELADAO ACRIL PIGMENTADO 15L UN,,7899010494342,32091010,83000000,LT,2026-09-12T14:44:52Z,102.9,102.9
8367,TINTA STARLUX 3L AZUL MAR,,0,32081010,83000000,GL,2026-09-15T14:20:37Z,105.9,103.62
8373,TINTA STARLUX 3L VERMELHO,,0,32081010,83000000,GL,2026-09-15T14:20:37Z,105.9,103.62
10897,TINTA ACR ECONOMICA NACOR+ BRANCO FOSCO 15L IBRATIN,,7899173409160,32091010,83000000,LA,2026-09-15T20:37:28Z,119.0,103.66
3457,"TINTA CORAL 3,6L ACRILICA SEMI BRILHO BR",,0,32091010,83000000,UN,2026-09-10T13:17:48Z,109.9,103.83
001698,TINTAX ACR ECONOMICO INT BRANCO BALDE 15L,,9999900068191,32091010,83000000,UN,2026-09-15T20:00:43Z,104.0,104.0
363322,HIDROTINTAS ESM SECAMAX 3L AMARELO UN,,7899010487696,32081010,83000000,UN,2026-09-15T13:49:21Z,109.9895,104.49
10416,"TINTA PISO PREMIUM SUVINIL PISO CERAMICA 3,6L PLASTICO SUVINIL",,7891260539651,32091010,83000000,GL,2026-09-10T20:06:15Z,117.0,104.9
002880,TINTA INT. ECONOMICA 15L BRANCO NEVE,,0,32091010,83000000,UN,2026-09-15T19:01:07Z,105.0,105.0
6055273,TINTA TINTAX GELO 15L,,0,32091010,83000000,BALDE,2026-09-15T20:09:31Z,109.65,105.0
1820,TINTAX ACR ECONOMICO INT GELO BALDE 15L,,0,32091010,83000000,BD,2026-09-11T20:58:13Z,105.0,105.0
10417,"TINTA PISO PREMIUM SUVINIL PISO CINZA 3,6L PLASTICO SUVINIL",,7891260539668,32091010,83000000,GL,2026-09-15T15:42:43Z,117.0,105.0
10416,"TINTA PISO PREMIUM SUVINIL PISO CERAMICA 3,6L PLASTICO SUVINIL",,7891260539651,32091010,83000000,GL,2026-09-11T17:22:22Z,117.0,105.0
003145,TINTA ESM EXTRALUX 3L MARROM TABACO,,7908147620057,32081010,83000000,UN,2026-09-12T12:39:43Z,105.0,105.0
10415,"TINTA PISO PREMIUM SUVINIL PISO AMARELO 3,6L PLASTICO SUVINIL",,7891260539620,32091010,83000000,GL,2026-09-14T16:42:47Z,105.3,105.0
10415,"TINTA PISO PREMIUM SUVINIL PISO AMARELO 3,6L PLASTICO SUVINIL",,7891260539620,32091010,83000000,GL,2026-09-12T12:25:20Z,117.0,105.29
10489,"TINTA PISO PREMIUM SUVINIL PISO CONCRETO 3,6L PLASTICO SUVINIL",,7891260539682,32091010,83000000,GL,2026-09-15T18:28:06Z,105.3,105.3
10416,"TINTA PISO PREMIUM SUVINIL PISO CERAMICA 3,6L PLASTICO SUVINIL",,7891260539651,32091010,83000000,GL,2026-09-10T20:18:16Z,105.3,105.3
10420,"TINTA PISO PREMIUM SUVINIL PISO VERDE 3,6L PLASTICO SUVINIL",,7891260539705,32091010,83000000,GL,2026-09-09T11:26:18Z,105.3,105.3
10489,"TINTA PISO PREMIUM SUVINIL PISO CONCRETO 3,6L PLASTICO SUVINIL",,7891260539682,32091010,83000000,GL,2026-09-14T20:02:45Z,105.3,105.3
10417,"TINTA PISO PREMIUM SUVINIL PISO CINZA 3,6L PLASTICO SUVINIL",,7891260539668,32091010,83000000,GL,2026-09-15T11:57:01Z,105.3,105.3
10417,"TINTA PISO PREMIUM SUVINIL PISO CINZA 3,6L PLASTICO SUVINIL",,7891260539668,32091010,83000000,GL,2026-09-11T12:07:10Z,117.0,105.49
21337,TINTA DURAMAIS 15L CZ.HARMONIA LUX,,7908147605085,32091010,83000000,UN,2026-09-12T13:51:55Z,109.99,105.59
1461,TINTA DURAMAIS 15L BR GELO LUX,,7908147611253,32091010,83000000,UN,2026-09-15T20:13:58Z,109.99,105.59
05540,"TINTA PISO CINZA ESCURO 3,6L CORAL","TINTA PARA PISO CORAL PINTAPISO 3,6 L CINZA ESCURO",7891019145362,32091010,83000000,GL,2026-09-14T16:12:12Z,105.67,105.67
05541,"TINTA PISO CINZA 3,6L CORAL","TINTA ACR FC 3,6L PINTA PISO CZ/MD CORAL GL0001GL",7891019145348,32091010,83000000,GL,2026-09-11T19:47:04Z,105.67,105.67
05541,"TINTA PISO CINZA 3,6L CORAL","TINTA ACR FC 3,6L PINTA PISO CZ/MD CORAL GL0001GL",7891019145348,32091010,83000000,GL,2026-09-09T16:39:44Z,105.67,105.67
10416,"TINTA PISO PREMIUM SUVINIL PISO CERAMICA 3,6L PLASTICO SUVINIL",,7891260539651,32091010,83000000,GL,2026-09-12T13:24:59Z,117.0,105.67
7891260539699,"TINTA PISO PREM FOS 3,6L PT PISOS SUVINIL",,0,32091010,83000000,UN,2026-09-12T19:20:48Z,105.9,105.9
7891260539699,"TINTA PISO PREM FOS 3,6L PT PISOS SUVINIL",,0,32091010,83000000,UN,2026-09-14T23:59:18Z,105.9,105.9
1547,NACOR TINTA AC ECO (LARANJA) 15LTS,,0,32091010,83000000,UN,2026-09-15T19:55:02Z,105.9,105.9
7891019145324,"TINTA PISO PREM FOS 3,6L BR NEVE PINTA PISO CORAL",,0,32091010,83000000,GL,2026-09-15T19:42:57Z,105.9,105.9
7891019145423,"TINTA PISO PREM FOS 3,6L AZ PINTA PISO CORAL",,0,32091010,83000000,GL,2026-09-14T19:51:14Z,105.9,105.9
05521,"ESMALTE PREMIUM HAMMERITE OURO BRILHANTE 0,8L CORAL","TINTA ESM BR 0,8L HAMMERITE OU CORAL LT0001LT",7891019176755,32089010,83000000,UN,2026-09-14T19:48:24Z,118.0,105.96
000106157,TINTA INT/ACR FC BR/GELO TINTAX 15LTS MIRACOR BALD,,0,32091010,83000000,UN,2026-09-15T20:44:05Z,106.0,106.0
9290,TINTA PVA DURAMAIS LUX LT MARF 15L BD,,7908147611628,32091010,83000000,BD,2026-09-10T18:13:44Z,111.9,106.0
498,TINTA ACRI PINTALAR 15L BR NEVE IQUINE,PINTALAR FA BRANCO NEVE BALDE 15L -&GT PRODUTO NAO CLASSIFICADO COMO PERIGOSO PARA FINS DE TRANSPORTE.,7892948043187,32091010,83000000,UN,2026-09-09T11:58:20Z,115.0,106.35
953088,"TINTA ACR FC 3,6L PINTA PISO VDQUA CORA","TINTA ACR FC 3,6L PINTA PISO VD/QUA CORA GL0001GL",7891019145447,32091010,83000000,GL,2026-09-15T21:56:14Z,106.99,106.99
69763,"TINTA ACR FC 3,6L PINTA PISO CZES CORAL","TINTA PARA PISO CORAL PINTAPISO 3,6 L CINZA ESCURO",7891019145362,32091010,83000000,GL,2026-09-14T17:23:42Z,106.99,106.99
892234,"TINTA ACR FC 3,6L PINTA PISO VM/SEG CORA GL0001GL","TINTA PINTA PISO VM SEGURANCA 3.6L CORAL 1X3,6LCORAL",7891019176151,32091010,83000000,GL,2026-09-10T15:00:38Z,106.99,106.99
64099,"TINTA ACR FC 3,6L PINTA PISO PT CORAL","TINTA ACR FC 3,6L PINTA PISO PT CORAL GL0001GL",7891019145409,32091010,83000000,GL,2026-09-15T20:20:39Z,106.99,106.99
10897,TINTA ACR ECONOMICA NACOR+ BRANCO FOSCO 15L IBRATIN,,7899173409160,32091010,83000000,LA,2026-09-15T14:04:21Z,119.0,107.0
10898,TINTA ACR ECONOMICA NACOR+ GELO FOSCO 15L IBRATIN,,7899173409184,32091010,83000000,LA,2026-09-09T17:15:12Z,107.1,107.1
10898,TINTA ACR ECONOMICA NACOR+ GELO FOSCO 15L IBRATIN,,7899173409184,32091010,83000000,LA,2026-09-14T19:36:39Z,119.0,107.1
10897,TINTA ACR ECONOMICA NACOR+ BRANCO FOSCO 15L IBRATIN,,7899173409160,32091010,83000000,LA,2026-09-15T18:50:48Z,107.1,107.1
10897,TINTA ACR ECONOMICA NACOR+ BRANCO FOSCO 15L IBRATIN,,7899173409160,32091010,83000000,LA,2026-09-11T13:15:53Z,107.1,107.1
7892948043507,TINTA ACR FOS BR GELO 15L PINTALAR IQUINE,,0,32091010,83000000,UN,2026-09-15T15:17:30Z,133.9,107.13
7891260539637,"TINTA PISO PREM FOS 3,6L AZ PISOS SUVINIL",,0,32091010,83000000,UN,2026-09-12T22:33:33Z,113.9,107.19
10897,TINTA ACR ECONOMICA NACOR+ BRANCO FOSCO 15L IBRATIN,,7899173409160,32091010,83000000,LA,2026-09-14T11:57:05Z,119.0,107.21
000104374,"TINTA EXT/ACR FC BR/NEVE RENDE MUITO 3,6LTS CORAL",,0,32091010,83000000,UN,2026-09-10T15:58:54Z,115.0,107.72
11499,"TINTA PISO PREMIUM SUPER NOVO PISO CONCRETO SEMI BRILHO 3,6L HYDRONORTH",,7896257524931,32091010,83000000,GL,2026-09-14T12:21:03Z,120.0,107.96
2857,ESM SINT MAXLIT GL 3L (PRETO) - HIDROTINTAS,,0,32081010,83000000,UN,2026-09-11T15:27:15Z,113.9,108.2
04768,"TINTA ACR STANDARD RENDE MUITO BRANCO FOSCO 3,6L CORAL","TINTA PARA PAREDE VINIL ACRILICO CORAL RENDE MUITO 3,6 L BRANCO NEVE",7891019101467,32091010,83000000,GL,2026-09-15T18:51:49Z,121.0,108.5
10126,"TINTA ACR STANDARD RENDE MUITO GELO FOSCO 3,2L CORAL","TINTA ACRILICA RENDE MUITO STANDARD FOSCO GELO 3,2L CORAL",7891019919925,32091010,83000000,GL,2026-09-10T17:22:54Z,121.0,108.61
7891260509128,"TINTA GLASU BRILHO PRATICO FT ANTIGA 3,6L SUVINIL",,0,32091010,83000000,UN,2026-09-15T21:48:57Z,135.9,108.73
10321,"TINTA ACR STANDARD RENDE MUITO TUBARAO BRANCO FOSCO 3,2L CORAL","TINTA ACR FC 3,2L REND MUIT TUBAR/BR COR GL0001GL",7891019919871,32091010,83000000,GL,2026-09-10T12:04:11Z,121.0,108.82
04768,"TINTA ACR STANDARD RENDE MUITO BRANCO FOSCO 3,6L CORAL","TINTA PARA PAREDE VINIL ACRILICO CORAL RENDE MUITO 3,6 L BRANCO NEVE",7891019101467,32091010,83000000,GL,2026-09-14T14:25:48Z,108.9,108.9
04768,"TINTA ACR STANDARD RENDE MUITO BRANCO FOSCO 3,6L CORAL","TINTA PARA PAREDE VINIL ACRILICO CORAL RENDE MUITO 3,6 L BRANCO NEVE",7891019101467,32091010,83000000,GL,2026-09-15T20:33:24Z,121.0,108.9
04768,"TINTA ACR STANDARD RENDE MUITO BRANCO FOSCO 3,6L CORAL","TINTA PARA PAREDE VINIL ACRILICO CORAL RENDE MUITO 3,6 L BRANCO NEVE",7891019101467,32091010,83000000,GL,2026-09-11T11:34:21Z,121.0,108.94
6024,TINTA VINIL ACR LT15L PINTALAR BR GELO IQUINE,,0,32091010,83000000,UN,2026-09-11T19:33:32Z,119.9,109.25
9286,TINTA PVA DURAMAIS LUX LT BR NEVE 15L BD,,7908147609229,32091010,83000000,BD,2026-09-15T19:19:34Z,117.9022,109.27
7892948050574,TINTA ACR FOS BR NEVE 15L BD DIATEX IQUINE,,0,32091010,83000000,UN,2026-09-14T21:22:58Z,109.9,109.9
7892948057474,"TINTA ACR SB 3,6L PEROLA LIMPA FACIL IQUINE",,0,32091010,83000000,UN,2026-09-12T13:51:51Z,109.9,109.9
7892948057467,"TINTA ACR SB 3,6L PALHA LIMPA FACIL IQUINE",,7892948057467,32091010,83000000,UN,2026-09-09T17:53:11Z,109.9,109.9
7892948057450,"TINTA ACR SB 3,6L BR GELO LIMPA FACIL IQUINE",,7892948057450,32091010,83000000,UN,2026-09-09T20:01:25Z,109.9,109.9
7892948057450,"TINTA ACR SB 3,6L BR GELO LIMPA FACIL IQUINE",,0,32091010,83000000,UN,2026-09-15T13:27:37Z,109.9,109.9
7892948057443,"TINTA ACR SB 3,6L BR NEVE LIMPA FACIL IQUINE",,0,32091010,83000000,UN,2026-09-15T16:53:10Z,109.9,109.9
7892948057443,"TINTA ACR SB 3,6L BR NEVE LIMPA FACIL IQUINE",,0,32091010,83000000,UN,2026-09-14T18:52:35Z,109.9,109.9
7892948057450,"TINTA ACR SB 3,6L BR GELO LIMPA FACIL IQUINE",,0,32091010,83000000,UN,2026-09-15T20:43:30Z,109.9,109.9
7892948057450,"TINTA ACR SB 3,6L BR GELO LIMPA FACIL IQUINE",,7892948057450,32091010,83000000,UN,2026-09-11T13:13:33Z,109.9,109.9
3637,TINTA LATEX HIDROTINTAS 15L BR NEVE INT.,,7899010490511,32091010,83000000,UNID,2026-09-09T15:39:24Z,109.9,109.9
7892948050574,TINTA ACR FOS BR NEVE 15L BD DIATEX IQUINE,,0,32091010,83000000,UN,2026-09-15T18:36:01Z,109.9,109.9
6023,TINTA VINIL ACR LT15L PINTALAR BR NEVE IQUINE,,0,32091010,83000000,UN,2026-09-11T12:04:04Z,119.9,109.9
7892948050574,TINTA ACR FOS BR NEVE 15L BD DIATEX IQUINE,TINTA VN ACR BD15L DIATEX BR/NV IQUINE BD0001BD,7892948050574,32091010,83000000,UN,2026-09-15T19:46:52Z,109.9,109.9
373781,HIPERCOR ACR 15L AREIA BALDE UN,TINTA ACRILICA AREIA 15L HIPERCOR,7897144027535,32091010,83000000,UN,2026-09-12T14:54:01Z,109.9,109.9
363329,HIDROTINTAS ESM SECAMAX FOSCO 3L PRETO UN,,7899010487993,32081010,83000000,UN,2026-09-11T16:35:10Z,109.9,109.9
7891019919932,Tinta Acril Stan Rend Mto CamurAa 32L        De11691 Por10991,,0,32091010,83000000,UN,2026-09-15T16:47:24Z,116.91,109.91
45175,TINTA  ACR.PINT.BR NEVE FOSCO 15L IQUINE,PINTALAR FA BRANCO NEVE BALDE 15L -&GT PRODUTO NAO CLASSIFICADO COMO PERIGOSO PARA FINS DE TRANSPORTE.,7892948043187,32091010,83000000,UN,2026-09-11T11:36:22Z,109.99,109.99
56472,TINTA NACOR ECON 15L BR CRB IBRATIN,,0,69072300,83000000,UN,2026-09-12T20:00:20Z,109.99,109.99
363831,HIDROTINTAS ESM SECAMAX 3L AZ FRANCA UN,,7899010487757,32081010,83000000,UN,2026-09-10T19:38:30Z,109.99,109.99
52420,TINTA.INT.NACOR ECON 15L BR IBRATIN,,7899173409160,32091010,83000000,BD,2026-09-14T20:51:06Z,109.99,109.99
972629,TINTA VN ACR BD15L DIATEX BR/NV IQUINE BD0001BD,TINTA VN ACR BD15L DIATEX BR/NV IQUINE BD0001BD,7892948050574,32091010,83000000,BD,2026-09-15T16:05:51Z,109.99,109.99
296007,"TINTA ACR FC 3,6L MASTER TUB/BR CORAL GL0004GL",,7891019993994,32091010,83000000,FD,2026-09-14T20:35:11Z,109.99,109.99
296006,"TINTA ACR FC 3,6L MASTER AREIA CORAL GL0004GL",,7891019993871,32091010,83000000,FD,2026-09-09T19:16:18Z,109.99,109.99
296004,"TINTA ACR FC 3,6L MASTER BR/GL CORAL GL0004GL",,7891019993918,32091010,83000000,FD,2026-09-15T17:47:28Z,109.99,109.99
295969,"TINTA ACR FC 3,6L MASTER BR CORAL GL0004GL",,7891019993932,32091010,83000000,GL,2026-09-10T13:41:45Z,109.99,109.99
972631,TINTA VN ACR BD15L DIATEX BR/GL IQUINE BD0001BD,TINTA VN ACR BD15L DIATEX BR/GL IQUINE BD0001BD,7892948050581,32091010,83000000,BD,2026-09-15T16:41:36Z,109.99,109.99
291,TINTA ACRI INT PINTALAR 15L BR GELO IQUI,"PINTALAR-VINIL ACRIL BCO GELO 15,0L -> PRODUTO NAO CLASSIFICADO COMO PERIGOSO PARA FINS DE TRANSPORTE.",7892948043507,32091010,83000000,LT,2026-09-09T19:27:16Z,120.0,110.0
292,TINTA ACRI INT PINTALAR 15L MARFIM IQUIN,"PINTALAR-VINIL ACRIL MARFIM 15,0L -> PRODUTO NAO CLASSIFICADO COMO PERIGOSO PARA FINS DE TRANSPORTE.",7892948045372,32091010,83000000,LT,2026-09-09T17:03:09Z,120.0,110.0
1349,TINTA LTX PINTALAR 15 L - IQUINE - NEVE,,0,32091010,83000000,BD,2026-09-09T19:13:24Z,110.0,110.0
2016,TINTA LTX PINTALAR ACRIL BCO GELO 15L,,0,32091010,83000000,BD,2026-09-11T21:20:48Z,110.0,110.0
2267,TINTA MIRALAR ACR ECON INT BR 15L MIRACOR,,0,32091010,83000000,BD,2026-09-09T14:33:24Z,110.0,110.0
0000000003365,TINTA ACRILICA INTERNA 15LT BD BRANCO NEVE QUIMILUX,,0,32091010,83000000,UN,2026-09-12T13:08:36Z,112.7,110.0
0000000001943,TINTA ECON 15L AMARE,,0,32091010,83000000,UN,2026-09-14T21:02:20Z,110.0,110.0
91,Tinta  Pintalar 15L- Branco Gelo,"PINTALAR-VINIL ACRIL BCO GELO 15,0L -> PRODUTO NAO CLASSIFICADO COMO PERIGOSO PARA FINS DE TRANSPORTE.",7892948043507,32091010,83000000,UN,2026-09-14T12:50:42Z,110.0,110.0
4731,TINTA LATEX LUX L.PRO INTERIOR BD15L BR NEVE,,7908147622426,32091010,83000000,UN,2026-09-15T20:37:57Z,113.0,110.0
33553,MASSA ACRILICA 20KG HIDROTINTAS,,7899010486903,32141020,83000000,BD,2026-09-10T13:57:42Z,110.0,110.0
32091010,tinta int branco gelo ibratin,,0,32091010,83000000,UND,2026-09-14T15:34:12Z,110.0,110.0
7891019145348,"TINTA PISO PREM FOS 3,6L CZ MEDIO PINTA PISO CORAL",,0,32091010,83000000,GL,2026-09-10T16:37:08Z,115.9,110.12
7892948058112,"TINTA ACR SELA E PINTA GESSO BR NEVE 3,6L IQUINE",,0,32091010,83000000,UN,2026-09-09T17:28:22Z,113.9,110.28
9286,TINTA PVA DURAMAIS LUX LT BR NEVE 15L BD,,7908147609229,32091010,83000000,BD,2026-09-15T11:13:07Z,110.83,110.83
9286,TINTA PVA DURAMAIS LUX LT BR NEVE 15L BD,,7908147609229,32091010,83000000,BD,2026-09-14T20:07:15Z,110.83,110.83
9284,TINTA PVA DURAMAIS LUX LT BR GELO 15L BD,,7908147611253,32091010,83000000,LT,2026-09-11T18:50:32Z,110.83,110.83
9292,TINTA PVA DURAMAIS LUX LT MENTA 15L 1,,7908147611307,32091010,83000000,BD,2026-09-11T15:56:57Z,117.904,110.83
9298,TINTA PVA DURAMAIS LUX LT PESSEGO 15L 1,,7908147611680,32091010,83000000,UN,2026-09-10T18:52:42Z,117.9,111.0
9299,TINTA PVA DURAMAIS LUX LT VD CAMP 15L 1,,7908147611277,32091010,83000000,BD,2026-09-11T12:15:49Z,111.9,111.9
9294,TINTA PVA DURAMAIS LUX LT PALHA 15L 1,,7908147611659,32091010,83000000,BD,2026-09-10T13:56:55Z,111.9,111.9
9294,TINTA PVA DURAMAIS LUX LT PALHA 15L 1,,7908147611659,32091010,83000000,BD,2026-09-15T13:30:42Z,111.9,111.9
7891019145386,"TINTA PISO PREM FOS 3,6L CONCRETO PINTA PISO CORAL","TINTA ACR FC 3,6L PINTA PISO CONC CORAL GL0001GL",7891019145386,32091010,83000000,GL,2026-09-15T17:52:14Z,111.9,111.9
7891019145386,"TINTA PISO PREM FOS 3,6L CONCRETO PINTA PISO CORAL",,0,32091010,83000000,GL,2026-09-11T18:41:53Z,111.9,111.9
0000000006931,TINTA ACRI PINTALAR 15 L VERDE PISCINA IQUINE,,0,32091010,83000000,UN,2026-09-12T11:36:36Z,119.9,112.4
0000000003425,TINTA ACRILICA INTERNA 15L BD CINZA MEDIO QUIMILUX,,0,32091010,83000000,UN,2026-09-09T12:33:38Z,112.7,112.5
7892948048861,"TINTA ACR FOS BASE C 3,2L SELA E PINTA IQUINE",,0,32091010,83000000,UN,2026-09-14T19:58:24Z,112.62,112.62
56332,"CORAL RENOVA GESSO & DRYWALL 3,6L BR/NV","TINTA LATEX FOSCA RENOVA GESSO E DRYWALL BRANCO 3,6 L CORAL",7891019139712,32091010,83000000,GL,2026-09-09T13:55:27Z,125.3,112.77
1687,"Tinta Coral rende muito 3,6l branco","TINTA PARA PAREDE VINIL ACRILICO CORAL RENDE MUITO 3,6 L BRANCO NEVE",7891019101467,32091010,83000000,UN,2026-09-12T16:01:43Z,113.0,113.0
01964,"TINTA GESSO ECONOMICA RENOVA GESSO E DRYWALL BRANCO FOSCO 3,6L CORAL","TINTA LATEX FOSCA RENOVA GESSO E DRYWALL BRANCO 3,6 L CORAL",7891019139712,32091010,83000000,GL,2026-09-11T17:06:31Z,113.4,113.4
01964,"TINTA GESSO ECONOMICA RENOVA GESSO E DRYWALL BRANCO FOSCO 3,6L CORAL","TINTA LATEX FOSCA RENOVA GESSO E DRYWALL BRANCO 3,6 L CORAL",7891019139712,32091010,83000000,GL,2026-09-14T11:13:55Z,113.4,113.4
7891260539668,"TINTA PISO PREM FOS 3,6L CZ PISOS SUVINIL",,0,32091010,83000000,UN,2026-09-13T19:39:30Z,113.9,113.9
7891260539668,"TINTA PISO PREM FOS 3,6L CZ PISOS SUVINIL",,7891260539668,32091010,83000000,UN,2026-09-11T20:04:07Z,113.9,113.9
7892948029846,"TINTA ACR FOSC BASE M 3,2L DELANIL IQUINE","TINTA BASE ACR FOS 3,2L DELANIL M IQUIN GL0001GL - SERRA DO MACHADO",7892948029846,32091010,83000000,GL,2026-09-12T20:13:51Z,113.9,113.9
7891260539644,"TINTA PISO PREM FOS 3,6L BR NEVE PISOS SUVINIL",,0,32091010,83000000,UN,2026-09-14T19:51:14Z,113.9,113.9
7891260539644,"TINTA PISO PREM FOS 3,6L BR NEVE PISOS SUVINIL",,7891260539644,32091010,83000000,UN,2026-09-12T17:47:40Z,113.9,113.9
7892948058112,"TINTA ACR SELA E PINTA GESSO BR NEVE 3,6L IQUINE",,7892948058112,32091010,83000000,UN,2026-09-14T20:15:21Z,113.9,113.9
7891260539651,"TINTA PISO PREM FOS 3,6L CERAMICA PISOS SUVINIL",,0,32091010,83000000,UN,2026-09-09T22:23:08Z,113.9,113.9
7892948058112,"TINTA ACR SELA E PINTA GESSO BR NEVE 3,6L IQUINE",,0,32091010,83000000,UN,2026-09-12T14:53:50Z,113.9,113.9
7891019207916,ESMALTE SINT BRI 800ML BR NEVE HAMMERITE,"TINTA ESM BR 0,8L HAMMERITE BR CORAL LT0001LT",7891019207916,32089010,83000000,UN,2026-09-13T15:58:06Z,113.9,113.9
4892,"TINTA ESM SINT BRIH SEC RAP 3,6L BR - GLASU","ESMALTE BRILHANTE BRANCO S RAP 3,6L - BASF GLASUR",7891260060001,32081010,83000000,GALAO,2026-09-11T20:53:12Z,134.56,114.2
10426,"TINTA ACR STANDARD BRILHO PRATICO GELO SEMI BRILHO 3,6L GLASU",,7891260532713,32091010,83000000,GL,2026-09-14T14:02:56Z,114.4,114.4
09850,"TINTA ACR STANDARD BRILHO PRATICO LAMINA AFIADA SEMI BRILHO 3,6L GLASU",,7891260509166,32091010,83000000,GL,2026-09-11T11:16:45Z,114.4,114.4
7891019139712,Tinta Acril Econ Fo Branc 36L GessoDry       De12223 Por11489,,0,32091010,83000000,UN,2026-09-15T19:54:13Z,122.23,114.89
7891019139712,"TINTA GESSO 3,6L BR DIRETO NO GESSO CORAL",,0,32091010,83000000,GL,2026-09-15T18:01:56Z,114.9,114.9
7891019139712,"TINTA GESSO 3,6L BR DIRETO NO GESSO CORAL",,0,32091010,83000000,GL,2026-09-15T21:58:07Z,114.9,114.9
52421,TINTA NACOR ECON 15L BR GELO IBRATIN,,7899173409184,32091010,83000000,BD,2026-09-15T16:46:52Z,119.99,114.99
2813,TINTA PINTALAR VINIL ACR.15L BR.NEVE,,0,32091010,83000000,UN,2026-09-12T14:46:34Z,115.0,115.0
002881,TINTA INT. ECONOMICA 15L BRANCO GELO,,0,32091010,83000000,UN,2026-09-10T20:29:09Z,115.0,115.0
169,TINTA LATEX PINTALAR 15L INT IQUINE,"PINTALAR FA ONCA 15,0L -> PRODUTO NAO CLASSIFICADO COMO PERIGOSO PARA FINS DE TRANSPORTE.",7892948050390,32091010,83000000,UN,2026-09-15T20:31:14Z,129.0,115.0
9787,TINTA LATEX INT DEMAIS 15L BR GELO HIDRO,,7899010490504,32091010,83000000,BD,2026-09-15T15:37:27Z,115.0,115.0
003343,TINTA ACRILICA PREMIUM 15L BRANCO GELO ARACOR,,7890000054829,32091010,83000000,UN,2026-09-11T16:56:09Z,130.0,115.0
07236,"ACR FOSCO BRANCO 3,6L RENDE MUITO CORAL","TINTA PARA PAREDE VINIL ACRILICO CORAL RENDE MUITO 3,6 L BRANCO NEVE",7891019101467,32091010,83000000,GL,2026-09-11T12:34:01Z,115.02,115.02
52425,TINTA INT.NACOR ECON 15L PEROLA IBRATIN,,7899173409221,32091010,83000000,BD,2026-09-14T13:58:07Z,119.99,115.19
52422,TINTA INT.NACOR ECON 15L LJ IBRATIN,,7899173409191,32091010,83000000,BD,2026-09-14T13:58:07Z,119.99,115.19
51989,TINTA INT NACOR ECON 15L CAMURCA IBRATIN,,7899173409177,32091010,83000000,BD,2026-09-14T13:58:07Z,119.99,115.19
52417,TINTA INT.NACOR ECON 15L AREIA IBRATIN,,7899173409139,32091010,83000000,BD,2026-09-14T13:58:07Z,119.99,115.19
0000000000097,TINTA ACRI PINTALAR 15L BRANCO NEVE IQUINE,,0,32091010,83000000,UN,2026-09-14T20:19:18Z,119.9,115.775
792,BALDE DE TINTA - BRANCO GELO -15L-INT - MEGAO,BALDE DE TINTA - BRANCO GELO -15L INT - MEGAO,7898701770208,32091010,83000000,UN,2026-09-14T17:32:48Z,119.99,116.95
49,TINTA PVA BRANCO GELO 15L- LUX,,0,32091010,83000000,UNID,2026-09-10T15:06:09Z,117.0,117.0
51,TINTA PVA PEROLA 15L - LUX,,0,32091010,83000000,UNID,2026-09-10T18:39:32Z,117.0,117.0
165,TINTA LATEX DURAMAIS 15L INT LUX,,7908147609229,32091010,83000000,UN,2026-09-12T15:51:31Z,118.0,117.02
9296,TINTA PVA DURAMAIS LUX LT PEROLA 15L BD,,7908147611673,32091010,83000000,BD,2026-09-14T15:57:55Z,117.9,117.9
876638,"TINTA ESM BR 0,9L CORALIT ULT OU CORAL LT0001LT",CORAL CORALIT ULTRA RESISTENCIA AB OURO CORAL 900ML,7891019172535,32089010,83000000,LT,2026-09-10T12:19:19Z,117.99,117.99
11183,"TINTA ACR STANDARD RENDE E COBRE MUITO GELO FOSCO 3,6L PLASTICO SUVINIL",,7891260552315,32091010,83000000,GL,2026-09-14T12:21:03Z,132.0,118.75
7892948030064,"TINTA ACR FOSC 3,2L ACABA COM BASE C IQUINE",,0,32091010,83000000,UN,2026-09-11T19:17:10Z,118.76,118.76
06461,"TINTA ACR STANDARD CORALAR + BRILHO E PROTECAO BRANCO SEMI BRILHO 3,6L CORAL","TINTA ACRILICA CORAL SEMIBRILHO 3,6L BRILHO PROTECAO BRANCO",7891019170579,32091010,83000000,GL,2026-09-15T18:49:46Z,118.8,118.8
11182,"TINTA ACR STANDARD RENDE E COBRE MUITO BRANCO FOSCO 3,6L PLASTICO SUVINIL",,7891260552322,32091010,83000000,GL,2026-09-15T16:45:04Z,132.0,118.8
11182,"TINTA ACR STANDARD RENDE E COBRE MUITO BRANCO FOSCO 3,6L PLASTICO SUVINIL",,7891260552322,32091010,83000000,GL,2026-09-15T17:14:48Z,132.0,118.8
06461,"TINTA ACR STANDARD CORALAR + BRILHO E PROTECAO BRANCO SEMI BRILHO 3,6L CORAL","TINTA ACRILICA CORAL SEMIBRILHO 3,6L BRILHO PROTECAO BRANCO",7891019170579,32091010,83000000,GL,2026-09-15T20:01:25Z,118.8,118.8
8301.000010.9,"NACOR TINTA ACRILICA ECONOMICA-BL 15,0 L COR 000010-BRANCO LOTE 95134292",,7899173409160,32091010,83000000,Peca,2026-09-09T19:10:24Z,119.0,119.0
4941,TINTA ACRI INT PINTALAR 15L BR NEVE IQUI,PINTALAR FA BRANCO NEVE BALDE 15L -&GT PRODUTO NAO CLASSIFICADO COMO PERIGOSO PARA FINS DE TRANSPORTE.,7892948043187,32091010,83000000,UN,2026-09-12T19:50:14Z,119.0,119.0
7891260552322,Tinta std int RCM FOSCO Brc Ne 36L IP2       De12755 Por11989,,0,32091010,83000000,UN,2026-09-11T23:22:47Z,127.55,119.89
7891019170579,"TINTA ACR SB 3,6L BR BRILHO E PROTECAO CORAL","TINTA ACRILICA CORAL SEMIBRILHO 3,6L BRILHO PROTECAO BRANCO",7891019170579,32091010,83000000,GL,2026-09-11T20:37:56Z,119.9,119.9
7891019170579,"TINTA ACR SB 3,6L BR BRILHO E PROTECAO CORAL",,0,32091010,83000000,GL,2026-09-11T17:08:25Z,119.9,119.9
365559,HIDROTINTAS ESM AQUAMAX AB 3L PRETO UN,,7899010490894,32091010,83000000,UN,2026-09-12T12:39:03Z,119.9,119.9
363216,HIDROTINTAS MASSA ACRILICA 20KG BALDE UN,,7899010486903,32141020,83000000,LT,2026-09-10T14:56:33Z,119.9,119.9
7892948050789,TINTA ACR FOS CARANGUEJO 15L BD DIATEX IQUINE,,0,32091010,83000000,UN,2026-09-15T12:58:48Z,119.9,119.9
32875,"TINTA ACRI.SEMI BR.3,6L AREIA IBRATIN","TINTA ACRILICA S.BRILHO P - GA 3,6 LTS COR 000003-AMARELO CANARIO",7899173405384,32091010,83000000,UN,2026-09-09T18:34:23Z,119.99,119.99
45174,TINTA  ACRI.PINTALAR BR GELO FOSCO 15L I,"PINTALAR-VINIL ACRIL BCO GELO 15,0L -> PRODUTO NAO CLASSIFICADO COMO PERIGOSO PARA FINS DE TRANSPORTE.",7892948043507,32091010,83000000,UN,2026-09-15T20:51:12Z,119.99,119.99
49834,TINTA  ACR.PINT.BR.NEVE FOSCO 15L IQUINE,,0,32091010,83000000,UN,2026-09-10T16:32:29Z,119.99,119.99
52416,TINTA NACOR ECON 15L AM CANARIO IBRATIN,,7899173409122,32091010,83000000,BD,2026-09-14T20:53:01Z,119.99,119.99
55593,TINTA INT.NACOR ECON.15L BR IBRATIN,,0,32091010,83000000,BD,2026-09-14T13:26:59Z,119.99,119.99
52426,TINTA NACOR ECON 15L CZ PLATINA IBRATIN,,7899173409252,32091010,83000000,BD,2026-09-15T17:54:26Z,119.99,119.99
52424,TINTA INT.NACOR ECON 15L PALHA IBRATIN,,7899173409214,32091010,83000000,BD,2026-09-14T18:14:43Z,119.99,119.99
5135,TINTA ACR SOFT 15L - MELANCIA,TINTA ACR ECONOMICA 15L MELANCIA MEGAO,7898701770048,32091010,83000000,UN,2026-09-09T17:33:24Z,119.99,119.99
408,BALDE DE TINTA PEROLA 15L INT- MEGAO,TINTA ACR ECONOMICA 15L - PEROLA N*,7898701770079,32091010,83000000,UN,2026-09-12T19:01:06Z,119.99,119.99
52423,TINTA NACOR ECON 15L MARFIM IBRATIN,,7899173409207,32091010,83000000,BD,2026-09-11T21:00:45Z,119.99,119.99
164,BALDE TINTA VERDE SIENA 15L INT- MEGAO,TINTA ACRILICA ECONOMICA MEGAO 15L VERDE SIENA,7898701770130,32091010,83000000,UN,2026-09-12T13:33:12Z,119.99,119.99
5408,TINTA ESM BR 3L CORALAR PT CORAL,,0,32089010,83000000,GL,2026-09-10T15:18:07Z,120.0,120.0
000720,"ESMALTE SINT BASE D.AGUA 3,6L preto","TINTA ESM BR 3,6L DELANIL VD/FL IQUINE GL0001GL",7892948024612,32089010,83000000,UN,2026-09-14T17:21:07Z,160.0,120.0
0000068,TINTA VN ACR FC BD15L PINTALAR BR/NV IQU,PINTALAR FA BRANCO NEVE BALDE 15L -&GT PRODUTO NAO CLASSIFICADO COMO PERIGOSO PARA FINS DE TRANSPORTE.,7892948043187,32091010,83000000,BD,2026-09-14T20:05:01Z,120.0,120.0
471,TINTA BD 15L PINTALAR IQUINE,,0,32091010,83000000,UN,2026-09-14T20:17:16Z,120.0,120.0
3427,"ZARCAO 3,6L CINZA - TINTAS LUX",,0,32081010,83000000,UN,2026-09-14T20:10:41Z,120.0,120.0
000315,TINTA ACRI INT IQUINE 15L BR NEVE,PINTALAR FA BRANCO NEVE BALDE 15L -&GT PRODUTO NAO CLASSIFICADO COMO PERIGOSO PARA FINS DE TRANSPORTE.,7892948043187,32091010,83000000,LT,2026-09-14T11:42:32Z,120.0,120.0
7892948029846,"TINTA ACR FOSC BASE M 3,2L DELANIL IQUINE",,0,32091010,83000000,GL,2026-09-12T17:12:43Z,120.16,120.16
7891019919932,"TINTA ACRILICA RENDE MUITO CAMURCA 3,2L CORAL",,0,32091010,83000000,UN,2026-09-14T21:26:45Z,123.9,120.41
40976,TINTA INT BR NEVE 18L LATEX LUCRILAR,,0,32141020,83000000,BD,2026-09-15T13:58:21Z,121.0,121.0
7891019919925,"TINTA ACRILICA RENDE MUITO BRANCO GELO 3,2L CORAL",,0,32091010,83000000,UN,2026-09-14T13:54:25Z,121.9,121.9
7891019170586,"TINTA ACR SB 3,2L BASE PM BRILHO E PROTECAO CORAL",AMARELO VANILLA - RM PADRAO NOVO AMARELO VANILLA BRILHO E PROTECAO PM GL RM506,7891019170586,32091010,83000000,GL,2026-09-11T19:52:45Z,122.4,122.4
2541,TINTA V N ACR  FC BD15L PINTALAR BR/NV IQUINE,,0,32091010,83000000,UN,2026-09-09T17:19:41Z,128.0,122.81
61435,"TINTA ACR FC 3,6L REND MUIT BR CORAL GL0001GL","TINTA PARA PAREDE VINIL ACRILICO CORAL RENDE MUITO 3,6 L BRANCO NEVE",7891019101467,32091010,83000000,GL,2026-09-11T12:15:44Z,122.99,122.99
366390,HIDROTINTAS DEMAIS 15L VD SIENA UN,,7899010490689,32091010,83000000,UN,2026-09-15T19:16:26Z,129.9,123.405
07236,"ACR FOSCO BRANCO 3,6L RENDE MUITO CORAL","TINTA PARA PAREDE VINIL ACRILICO CORAL RENDE MUITO 3,6 L BRANCO NEVE",7891019101467,32091010,83000000,GL,2026-09-15T18:50:13Z,123.68,123.68
7891019920006,"TINTA ACRILICA RENDE MUITO PALHA 3,2L CORAL",,0,32091010,83000000,UN,2026-09-09T20:31:35Z,123.9,123.9
7891019919833,"TINTA ACRILICA RENDE MUITO CROMIO 3,2L CORAL",,0,32091010,83000000,UN,2026-09-12T16:06:15Z,123.9,123.9
7891019919932,"TINTA ACRILICA RENDE MUITO CAMURCA 3,2L CORAL",,0,32091010,83000000,UN,2026-09-13T17:23:58Z,123.9,123.9
7785,DURAMAIS 15 L BRANCO NEVE TINTAS LUX,,7908147609229,32091010,83000000,UN,2026-09-09T20:46:26Z,156.5,124.29
0000000003115,TINTA ACR SOFT 15L CINZA MEDIO,,0,32091010,83000000,UN,2026-09-14T16:52:29Z,126.5,124.67
7891019920006,Tinta Acril Stan Rend Mto Palha 32L          De13287 Por12489,,0,32091010,83000000,UN,2026-09-10T14:03:09Z,132.87,124.89
7891019101467,Tinta Acril Stand Fo Bran 36L RendCobr       De13287 Por12491,,0,32091010,83000000,UN,2026-09-14T13:13:35Z,132.87,124.91
924380,TINTA VN ACR FC BD15L PINTALAR BR/GL IQU BD0001BD,"PINTALAR-VINIL ACRIL BCO GELO 15,0L -> PRODUTO NAO CLASSIFICADO COMO PERIGOSO PARA FINS DE TRANSPORTE.",7892948043507,32091010,83000000,LT,2026-09-15T15:58:05Z,124.99,124.99
1645,"ESMALTE CREME 3,6L - MAZA","TINTA ESM SINT CREME 3,6L",7898289935600,32081010,83000000,UN,2026-09-12T13:14:36Z,124.99,124.99
9215,"TINTA ECONOMICA CSA - BL 15,0 LTS COR 000010-BRANCO LOT",,7899173407692,32091010,83000000,BL,2026-09-10T21:18:39Z,125.0,125.0
9458,"NACOR TINTA AC ECONOMICA - BL 15,0 LTS COR 000005-AREIA LOT",,7899173409139,32091010,83000000,BL,2026-09-15T20:44:32Z,125.0,125.0
9459,"NACOR TINTA AC ECONOMICA - BL 15,0 LTS COR 000010-BRANCO LOT",,7899173409160,32091010,83000000,BL,2026-09-15T20:42:48Z,125.0,125.0
9460,"NACOR TINTA AC ECONOMICA - BL 15,0 LTS COR 000011-CAMURCA LOT",,7899173409177,32091010,83000000,BL,2026-09-11T17:44:02Z,125.0,125.0
9463,"NACOR TINTA AC ECONOMICA - BL 15,0 LTS COR 000022-PALHA LOT",,7899173409214,32091010,83000000,BL,2026-09-10T18:36:53Z,125.0,125.0
9464,"NACOR TINTA AC ECONOMICA - BL 15,0 LTS COR 000023-PEROLA LOT",,7899173409221,32091010,83000000,BL,2026-09-10T14:11:24Z,125.0,125.0
9465,"NACOR TINTA AC ECONOMICA - BL 15,0 LTS COR 000024-CINZA PLATINA LOT",,7899173409252,32091010,83000000,BL,2026-09-11T18:51:16Z,125.0,125.0
425,TINTA LATEX PVA 15L BN MIRACOR,,0,32091010,83000000,UN,2026-09-09T19:23:26Z,138.0,125.145
01311,"TINTA ACR FOSCO BRANCO 3,6L RENOVA GESSO E DRYWALL CORAL","TINTA LATEX FOSCA RENOVA GESSO E DRYWALL BRANCO 3,6 L CORAL",7891019139712,32091010,83000000,GL,2026-09-10T13:59:58Z,126.66,125.82
973471,TINTA VN ACR FC BD15L PINTALAR ANDOR IQU BD0001BD,"PINTALAR FA ANDORINHA 15,0L - PRODUTO NAO CLASSIFICADO COMO PERIGOSO PARA FINS DE TRANSPORTE.",7892948050222,32091010,83000000,BD,2026-09-15T14:24:38Z,132.99,126.34
01311,"TINTA ACR FOSCO BRANCO 3,6L RENOVA GESSO E DRYWALL CORAL","TINTA LATEX FOSCA RENOVA GESSO E DRYWALL BRANCO 3,6 L CORAL",7891019139712,32091010,83000000,GL,2026-09-11T12:59:30Z,126.66,126.66
3014,TINTA LATEX DURAMAIS BRANCO GELO 15L LUX OK,,7908147611253,32091010,83000000,UN,2026-09-11T13:21:51Z,126.9,126.9
7891260562406,Tinta std intex fos RCM alg eg 36L Suv,,0,32091010,83000000,UN,2026-09-15T14:35:58Z,127.55,127.55
7892948029846,"TINTA ACR FOSC BASE M 3,2L DELANIL IQUINE",,0,32091010,83000000,GL,2026-09-09T11:34:34Z,127.63,127.63
10424,"TINTA ACR STANDARD BRILHO PRATICO MARFIM SEMI BRILHO 3,6L GLASU",,7891260532669,32091010,83000000,GL,2026-09-12T11:38:14Z,128.0,128.0
10834,"TINTA ACR STANDARD BRILHO PRATICO AMARELO OURO SEMI BRILHO 3,6L GLASU",,7891260545973,32091010,83000000,GL,2026-09-15T11:36:24Z,143.0,128.39
10947,"TINTA ACR PREMIUM CORAL MASTER GELO FOSCO 3,6L CORAL",,7891019993918,32091010,83000000,GL,2026-09-12T12:24:22Z,128.7,128.5
10426,"TINTA ACR STANDARD BRILHO PRATICO GELO SEMI BRILHO 3,6L GLASU",,7891260532713,32091010,83000000,GL,2026-09-12T14:04:46Z,143.0,128.5
10414,"TINTA ACR STANDARD BRILHO PRATICO BRANCO SEMI BRILHO 3,6L GLASU",,7891260532706,32091010,83000000,GL,2026-09-14T12:27:05Z,143.0,128.5
10834,"TINTA ACR STANDARD BRILHO PRATICO AMARELO OURO SEMI BRILHO 3,6L GLASU",,7891260545973,32091010,83000000,GL,2026-09-15T19:10:48Z,143.0,128.63
10414,"TINTA ACR STANDARD BRILHO PRATICO BRANCO SEMI BRILHO 3,6L GLASU",,7891260532706,32091010,83000000,GL,2026-09-14T19:18:04Z,143.0,128.68
10414,"TINTA ACR STANDARD BRILHO PRATICO BRANCO SEMI BRILHO 3,6L GLASU",,7891260532706,32091010,83000000,GL,2026-09-11T12:42:09Z,143.0,128.7
10936,"TINTA ACR PREMIUM CORAL MASTER BRANCO FOSCO 3,6L CORAL",,7891019993932,32091010,83000000,GL,2026-09-15T19:27:24Z,143.0,128.7
10414,"TINTA ACR STANDARD BRILHO PRATICO BRANCO SEMI BRILHO 3,6L GLASU",,7891260532706,32091010,83000000,GL,2026-09-15T16:29:58Z,143.0,128.7
10936,"TINTA ACR PREMIUM CORAL MASTER BRANCO FOSCO 3,6L CORAL",,7891019993932,32091010,83000000,GL,2026-09-15T12:10:31Z,143.0,128.7
10426,"TINTA ACR STANDARD BRILHO PRATICO GELO SEMI BRILHO 3,6L GLASU",,7891260532713,32091010,83000000,GL,2026-09-15T20:28:57Z,128.7,128.7
10951,"TINTA ACR PREMIUM CORAL MASTER AREIA FOSCO 3,6L CORAL",,7891019993871,32091010,83000000,GL,2026-09-09T18:21:01Z,128.7,128.7
10414,"TINTA ACR STANDARD BRILHO PRATICO BRANCO SEMI BRILHO 3,6L GLASU",,7891260532706,32091010,83000000,GL,2026-09-11T14:05:52Z,128.7,128.7
07387,"ZARCAO CINZA ESCURO 3,6L MAZA","TINTA ZARCAO CINZA ESCURO MAZA 3,6L - 1X1",7899228240144,32081010,83000000,GL,2026-09-15T13:57:17Z,128.7,128.7
09850,"TINTA ACR STANDARD BRILHO PRATICO LAMINA AFIADA SEMI BRILHO 3,6L GLASU",,7891260509166,32091010,83000000,GL,2026-09-10T11:28:23Z,128.7,128.7
10414,"TINTA ACR STANDARD BRILHO PRATICO BRANCO SEMI BRILHO 3,6L GLASU",,7891260532706,32091010,83000000,GL,2026-09-15T17:22:02Z,128.7,128.7
10834,"TINTA ACR STANDARD BRILHO PRATICO AMARELO OURO SEMI BRILHO 3,6L GLASU",,7891260545973,32091010,83000000,GL,2026-09-15T17:22:02Z,128.7,128.7
10947,"TINTA ACR PREMIUM CORAL MASTER GELO FOSCO 3,6L CORAL",,7891019993918,32091010,83000000,GL,2026-09-11T12:16:34Z,143.0,128.7
09838,"TINTA ACR STANDARD BRILHO PRATICO FOTO ANTIGA SEMI BRILHO 3,6L GLASU",GLASU ACR SEMI-BRILHO FOTO ANTIGA GAL (BRILHO LAVAVEL / PRATICO),7891260509128,32091010,83000000,GL,2026-09-09T17:05:57Z,128.7,128.7
09844,"TINTA ACR STANDARD BRILHO PRATICO ALGODAO EGIPI SEMI BRILHO 3,6L GLASU",,7891260508657,32091010,83000000,GL,2026-09-14T16:54:36Z,128.7,128.7
0002855,TINTA VN ACR 15L PINTALAR BR/NV IQUINE,PINTALAR FA BRANCO NEVE BALDE 15L -&GT PRODUTO NAO CLASSIFICADO COMO PERIGOSO PARA FINS DE TRANSPORTE.,7892948043187,32091010,83000000,BD,2026-09-15T20:15:55Z,128.8,128.8
0007431,TINTA ACRI INT PINTALAR 15L RONDON IQUIN,,7892948052042,32091010,83000000,LT,2026-09-15T20:15:55Z,128.8,128.8
982870,"TINTA ACR FC 3,2L REND MUIT PER CORAL GL0001GL",,7891019920013,32091010,83000000,GL,2026-09-14T14:17:53Z,128.99,128.99
982807,"TINTA ACR FC 3,2L REND MUIT AREIA CORAL GL0001GL",,7891019919895,32091010,83000000,GL,2026-09-15T21:30:24Z,128.99,128.99
982833,"TINTA ACR FC 3,2L REND MUIT LJMT CORAL","CORAL RENDE MUITO LARANJA MARACATU 3,2L",7891019919970,32091010,83000000,GL,2026-09-15T17:07:20Z,128.99,128.99
982872,"TINTA ACR FC 3,2L REND MUIT VD/AN CORAL GL0001GL",,7891019920020,32091010,83000000,GL,2026-09-10T12:17:46Z,128.99,128.99
006001,TINTA PINTALAR BRANCO NEVE (FOSCO AVELUDADO) 15L IQUINE*,PINTALAR FA BRANCO NEVE BALDE 15L -&GT PRODUTO NAO CLASSIFICADO COMO PERIGOSO PARA FINS DE TRANSPORTE.,7892948043187,32091010,83000000,UN,2026-09-12T22:58:29Z,129.0,129.0
008363,TINTA PINTALAR BRANCO GELO (FOSCO AVELUDADO) 15L IQUINE*,"PINTALAR-VINIL ACRIL BCO GELO 15,0L -> PRODUTO NAO CLASSIFICADO COMO PERIGOSO PARA FINS DE TRANSPORTE.",7892948043507,32089010,83000000,UN,2026-09-15T20:51:45Z,129.0,129.0
7892948044146,"TINTA ACR SB LIMPA FACIL BASE M 3,2L IQUINE",,0,32091010,83000000,UN,2026-09-11T22:01:40Z,136.17,129.03
4946,TINTA LATEX DURAMAIS 15L BR NEVE - LUX,,0,32091010,83000000,BALDE,2026-09-14T11:09:45Z,136.0,129.18
1111,TINTA VINIL ACR LT15L PINTALAR BR NEVE,,0,32091010,83000000,UN,2026-09-11T16:46:11Z,129.5,129.5
364451,HIDROTINTAS DEMAIS 15L AM MILHO UN,,7899010490450,32091010,83000000,LT,2026-09-13T15:15:20Z,129.9,129.9
363422,HIDROTINTAS DEMAIS 15L CZ REAL UN,,7899010490542,32091010,83000000,UN,2026-09-14T19:38:27Z,129.9,129.9
956144,TINTA ACR BD15L CORALAR EC BR CORAL,TINTA VN ACR BD15L PAREDEX BR CORAL BD0001BD,7891019918683,32091010,83000000,BD,2026-09-15T17:07:20Z,129.9,129.9
7891260532706,"TINTA ACR SB 3,6L BR NEVE GLASURIT SUVINIL",,0,32091010,83000000,UN,2026-09-13T18:11:39Z,129.9,129.9
351767,HIDROTINTAS DEMAIS 15L PALHA UN,,7899010490603,32091010,83000000,UN,2026-09-14T19:38:27Z,129.9,129.9
8087,"ESMALTE SINTETICO CAMURCA 3,6L DIALINE I","TINTA ESM BR 3,6L DIALINE CAMUR IQUINE GL0001GL",7892948010370,32081010,83000000,UN,2026-09-12T15:01:12Z,129.99,129.99
2221,TEXTURA LISA BRANCO NEVE NUANCE TINTAS 20KG,,7899228213780,32141020,83000000,UN,2026-09-11T20:49:38Z,154.0,130.0
1710,"Coralar semi brilho + brilho e protecao 3,6l branco","TINTA ACRILICA CORAL SEMIBRILHO 3,6L BRILHO PROTECAO BRANCO",7891019170579,32091010,83000000,UN,2026-09-14T12:52:44Z,130.0,130.0
113,TINTA VINIL ACR LT15L PINTALAR BR NEVE,PINTALAR FA BRANCO NEVE BALDE 15L -&GT PRODUTO NAO CLASSIFICADO COMO PERIGOSO PARA FINS DE TRANSPORTE.,7892948043187,32091010,83000000,BD,2026-09-15T20:14:06Z,130.0,130.0
2682,TINTA PINTALAR FA BRANCO GELO BALDE 15 LT,"PINTALAR-VINIL ACRIL BCO GELO 15,0L -> PRODUTO NAO CLASSIFICADO COMO PERIGOSO PARA FINS DE TRANSPORTE.",7892948043507,32091010,83000000,UN,2026-09-11T15:19:47Z,130.0,130.0
001306,TINTA ESM 3L AZUL FRANCA IQUINE,"DIALINE-ESM SEC RAP AZ FRANCA 3,6L -> COD.ONU: 1263 CL.RISCO: 3,0 GR.EMB: III TINTA CONTENDO SOLVENT",7892948009657,32081010,83000000,UN,2026-09-12T13:12:43Z,130.0,130.0
7892948029860,"TINTA ACR FOSC BASE C 3,2L DELANIL IQUINE","TINTA BASE ACR FOS 3,2L DELANIL C IQUIN GL0001GL - LARANJA CITRICO",7892948029860,32091010,83000000,GL,2026-09-14T19:58:01Z,147.27,132.55
85137325,Rend Muito 3 6L Br Nev,"TINTA PARA PAREDE VINIL ACRILICO CORAL RENDE MUITO 3,6 L BRANCO NEVE",7891019101467,32091010,83000000,UN,2026-09-13T14:24:19Z,132.87,132.87
7891019919925,Tinta Acril Stan Rend Mto Brc Gelo 32L,,0,32091010,83000000,UN,2026-09-13T15:36:27Z,132.87,132.87
7891019919802,Tinta Acril Stan Rend Mto Az d Ades 32L,,0,32091010,83000000,UN,2026-09-13T13:47:53Z,132.87,132.87
91934955,Tinta Ac S RM Verd K 3 2L,"TINTA ACR FC 3,2L REND MUIT VD/KW CORAL GL0001GL",7891019920037,32091010,83000000,UN,2026-09-11T15:01:35Z,132.87,132.87
991324,TINTA VN ACR FC BD15L PINTALAR ROND IQUI BD0001BD,,7892948052042,32091010,83000000,BD,2026-09-14T16:35:21Z,132.99,132.99
965992,TINTA VN ACR FC BD15L PINTALAR VD/PIS IQ BD0001BD,PINTALAR VINIL ACR VD PISCINA 15L -> PRODUTO NAO CLASSIFICADO COMO PERIGOSO PARA FINS DE TRANSPORTE.,7892948050062,32091010,83000000,BD,2026-09-14T17:05:37Z,132.99,132.99
965990,TINTA VN ACR FC BD15L PINTALAR VD/PM IQU BD0001BD,TINTA PINTALAR - VINIL ACR VD PRIMAVERA 15L IQUINE,7892948050048,32091010,83000000,BD,2026-09-13T14:05:06Z,132.99,132.99
941090,TINTA VN ACR FC BD15L PINTALAR PALH IQUI BD0001BD,"PINTALAR-VINIL ACRIL PALHA 15,0L -> PRODUTO NAO CLASSIFIC",7892948045389,32091010,83000000,BD,2026-09-13T17:41:04Z,132.99,132.99
941091,TINTA VN ACR FC BD15L PINTALAR AREIA IQU BD0001BD,PINTALAR FA AREIA 15L -? PRODUTO NAO CLASSIFICADO COMO PERIGOSO PARA FINS DE TRANSPORTE.,7892948045402,32091010,83000000,BD,2026-09-14T14:20:11Z,132.99,132.99
941098,TINTA VN ACR FC BD15L PINTALAR MF IQUINE BD0001BD,"PINTALAR-VINIL ACRIL MARFIM 15,0L -> PRODUTO NAO CLASSIFICADO COMO PERIGOSO PARA FINS DE TRANSPORTE.",7892948045372,32091010,83000000,BD,2026-09-14T20:23:56Z,132.99,132.99
7891019170654,"TINTA ACR FOS 3,2L BASE PM RENDE MUITO CORAL",AMARELO VANILLA - RM PADRAO NOVO AMARELO VANILLA RENDE MUITO PM GL RM506,7891019170654,32091010,83000000,GL,2026-09-14T13:16:48Z,133.9,133.9
7891019170654,"TINTA ACR FOS 3,2L BASE PM RENDE MUITO CORAL",,0,32091010,83000000,GL,2026-09-15T21:13:08Z,133.9,133.9
7892948057603,"TINTA ACR FOS 3,6L BOI GARANTIDO DELANIL IQUINE",,7892948057603,32091010,83000000,UN,2026-09-12T18:47:11Z,133.9,133.9
7892948043507,TINTA ACR FOS BR GELO 15L PINTALAR IQUINE,,0,32091010,83000000,UN,2026-09-11T11:28:47Z,133.9,133.9
7891019170654,"TINTA ACR FOS 3,2L BASE PM RENDE MUITO CORAL",AMARELO VANILLA - RM PADRAO NOVO AMARELO VANILLA RENDE MUITO PM GL RM506,7891019170654,32091010,83000000,GL,2026-09-12T18:28:33Z,133.9,133.9
7892948043231,"TINTA ACR SB LIMPA FACIL BASE P 3,2L IQUINE","ICORES LIMPA FACIL (BASE P) 3,2L - PRODUTO NAO CL",7892948043231,32091010,83000000,UN,2026-09-13T15:15:30Z,133.9,133.9
7891019919871,"TINTA ACRILICA RENDE MUITO TUBARAO BRANCO 3,2L COR",,0,32091010,83000000,UN,2026-09-12T12:00:33Z,133.9,133.9
7891019919895,"TINTA ACRILICA RENDE MUITO AREIA 3,2L CORAL",,0,32091010,83000000,UN,2026-09-13T12:53:35Z,133.9,133.9
8926,TINTA ACR PINTALAR LT BR GELO IQUINE 1,"PINTALAR - VINIL ACRILICO - BRANCO GELO18,0L -IQUI",7892948011667,32091010,83000000,LT,2026-09-12T13:23:20Z,133.95,133.95
896865,"TINTA ACR SB 3,6L CORALAR +BRIL BR CORAL GL0001GL","TINTA ACRILICA CORAL SEMIBRILHO 3,6L BRILHO PROTECAO BRANCO",7891019170579,32091010,83000000,GL,2026-09-15T14:20:35Z,133.99,133.99
39335,"TINTA ACR FC 3,6L RENOVA GESS BRNV CORA","TINTA LATEX FOSCA RENOVA GESSO E DRYWALL BRANCO 3,6 L CORAL",7891019139712,32091010,83000000,GL,2026-09-12T12:40:00Z,133.99,133.99
3234,"TINTA ACR FC 3,6L RENOVA GESS BR/NV CORA","TINTA LATEX FOSCA RENOVA GESSO E DRYWALL BRANCO 3,6 L CORAL",7891019139712,32091010,83000000,GL,2026-09-15T16:57:55Z,135.0,135.0
1040,"HIDRAMAIS BA BRILHO BCO NEVE 3,0L -> COD.ONU: 1263 CL.RISCO: 3,0 GR.EMB: III TINTA CONTENDO SOLVENTE",,0,32091010,83000000,UN,2026-09-15T18:07:30Z,135.0,135.0
996767,TINTA ESM FC 3L DIALINE SEC BR/NV IQUINE LT0001LT,,7892948053995,32081010,83000000,LT,2026-09-11T19:38:40Z,148.79,135.4
7891260532737,"TINTA ACR SB AREIA 3,6L GLASURIT SUVINIL",,0,32091010,83000000,UN,2026-09-15T00:54:42Z,135.9,135.9
5173,LATEX DURAMAIS 15L AZ ROYALE - TINTAS LUX,,0,32091010,83000000,UN,2026-09-15T18:39:33Z,136.0,136.0
2300,TINTA ESMALTE DE 3L,,0,32081010,83000000,UNID,2026-09-15T18:57:00Z,137.0,137.0
7891019170654,"TINTA ACR FOS 3,2L BASE PM RENDE MUITO CORAL",,0,32091010,83000000,GL,2026-09-15T20:37:49Z,137.65,137.65
296018,"TINTA BASE ACR FC 3,2L MASTER MF CORAL GL0004GL - CAPIM DE CHEIRO - SU",,7891019993833,32091010,83000000,FD,2026-09-14T22:58:54Z,137.99,137.99
7892948029860,"TINTA ACR FOSC BASE C 3,2L DELANIL IQUINE",,0,32091010,83000000,GL,2026-09-15T20:14:09Z,138.26,138.26
994463,TINTA ESM BR 3L DIALINE SEC MR/TB IQUINE GL0001GL,,7892948053278,32081010,83000000,GL,2026-09-13T13:58:10Z,153.99,138.59
6498,TINTA LATEX PINTALAR BR NEVE 15L IQUINE,,7892948045570,32091010,83000000,UN,2026-09-11T18:27:31Z,139.0,139.0
09619,TINTA GESSO ECONOMICA HGESSO BRANCO FOSCO 15L HIDRACOR,"HGESSO BRANCO NEVE BALDE 15,0L",7897144041388,32091010,83000000,LA,2026-09-11T13:10:32Z,139.2,139.12
08303,MEDITACAO 30YY 69/048 RENOVA PAREDES & TETOS P GL 5282,"TINTA BASE ACR FC GL3,2L RENOVA P CORAL GL0001GL - AMARELO VANILLA - RM",7891019915262,32091010,83000000,GL,2026-09-10T15:38:45Z,139.1343,139.13
002353,TINTA ACRI PINTALAR 15L BR NEVE IQUINE,PINTALAR FA BRANCO NEVE BALDE 15L -&GT PRODUTO NAO CLASSIFICADO COMO PERIGOSO PARA FINS DE TRANSPORTE.,7892948043187,32091010,83000000,UN,2026-09-12T13:36:33Z,139.9,139.19
09619,TINTA GESSO ECONOMICA HGESSO BRANCO FOSCO 15L HIDRACOR,"HGESSO BRANCO NEVE BALDE 15,0L",7897144041388,32091010,83000000,LA,2026-09-14T20:18:06Z,139.2,139.2
10749,"TINTA ACR PREMIUM TOQUE FOSCO (CLASSICA) BRANCO FOSCO 3,6L PLASTICO SUVINIL",,7891260561720,32091010,83000000,GL,2026-09-14T14:01:12Z,139.5,139.5
10759,"TINTA ACR PREMIUM TOQUE FOSCO (CLASSICA) GELO FOSCO 3,6L SUVINIL",,7891260559390,32091010,83000000,GL,2026-09-15T12:09:55Z,139.5,139.5
10757,"TINTA ACR PREMIUM TOQUE FOSCO (CLASSICA) CROMIO FOSCO 3,6L SUVINIL",,7891260559451,32091010,83000000,GL,2026-09-14T17:31:20Z,139.5,139.5
10749,"TINTA ACR PREMIUM TOQUE FOSCO (CLASSICA) BRANCO FOSCO 3,6L PLASTICO SUVINIL",,7891260561720,32091010,83000000,GL,2026-09-15T18:49:56Z,139.5,139.5
10749,"TINTA ACR PREMIUM TOQUE FOSCO (CLASSICA) BRANCO FOSCO 3,6L PLASTICO SUVINIL",,7891260561720,32091010,83000000,GL,2026-09-10T15:03:25Z,139.5,139.5
3276007449211,Tinta pre int fos trench 36l luxens          De14883 Por13990,,0,32091010,83000000,UN,2026-09-15T19:56:50Z,148.83,139.9
7892948050581,TINTA ACR FOS BR GELO 15L BD DIATEX IQUINE,,0,32091010,83000000,UN,2026-09-13T19:39:24Z,139.9,139.9
357975,IQUINE DIATEX 15L BRANCO NEVE BD UN,TINTA VN ACR BD15L DIATEX BR/NV IQUINE BD0001BD,7892948050574,32091010,83000000,LT,2026-09-15T17:51:11Z,139.9,139.9
7892948050581,TINTA ACR FOS BR GELO 15L BD DIATEX IQUINE,TINTA VN ACR BD15L DIATEX BR/GL IQUINE BD0001BD,7892948050581,32091010,83000000,UN,2026-09-12T21:52:48Z,139.9,139.9
7892948050581,TINTA ACR FOS BR GELO 15L BD DIATEX IQUINE,,0,32091010,83000000,UN,2026-09-15T22:42:53Z,139.9,139.9
357975,IQUINE DIATEX 15L BRANCO NEVE BD UN,TINTA VN ACR BD15L DIATEX BR/NV IQUINE BD0001BD,7892948050574,32091010,83000000,LT,2026-09-15T17:02:21Z,139.9,139.9
5562,MASSA ACRILICA 20 KG TINTAS LUX,,0,32141020,83000000,UN,2026-09-12T20:27:20Z,140.0,140.0
5530,TINTA ACRI INT PINTALAR 15L BR GELO IQUI,"PINTALAR-VINIL ACRIL BCO GELO 15,0L -> PRODUTO NAO CLASSIFICADO COMO PERIGOSO PARA FINS DE TRANSPORTE.",7892948043507,32091010,83000000,LT,2026-09-12T15:12:56Z,140.0,140.0
511,"ESM BR GL 3,6L PRETO","DELANIL-ESM PRETO 3,6L -? COD.ONU: 1263 CL.RISCO: 3,0 GR.EMB: III TINTA CONTENDO SOLVENTE ORGANICO.",7892948024759,32081010,83000000,UND,2026-09-09T11:13:00Z,140.0,140.0
1268,TINTA BRANCO NEVE FOSCO PINTALAR 15L IQUINE,,0,32091010,83000000,UND,2026-09-11T15:11:56Z,140.0,140.0
1023,TINTA ACR INT PINTALAR 15L BR GELO IQUINE,,0,32091010,83000000,UN,2026-09-11T17:28:05Z,140.0,140.0
1024,TINTA ACR INT PINTALAR 15L BR NEVE IQUINE,,0,32091010,83000000,UN,2026-09-12T11:09:59Z,140.0,140.0
08296,"TINTA ACR PREMIUM RENOVA PAREDES E TETOS BRANCO FOSCO 3,2L CORAL","TINTA ACRI EXT RENOVA FO BR 3 2L CORAL GL C/3,2L",7891019915217,32091010,83000000,GL,2026-09-15T19:00:55Z,165.0,140.0
7892948043231,"TINTA ACR SB LIMPA FACIL BASE P 3,2L IQUINE",,0,32091010,83000000,UN,2026-09-12T18:19:07Z,140.4,140.4
1547,TINTA ACR FOSCA IBRATIN 15L,,0,32091010,83000000,UND,2026-09-14T15:30:26Z,141.0,141.0
7892948057597,"TINTA ACR FOS 3,6L CAJU DELANIL IQUINE",,0,32091010,83000000,UN,2026-09-12T20:18:36Z,147.9,141.07
8928,TINTA ACR PINTALAR BD PALHA IQUINE 1,TINTA VN ACR 18L PINTALAR PALH IQUINE LT0001LT,7892948011728,32091010,83000000,LT,2026-09-12T11:48:22Z,142.5,142.5
014629,TINTA PINTALAR MARFIM 15L (FOSCO AVELUDADO) IQUINE*,"PINTALAR-VINIL ACRIL MARFIM 15,0L -> PRODUTO NAO CLASSIFICADO COMO PERIGOSO PARA FINS DE TRANSPORTE.",7892948045372,32091010,83000000,UN,2026-09-12T21:20:08Z,149.9,142.9
289136,"TINTA BASE ACR FC 3,2L REND MUIT CS PM GL0001GL - SALVIA - RM",AMARELO VANILLA - RM PADRAO NOVO AMARELO VANILLA RENDE MUITO PM GL RM506,7891019170654,32091010,83000000,GL,2026-09-11T14:04:44Z,142.99,142.99
7892948045389,TINTA FOSC PALHA 15L PINTALAR IQUINE,,0,32091010,83000000,BD,2026-09-14T18:21:45Z,143.9,143.9
7891260509166,"TINTA GLASU BRILHO PRATICO LAM AFIADA 3,6L SUVINIL",,0,32091010,83000000,UN,2026-09-12T23:36:37Z,143.9,143.9
7892948050055,TINTA ACR FOS PESSEGO 15L PINTALAR IQUINE,,0,32091010,83000000,UN,2026-09-09T14:26:23Z,143.9,143.9
7892948045396,TINTA FOSC PEROLA 15L PINTALAR IQUINE,PINTALAR FA PEROLA 15L -? PRODUTO NAO CLASSIFICADO COMO PERIGOSO PARA FINS DE TRANSPORTE.,7892948045396,32091010,83000000,BD,2026-09-15T14:56:17Z,143.9,143.9
7892948044160,"TINTA ACR SB LIMPA FACIL BASE C 3,2L IQUINE",,0,32091010,83000000,UN,2026-09-15T17:51:36Z,143.92,143.92
7892948044146,"TINTA ACR SB LIMPA FACIL BASE M 3,2L IQUINE",,0,32091010,83000000,UN,2026-09-14T18:51:48Z,144.33,144.33
7537,MASSA ACRILICA 20KG HIDROTINTAS,,7899010486903,32141020,83000000,BD,2026-09-15T19:42:31Z,145.0,145.0
10199,ESMALTE PREMIUM CORALIT SEC RAPIDA GELO BRILHANTE 3L CORAL,TINTA ESM BR 3L SEC RAP BR/GL CORAL,7891019920679,32081010,83000000,GL,2026-09-10T19:18:09Z,145.0,145.0
7892948057580,"TINTA ACR FOS 3,6L CARANGUEJO DELANIL IQUINE",,7892948057580,32091010,83000000,UN,2026-09-09T19:31:54Z,145.9,145.9
7892948057702,"TINTA ACR FOS 3,6L RONDON DELANIL IQUINE",,7892948057702,32091010,83000000,UN,2026-09-14T19:33:44Z,145.9,145.9
7892948057702,"TINTA ACR FOS 3,6L RONDON DELANIL IQUINE",,0,32091010,83000000,UN,2026-09-15T12:22:53Z,145.9,145.9
08303,BRANCO GELO - RM BRANCO GELO - RM RENOVA PAREDES & TETOS P GL RM002,"TINTA BASE ACR FC GL3,2L RENOVA P CORAL GL0001GL - AMARELO VANILLA - RM",7891019915262,32091010,83000000,GL,2026-09-12T13:28:42Z,162.3724,146.09
7892948052042,TINTA ECON FOS RONDON 15L PINTALAR IQUINE,,0,32091010,83000000,BD,2026-09-12T15:09:11Z,153.9,146.2
924378,TINTA BR NEVE 15L BD INT ACR FC PINTALAR IQUINI,,0,32091010,83000000,UN,2026-09-12T17:00:09Z,147.5,147.5
7892948057634,"TINTA ACR FOS 3,6L ARARA AZUL DELANIL IQUINE",,0,32091010,83000000,UN,2026-09-14T18:21:45Z,147.9,147.9
7892948057627,"TINTA ACR FOS 3,6L BOI CAPRICHOSO DELANIL IQUINE",,0,32091010,83000000,UN,2026-09-11T13:32:11Z,147.9,147.9
7892948057597,"TINTA ACR FOS 3,6L CAJU DELANIL IQUINE",,7892948057597,32091010,83000000,UN,2026-09-14T13:57:17Z,147.9,147.9
7892948057597,"TINTA ACR FOS 3,6L CAJU DELANIL IQUINE",,0,32091010,83000000,UN,2026-09-11T14:43:33Z,147.9,147.9
08296,"TINTA ACR PREMIUM RENOVA PAREDES E TETOS BRANCO FOSCO 3,2L CORAL","TINTA ACRI EXT RENOVA FO BR 3 2L CORAL GL C/3,2L",7891019915217,32091010,83000000,GL,2026-09-12T13:28:42Z,165.0,148.45
997326,TINTA ESM BR 3L DIALINE B AG BR/GL IQUIN GL0001GL,,7892948053711,32091010,83000000,GL,2026-09-10T19:29:52Z,159.99,148.79
985800,TINTA ESM BR 3L SEC RAP BR CORAL,,7891019920655,32081010,83000000,GL,2026-09-15T21:25:05Z,148.99,148.99
2439,"TINTA GLAS. ESM 3,6L CZ ESCURO",,0,32081010,83000000,UN,2026-09-09T18:30:21Z,149.5,149.0
13676,TINTA ESMT SINT DIALINE BR GELO AL BR GL 1,,7892948053056,32081010,83000000,LT,2026-09-14T13:42:19Z,149.37,149.37
92178793,Tinta Ac Eco Fo Bra15L,TINTA ACRILICA 15L BALDE CORALAR BRANCO NEVE CORAL,7891019000005,32091010,83000000,UN,2026-09-10T21:56:17Z,159.47,149.9
7891019000005,TINTA ACRILICA FOSCO CORALAR BR BALDE 15L CORAL,,0,32091010,83000000,UN,2026-09-14T14:42:58Z,149.9,149.9
7891019000005,TINTA ACRILICA FOSCO CORALAR BR BALDE 15L CORAL,TINTA ACRILICA 15L BALDE CORALAR BRANCO NEVE CORAL,7891019000005,32091010,83000000,UN,2026-09-13T17:02:09Z,149.9,149.9
3126,5141 TINTA AREIA INTERNO BD 15L,,618341747326,32091010,83000000,BD,2026-09-15T15:00:22Z,149.9,149.9
3276007877403,Tinta Emb Camur 4Kg Luxens                   De15947 Por14990,,0,32081010,83000000,UN,2026-09-15T22:32:14Z,159.47,149.9
7891019000005,TINTA ACRILICA FOSCO CORALAR BR BALDE 15L CORAL,TINTA ACRILICA 15L BALDE CORALAR BRANCO NEVE CORAL,7891019000005,32091010,83000000,UN,2026-09-10T21:09:59Z,149.9,149.9
7891019000005,TINTA ACRILICA FOSCO CORALAR BR BALDE 15L CORAL,,0,32091010,83000000,UN,2026-09-14T21:19:46Z,149.9,149.9
978372,TINTA ACR FC BD15L CORALAR DES BR CORAL,TINTA ACRILICA 15L BALDE CORALAR BRANCO NEVE CORAL,7891019000005,32091010,83000000,BD,2026-09-15T20:31:53Z,149.99,149.99
4630,TINTA LATEX COLORIR VD AGUA 15LT LUX,,0,32091010,83000000,UN,2026-09-11T13:57:22Z,150.0,150.0
921042,"TINTA ACR FC 3,6L TOT SOL CHUV AREIA COR GL0001GL",,7891019909315,32091010,83000000,GL,2026-09-15T15:26:13Z,150.0,150.0
997319,TINTA ESM BR 3L DIALINE B AG BR/NV IQUIN GL0001GL,,7892948053643,32091010,83000000,GL,2026-09-15T20:07:59Z,159.99,150.01
997337,TINTA ESM BR 3L DIALINE B AG VM IQUINE GL0001GL,,7892948053650,32091010,83000000,GL,2026-09-15T20:07:59Z,159.99,150.01
997340,TINTA ESM BR 3L DIALINE B AG AZ/DR IQUIN GL0001GL,,7892948053858,32091010,83000000,GL,2026-09-13T14:34:21Z,159.99,150.39
7892948043187,TINTA BRANCO NEVE 15L PINTALAR,PINTALAR FA BRANCO NEVE BALDE 15L -&GT PRODUTO NAO CLASSIFICADO COMO PERIGOSO PARA FINS DE TRANSPORTE.,7892948043187,32091010,83000000,un,2026-09-15T11:53:52Z,151.25,151.25
985830,TINTA ESM BR 3L SEC RAP AM CORAL GL0001GL,,7891019920891,32081010,83000000,GL,2026-09-12T13:17:23Z,157.16,152.01
7891019170586,"TINTA ACR SB 3,2L BASE PM BRILHO E PROTECAO CORAL",,0,32091010,83000000,GL,2026-09-10T16:22:26Z,156.79,152.085
357976,IQUINE DIATEX 15L BRANCO GELO BD UN,TINTA VN ACR BD15L DIATEX BR/GL IQUINE BD0001BD,7892948050581,32091010,83000000,LT,2026-09-12T13:38:25Z,152.9,152.9
7892948050659,TINTA ACR FOS AREIA 15L BD DIATEX IQUINE,,0,32091010,83000000,UN,2026-09-11T17:25:23Z,159.9,152.975
7892948050390,TINTA ECON FOS ONCA 15L PINTALAR IQUINE,,0,32091010,83000000,BD,2026-09-14T12:43:12Z,153.9,153.9
7892948052042,TINTA ECON FOS RONDON 15L PINTALAR IQUINE,,0,32091010,83000000,BD,2026-09-11T16:55:09Z,153.9,153.9
994474,TINTA ESM BR 3L DIALINE SEC VM IQUINE GL0001GL,,7892948052608,32081010,83000000,GL,2026-09-15T17:59:19Z,153.99,153.99
994479,TINTA ESM BR 3L DIALINE SEC PT IQUINE,,7892948053438,32081010,83000000,GL,2026-09-11T21:50:15Z,153.99,153.99
996768,TINTA ESM BR 3L DIALINE SEC GF/ESC IQUIN LT0001LT,,7892948054015,32081010,83000000,LT,2026-09-15T12:33:19Z,153.99,153.99
982027,TINTA ESM BR 3L DIALINE SEC BR/NV IQUINE GL0001GL,,7892948051960,32081010,83000000,GL,2026-09-11T19:35:41Z,153.99,153.99
994433,TINTA ESM BR 3L DIALINE SEC PLAT IQUINE GL0001GL,,7892948052950,32081010,83000000,GL,2026-09-15T14:39:41Z,153.99,153.99
994441,TINTA ESM BR 3L DIALINE SEC CZ/MD IQUINE GL0001GL,,7892948053070,32081010,83000000,GL,2026-09-11T16:18:02Z,153.99,153.99
994454,TINTA ESM BR 3L DIALINE SEC MF IQUINE,,7892948053216,32081010,83000000,GL,2026-09-10T14:56:43Z,153.99,153.99
994473,TINTA ESM BR 3L DIALINE SEC LJ IQUINE GL0001GL,,7892948053353,32081010,83000000,GL,2026-09-14T16:59:11Z,153.99,153.99
994472,TINTA ESM BR 3L DIALINE SEC VD/NL IQUINE GL0001GL,,7892948053339,32081010,83000000,GL,2026-09-13T13:27:17Z,153.99,153.99
994480,TINTA ESM BR 3L DIALINE SEC AM/CAR IQUIN GL0001GL,,7892948053032,32081010,83000000,GL,2026-09-14T14:17:01Z,153.99,153.99
7892948050666,TINTA ACR FOS PEROLA 15L BD DIATEX IQUINE,,0,32091010,83000000,UN,2026-09-12T19:12:45Z,159.9,154.13
08866,TINTA ACR ECONOMICA CORALAR + DESEMP LARANJA CITRICO FOSCO 18L CORAL FL,TINTA ACRILICA LARANJA CITRICO 18LT CORALAR CORAL,7891019168613,32091010,83000000,LA,2026-09-10T19:44:11Z,155.4,155.4
7891019170678,TINTA ACR FOS 16L BASE PM RENDE MUITO CORAL,AMARELO VANILLA - RM PADRAO NOVO AMARELO VANILLA RENDE MUITO PM LA RM506,7891019170678,32091010,83000000,LT,2026-09-13T20:59:18Z,389.9,155.96
81334,"TINTA ESM AC 3,6L CORALIT ZR BR CORAL GL0001GL",CORALIT ZERO SECAGEM RAPIDA BALANCE ACET BRANCO NEVE GAL,7891019165155,32091010,83000000,GL,2026-09-14T20:35:11Z,169.99,156.39
997390,TINTA ESM AC 3L DIALINE B AG BR/GL IQUIN GL0001GL,,7892948054138,32091010,83000000,GL,2026-09-12T20:07:29Z,169.99,156.39
7891260561829,"TINTA ACR FOS 3,2L BASE B2 TOQUE FOSCO SUVINIL",,0,32091010,83000000,UN,2026-09-12T19:47:07Z,157.06,157.06
890329,"TINTA BASE ESM BR 3,2L DIALINE C B AG IQ GL0001GL - RUBI","TINTA BAS ESM BR GL3,2L DIALINE C B AGUA GL0001GL - FERNANDO DE NORONHA",7892948029921,32091010,83000000,GL,2026-09-15T20:42:45Z,157.99,157.99
309586,"FUNDO ACR 3,6L DIALINE MULTIU BR IQ","TINTA DIALINE FUNDO MULT. BASE AG. BR 3,6L IQUINE",7892948044399,32091010,83000000,GL,2026-09-13T13:59:18Z,158.99,158.99
7891019000005,Tinta Acr Eco Fosca Branca 15L Coralar,,0,32091010,83000000,UN,2026-09-13T21:34:21Z,159.47,159.47
9720,TINTA ACR FC LT15L CORALAR +EC BR/GL CO,,0,32091010,83000000,LT,2026-09-09T13:48:55Z,159.9,159.9
7892948050727,TINTA ACR FOS MARFIM 15L BD DIATEX IQUINE,,0,32091010,83000000,UN,2026-09-15T11:23:29Z,159.9,159.9
7892948050611,TINTA ACR FOS CINZA 15L BD DIATEX IQUINE,,0,32091010,83000000,UN,2026-09-13T17:58:53Z,159.9,159.9
7892948050659,TINTA ACR FOS AREIA 15L BD DIATEX IQUINE,,0,32091010,83000000,UN,2026-09-15T12:22:53Z,159.9,159.9
7892948050611,TINTA ACR FOS CINZA 15L BD DIATEX IQUINE,TINTA VN ACR BD15L DIATEX CZ IQUINE BD0001BD,7892948050611,32091010,83000000,UN,2026-09-10T11:46:50Z,159.9,159.9
7892948051779,"TINTA ACR EMBORRACHADA BASE P 3,2L FACHADA IQUINE",,7892948051779,32091010,83000000,UN,2026-09-12T13:51:23Z,159.9,159.9
997328,TINTA ESM BR 3L DIALINE B AG CZ/MD IQUIN GL0001GL,,7892948053759,32091010,83000000,GL,2026-09-13T11:37:42Z,159.99,159.99
997332,TINTA ESM BR 3L DIALINE B AG MR/TB IQUIN GL0001GL,,7892948053797,32091010,83000000,GL,2026-09-15T15:26:13Z,159.99,159.99
997341,TINTA ESM BR 3L DIALINE B AG PT IQUINE GL0001GL,,7892948053681,32091010,83000000,GL,2026-09-10T20:47:08Z,159.99,159.99
61325,"TINTA ESM BR 3,6L CORALIT ULT BR CORAL","ESMALTE AB 3,6L BR NEVE ULTRA RESISTENCIA CORAL",7891019201723,32089010,83000000,GL,2026-09-10T17:26:24Z,159.99,159.99
1618,TINTA LATEX PINTALAR DE 15L,,0,32091010,83000000,UNID,2026-09-15T18:57:00Z,160.0,160.0
01897,TINTA ACR ECONOMICA CORALAR + DESEMP BRANCO FOSCO 18L CORAL,TINTA PARA PAREDE ACRILICA CORAL CORALAR 18 L BRANCO,7891019176113,32091010,83000000,LA,2026-09-14T13:35:21Z,179.001,160.71
7892948029860,"TINTA ACR FOSC BASE C 3,2L DELANIL IQUINE",,0,32091010,83000000,GL,2026-09-15T16:21:36Z,161.19,161.19
7891019907069,"TINTA ACR FO BR NEVE DECORA MATTE 3,6L CORAL",,0,32091010,83000000,GL,2026-09-09T19:44:42Z,169.9,161.44
972656,TINTA VN ACR BD15L DIATEX HORT IQUINE BD0001BD,,7892948050703,32091010,83000000,BD,2026-09-12T14:24:02Z,164.99,164.99
972651,TINTA VN ACR BD15L DIATEX CAJU IQUINE BD0001BD,TINTA DIATEX PINTA MAIS CAJU 15L IQUINE,7892948050758,32091010,83000000,BD,2026-09-15T21:01:15Z,164.99,164.99
7891260561799,"TINTA ACR FOS 3,2L BASE A2 TOQUE FOSCO SUVINIL",,0,32091010,83000000,UN,2026-09-15T20:08:03Z,165.9,165.9
000110,TINTA ESM.SINT.3 LT BASE AGUA LUX,,0,32091010,83000000,GL,2026-09-15T12:59:15Z,166.0,166.0
2722,"TINTA dupla funcao 3,6L CINZA ACETINADO",,0,32089010,83000000,UND,2026-09-14T16:03:06Z,166.0,166.0
7891260561799,"TINTA ACR FOS 3,2L BASE A2 TOQUE FOSCO SUVINIL",,7891260561799,32091010,83000000,UN,2026-09-13T17:02:09Z,166.97,166.97
985805,TINTA ESM BR 3L SEC RAP PT CORAL GL0001GL,,7891019920693,32081010,83000000,GL,2026-09-09T11:27:15Z,168.99,168.99
3633,TEXTURA ACRIL 25KG BCO CORAL OK,TINTA TEXTURA ACRILICA BRANCO 25KG CORAL 1X25KGAKZONOBEL,7891019915750,32091010,83000000,UN,2026-09-09T18:05:20Z,169.9,169.9
56196,TIN.ACR.BR NEVE BALDE 15L CORALAR CORA,TINTA ACRILICA 15L BALDE CORALAR BRANCO NEVE CORAL,7891019000005,32091010,83000000,UN,2026-09-10T11:34:58Z,169.99,169.99
10623,"ACR FOSCO BRANCO 3,6L DECORA MATTE CORAL","TINTA ACR FO BR NEVE DECORA MATTE 3,6L CORAL",7891019907069,32091010,83000000,GL,2026-09-14T13:28:09Z,169.99,169.99
996764,TINTA ESM BR 3L DIALINE SEC OU/ANT IQUIN LT0001LT,,7892948053971,32081010,83000000,LT,2026-09-09T15:09:19Z,169.99,169.99
997392,TINTA ESM FC 3L DIALINE B AG PT IQUINE GL0001GL,,7892948054176,32091010,83000000,GL,2026-09-10T16:28:03Z,169.99,169.99
5057,TINTA SPR ALTA T 350ML/250G PRETO FOSCO CX/6 QTD. 1.00 CX,,0,32082019,83000000,CX,2026-09-11T16:46:11Z,170.0,170.0
0000000004363,TINTA PISO CINZA 15L,,4013999001015,32091010,83000000,UN,2026-09-12T13:04:02Z,175.0,173.68
06823,PEROLA - RM DECORA MATTE EXTRA FOSCO (NOVO) P GL RM018,"TINTA BASE ACR FC GL3,2L DECORA P GL0001GL - PUDIM DE LEITE - SUV",7891019906833,32091010,83000000,GL,2026-09-15T21:04:47Z,175.0351,175.0
7891019993963,"TINTA ACR FOSC PROF BASE T 3,2L MASTER CORAL",,0,32091010,83000000,UN,2026-09-10T22:40:05Z,176.65,176.515
3276007449891,Tinta pre int acet br 36L Luxens             De21266 Por17678,,0,32091010,83000000,UN,2026-09-09T11:15:43Z,212.66,176.78
01897,TINTA ACR ECONOMICA CORALAR + DESEMP BRANCO FOSCO 18L CORAL,TINTA PARA PAREDE ACRILICA CORAL CORALAR 18 L BRANCO,7891019176113,32091010,83000000,LA,2026-09-15T16:30:32Z,179.001,177.995
8910,TINTA ACR PINT ESSE BR GELO LT GLASU 15L 1,GLASURIT ACR ECONOMICO PINTURA ESSENCIAL GELO 15L,7891260490297,32091010,83000000,LT,2026-09-12T14:34:43Z,178.39,178.39
01898,TINTA ACR ECONOMICA CORALAR + DESEMP GELO FOSCO 18L CORAL,TINTA PARA PAREDE ACRILICA CORAL CORALAR 18 L BRANCO GELO,7891019176137,32091010,83000000,LA,2026-09-15T15:18:13Z,179.001,178.76
01897,TINTA ACR ECONOMICA CORALAR + DESEMP BRANCO FOSCO 18L CORAL,TINTA PARA PAREDE ACRILICA CORAL CORALAR 18 L BRANCO,7891019176113,32091010,83000000,LA,2026-09-12T14:48:02Z,179.001,178.9
01897,TINTA ACR ECONOMICA CORALAR + DESEMP BRANCO FOSCO 18L CORAL,TINTA PARA PAREDE ACRILICA CORAL CORALAR 18 L BRANCO,7891019176113,32091010,83000000,LA,2026-09-12T13:03:48Z,198.89,178.94
01897,TINTA ACR ECONOMICA CORALAR + DESEMP BRANCO FOSCO 18L CORAL,TINTA PARA PAREDE ACRILICA CORAL CORALAR 18 L BRANCO,7891019176113,32091010,83000000,LA,2026-09-12T13:58:07Z,179.001,179.0
01897,TINTA ACR ECONOMICA CORALAR + DESEMP BRANCO FOSCO 18L CORAL,TINTA PARA PAREDE ACRILICA CORAL CORALAR 18 L BRANCO,7891019176113,32091010,83000000,LA,2026-09-12T14:17:00Z,198.89,179.0
01898,TINTA ACR ECONOMICA CORALAR + DESEMP GELO FOSCO 18L CORAL,TINTA PARA PAREDE ACRILICA CORAL CORALAR 18 L BRANCO GELO,7891019176137,32091010,83000000,LA,2026-09-10T19:21:34Z,198.89,179.0
01898,TINTA ACR ECONOMICA CORALAR + DESEMP GELO FOSCO 18L CORAL,TINTA PARA PAREDE ACRILICA CORAL CORALAR 18 L BRANCO GELO,7891019176137,32091010,83000000,LA,2026-09-11T15:33:42Z,179.001,179.0
016719,TINTA ACR BD15L CORALAR +EC BR CORAL,TINTA VN ACR BD15L PAREDEX BR CORAL BD0001BD,7891019918683,32091010,83000000,BD,2026-09-14T20:10:20Z,180.0,179.395
013501,TINTA ACR FC 18L CORALAR BR/GL CORAL,TINTA PARA PAREDE ACRILICA CORAL CORALAR 18 L BRANCO GELO,7891019176137,32091010,83000000,LT,2026-09-14T20:10:20Z,180.0,179.4
7891019176113,TINTA ACR FOS 18L BR NEVE CORALAR CORAL,,0,32091010,83000000,LT,2026-09-13T16:31:20Z,179.9,179.9
7891019176113,TINTA ACR FOS 18L BR NEVE CORALAR CORAL,,0,32091010,83000000,LT,2026-09-12T00:01:52Z,179.9,179.9
3276007449075,Tinta eco int fos gelo 18L luxens            De19138 Por17990,,0,32091010,83000000,UN,2026-09-11T23:27:36Z,191.38,179.9
7891019993932,Tinta prem master int fos br 36lCoral,,0,32091010,83000000,UN,2026-09-13T23:08:27Z,180.74,180.74
7891019906833,"TINTA ACR FOSC BASE P 3,2L DECORA MATTE CORAL","TINTA BASE ACR FC GL3,2L DECORA P GL0001GL - PUDIM DE LEITE - SUV",7891019906833,32091010,83000000,UN,2026-09-10T21:55:35Z,180.87,180.87
7891260560952,"TINTA ACR FOS 3,2L BASE B2 FOSCO COMPLETO SUVINIL",,0,32091010,83000000,UN,2026-09-15T19:32:38Z,181.25,181.25
61351,"TINTA ESM BR 3,6L CORALIT ULT MR/CQ CORA GL0001GL","TINTA ESM BR GL3,6L CORALIT MR CONHAQ GL0001GL",7891019203185,32089010,83000000,GL,2026-09-12T14:29:32Z,199.99,181.99
7891260561829,"TINTA ACR FOS 3,2L BASE B2 TOQUE FOSCO SUVINIL",,0,32091010,83000000,UN,2026-09-15T20:08:03Z,182.05,182.05
7891019906833,"TINTA ACR FOSC BASE P 3,2L DECORA MATTE CORAL",,0,32091010,83000000,UN,2026-09-14T21:48:15Z,182.54,182.54
06823,BARCO A REMO 21YY 45/060 DECORA MATTE EXTRA FOSCO (NOVO) P GL F2.05.65,"TINTA BASE ACR FC GL3,2L DECORA P GL0001GL - PUDIM DE LEITE - SUV",7891019906833,32091010,83000000,GL,2026-09-15T18:57:14Z,203.4032,183.0
09571,TINTA PISO PREMIUM HPISO BRANCO 15L HIDRACOR,HPISO TINTA PISO BRANCO 15L HIDRACOR,7897144042255,32091010,83000000,LA,2026-09-10T15:08:46Z,185.0,185.0
7891019906833,"TINTA ACR FOSC BASE P 3,2L DECORA MATTE CORAL","TINTA BASE ACR FC GL3,2L DECORA P GL0001GL - PUDIM DE LEITE - SUV",7891019906833,32091010,83000000,UN,2026-09-12T18:18:14Z,185.94,185.94
10699,"TINTA ACR PREMIUM TOQUE FOSCO COMPLETO BRANCO FOSCO 3,6L SUVINIL",,7891260560884,32091010,83000000,GL,2026-09-12T11:31:52Z,208.0,186.42
364418,"IQUINE SUPER LAVAVEL SB 3,6L BR NEVE UN","TINTA ACR SB GL3,6L DELACRYL BR NEVE GL0001GL",7892948003303,32091010,83000000,LT,2026-09-13T13:50:04Z,187.1,187.1
7891260560884,Tinta pre int FOS COMP Brc Ne 36L IP22       De20202 Por18989,,0,32091010,83000000,UN,2026-09-12T17:48:19Z,202.02,189.89
894468,"TINTA ACR AC 3,6L DECORA SEDA BR CORAL GL0001GL","TINTA ACR AC 3,6L ACAB SED BR CORAL GL0001GL",7891019177158,32091010,83000000,GL,2026-09-10T11:10:53Z,189.99,189.98
894469,"TINTA ACR AC 3,6L DECORA SEDA BRGL CORA","TINTA ACR AC 3,6L ACAB SED BR/GL CORAL GL0001GL",7891019177165,32091010,83000000,GL,2026-09-10T20:36:42Z,189.99,189.99
7891019993857,"TINTA ACR FOSC PROF BASE P 3,2L MASTER CORAL",,0,32091010,83000000,UN,2026-09-12T20:03:07Z,190.27,190.27
7891260560921,"TINTA ACR FOS 3,2L BASE A2 FOSCO COMPLETO SUVINIL",,0,32091010,83000000,UN,2026-09-11T23:19:42Z,190.29,190.29
3276007449099,Tinta EconAmico Int Fos Cream 18L Luxens,,0,32091010,83000000,UN,2026-09-10T22:09:42Z,191.38,191.38
52432,TINTA ACR.STANDARD 15L BR GELO IBRATIN,,7899173408804,32091010,83000000,BD,2026-09-14T16:01:54Z,199.99,192.0
7892948056521,"TINTA ACR FOSC FACHADA EMB BASE C 3,2L IQUINE",,0,32091010,83000000,UN,2026-09-14T19:33:33Z,193.05,193.05
7891019915712,TINTA ACR MARMORE BASE DECORA 3L CORAL,,0,32091010,83000000,UN,2026-09-11T23:19:49Z,199.6,193.63
7891019177103,"TINTA ACR AC 3,2L BASE T DECORA SEDA CORAL",,0,32091010,83000000,GL,2026-09-12T20:38:18Z,193.9,193.9
05536,"TINTA IMPERMEA PREMIUM PROTECAO SOL CHUVA BRANCO FOSCO 3,6L CORAL",CORAL PROTECAO SOL E CHUVA PINTURA IMPERMEABILIZANTE BRANCO GAL,7891019166374,32091010,83000000,GL,2026-09-14T20:09:38Z,194.4,194.4
7892948029556,"TINTA ACR SB BASE P 3,2L SB LAVAVEL PREMIUM IQUINE",,0,32091010,83000000,GL,2026-09-12T16:40:06Z,194.74,194.74
89372710,Base p acril fo deco 3 2l,"TINTA BASE ACR FC GL3,2L DECORA P GL0001GL - PUDIM DE LEITE - SUV",7891019906833,32091010,83000000,UN,2026-09-13T20:15:34Z,195.39,195.39
00134,REMOVEDOR GEL STRIPTIZI  4KG MONTANA,REMOVEDOR DE TINTA 4KG STRIPTIZI GEL MONTANA,7896682402125,38140090,83000000,GL,2026-09-12T15:23:50Z,219.0,196.65
2480,TINTA ACR INT GELO 15L GLASURIT,,0,32091010,83000000,UND,2026-09-10T12:32:47Z,206.0,196.91
10917,TINTA ACR STANDARD NACOR+ BRANCO FOSCO 15L IBRATIN,,7899173408774,32091010,83000000,LA,2026-09-12T12:30:31Z,219.0,196.97
03241,"ROSA AMARELA ACR FOSCO BASE P 3,2L DECORA MATTE CORAL 45YY 73/519 5547","TINTA BASE ACR FC GL3,2L DECORA P GL0001GL - PUDIM DE LEITE - SUV",7891019906833,32091010,83000000,GL,2026-09-12T13:23:48Z,219.77,196.99
00134,REMOVEDOR GEL STRIPTIZI  4KG MONTANA,REMOVEDOR DE TINTA 4KG STRIPTIZI GEL MONTANA,7896682402125,38140090,83000000,GL,2026-09-15T19:18:57Z,219.0,197.01
10917,TINTA ACR STANDARD NACOR+ BRANCO FOSCO 15L IBRATIN,,7899173408774,32091010,83000000,LA,2026-09-11T12:42:54Z,197.1,197.1
7892948029587,"TINTA ACR SB BASE M 3,2L SB LAVAVEL PREMIUM IQUINE","TINTA BASE ACR SB GL3,2L DELACRYL M IQUI GL0001GL - PEDRA ESCULPIDA",7892948029587,32091010,83000000,GL,2026-09-12T14:03:09Z,197.67,197.67
10787,"TINTA ACR PREMIUM TOQUE SEDA BRANCO ACETINADO 3,6L PLASTICO SUVINIL",,7891260559055,32091010,83000000,GL,2026-09-15T18:49:56Z,198.0,198.0
10790,"TINTA ACR PREMIUM TOQUE SEDA ELEFANTE ACETINADO 3,6L SUVINIL",,7891260559185,32091010,83000000,GL,2026-09-09T14:10:10Z,198.05,198.0
8634,TINTA PISO MIL 15L BRANCO,,618341747678,32091010,83000000,UN,2026-09-13T13:01:08Z,198.0,198.0
04031,TINTA ACR ECONOMICA CORALAR + DESEMP PALHA FOSCO 18L CORAL,TINTA CORALAR ACRILICA PALHA 18L CORAL 1X18L CORAL,7891019138678,32091010,83000000,LA,2026-09-09T12:44:28Z,222.0,198.32
7892948029587,"TINTA ACR SB BASE M 3,2L SB LAVAVEL PREMIUM IQUINE",,0,32091010,83000000,GL,2026-09-13T16:55:02Z,202.53,198.7
01901,TINTA ACR ECONOMICA CORALAR + DESEMP AREIA FOSCO 18L CORAL,TINTA PARA PAREDE ACRILICA CORAL CORALAR 18L AREIA,7891019138654,32091010,83000000,LA,2026-09-10T12:30:43Z,199.8,199.73
03695,TINTA ACR ECONOMICA CORALAR + DESEMP MARFIM FOSCO 18L CORAL,TINTA PARA PAREDE ACRILICA CORAL CORALAR 18 L MARFIM,7891019138630,32091010,83000000,LA,2026-09-10T19:05:01Z,222.0,199.77
04508,TINTA ACR ECONOMICA CORALAR + DESEMP PEROLA FOSCO 18L CORAL,TINTA PARA PAREDE ACRILICA CORAL CORALAR 18 L PEROLA,7891019138494,32091010,83000000,LA,2026-09-15T12:36:36Z,222.0,199.79
04031,TINTA ACR ECONOMICA CORALAR + DESEMP PALHA FOSCO 18L CORAL,TINTA CORALAR ACRILICA PALHA 18L CORAL 1X18L CORAL,7891019138678,32091010,83000000,LA,2026-09-10T18:56:35Z,199.8,199.8
9315,"TINTA BASE ESM BR 3,2L CORALIT T 993",,0,32089010,83000000,GL,2026-09-11T11:40:28Z,199.8,199.8
7891019177158,"TINTA ACR AC 3,6L BR NEVE DECORA SEDA CORAL",,0,32091010,83000000,GL,2026-09-13T20:43:35Z,199.9,199.9
7892948057085,TINTA ACR FOS BR NEVE 15L SELA E PINTA IQUINE,,0,32091010,83000000,UN,2026-09-15T20:59:54Z,199.9,199.9
7891019177158,"TINTA ACR AC 3,6L BR NEVE DECORA SEDA CORAL",,0,32091010,83000000,GL,2026-09-11T16:15:48Z,199.9,199.9
7892948057085,TINTA ACR FOS BR NEVE 15L SELA E PINTA IQUINE,,0,32091010,83000000,UN,2026-09-12T18:09:33Z,199.9,199.9
3276007450064,Tinta pre int acet crAmio 36L Luxens         De21266 Por19990,,0,32091010,83000000,UN,2026-09-15T18:39:13Z,212.66,199.9
295950,TINTA ACR FC 15L RT SEL PINT BR/NV IQUIN BD0001BD,,7892948057085,32091010,83000000,BD,2026-09-15T21:50:05Z,199.99,199.98
74550,"TINTA ACR SB 3,6L SUP LAV BR/GL IQUINE GL0001GL","TINTA ACR SB GL3,6L DELACRYL BR GELO GL0001GL",7892948003273,32091010,83000000,GL,2026-09-10T13:26:23Z,199.99,199.99
61415,"TINTA ESM AC 3,6L CORALIT ULT PLAT CORAL","TINTA ESM AC GL3,6L CORALIT PLAT CORAL GL0001GL",7891019203321,32089010,83000000,GL,2026-09-11T23:03:19Z,199.99,199.99
61343,"TINTA ESM BR 3,6L CORALIT ULT MR CORAL GL0001GL","TINTA ESM BR GL3,6L CORALIT MR CORAL . GL0001GL",7891019202836,32089010,83000000,GL,2026-09-14T18:11:32Z,199.99,199.99
61335,"TINTA ESM BR 3,6L CORALIT ULT AZ/DR CORA GL0001GL","TINTA ESM BR 3,6L CORALIT AZ/DR CORAL GL0001GL",7891019202171,32089010,83000000,GL,2026-09-09T22:36:23Z,199.99,199.99
8138,Bomba 1/2 cv Ferrari /,TINTA PARA PAREDE ACRILICA CORAL CORALAR 18 L BRANCO GELO,7891019176137,32091010,83000000,UN,2026-09-10T19:30:01Z,200.0,200.0
7891260561102,Tinta pre intex F COMPL alg eg 36L Suv,,0,32091010,83000000,UN,2026-09-13T16:08:26Z,202.02,202.02
7891260561003,Tinta pre intex F COMPL crAmio 36L Suv,,0,32091010,83000000,UN,2026-09-15T14:58:02Z,202.02,202.02
05980,RECADO DE AMOR 19YY 61/057 DECORA SEDA ACETINADO (NOVO) P GL F2.04.74,"TINTA BASE ACR AC GL3,2L ACAB SEDA P 990 GL0001GL - AZUL FERIADO - (LEQU",7891019177073,32091010,83000000,GL,2026-09-14T11:50:30Z,202.8475,202.85
10787,"TINTA ACR PREMIUM TOQUE SEDA BRANCO ACETINADO 3,6L PLASTICO SUVINIL",,7891260559055,32091010,83000000,GL,2026-09-14T18:06:55Z,233.0,208.35
03941,TINTA ACR ECONOMICA MUDA FACIL GELO FOSCO 18L GLASU,GLASURIT LX ACR ECO (MUDA FACIL) BRANCO GELO 18L,7891260058619,32091010,83000000,LA,2026-09-12T14:48:02Z,208.8,208.69
03941,TINTA ACR ECONOMICA MUDA FACIL GELO FOSCO 18L GLASU,GLASURIT LX ACR ECO (MUDA FACIL) BRANCO GELO 18L,7891260058619,32091010,83000000,LA,2026-09-09T13:26:39Z,232.0,208.78
03939,TINTA ACR ECONOMICA MUDA FACIL BRANCO FOSCO 18L GLASU,TINTA LATEX MUDA FACIL GLASU LT BRANCO NEVE SUVINIL,7891260058626,32091010,83000000,LA,2026-09-15T20:28:09Z,232.0,208.8
03941,TINTA ACR ECONOMICA MUDA FACIL GELO FOSCO 18L GLASU,GLASURIT LX ACR ECO (MUDA FACIL) BRANCO GELO 18L,7891260058619,32091010,83000000,LA,2026-09-12T13:28:22Z,208.8,208.8
03939,TINTA ACR ECONOMICA MUDA FACIL BRANCO FOSCO 18L GLASU,TINTA LATEX MUDA FACIL GLASU LT BRANCO NEVE SUVINIL,7891260058626,32091010,83000000,LA,2026-09-14T17:38:59Z,208.8,208.8
03939,TINTA ACR ECONOMICA MUDA FACIL BRANCO FOSCO 18L GLASU,TINTA LATEX MUDA FACIL GLASU LT BRANCO NEVE SUVINIL,7891260058626,32091010,83000000,LA,2026-09-15T11:51:01Z,232.0,208.8
06306,"TINTA ACR PREMIUM DECORA SEDA BRANCO ACETINADO 3,6L CORAL","TINTA ACR AC 3,6L ACAB SED BR CORAL GL0001GL",7891019177158,32091010,83000000,GL,2026-09-14T19:44:31Z,208.8,208.8
07417,"TINTA ACR PREMIUM DECORA SEDA GELO ACETINADO 3,6L CORAL","TINTA ACR AC 3,6L ACAB SED BR/GL CORAL GL0001GL",7891019177165,32091010,83000000,GL,2026-09-09T11:25:08Z,232.0,208.8
07417,"TINTA ACR PREMIUM DECORA SEDA GELO ACETINADO 3,6L CORAL","TINTA ACR AC 3,6L ACAB SED BR/GL CORAL GL0001GL",7891019177165,32091010,83000000,GL,2026-09-15T11:14:27Z,232.0,208.8
10787,"TINTA ACR PREMIUM TOQUE SEDA BRANCO ACETINADO 3,6L PLASTICO SUVINIL",,7891260559055,32091010,83000000,GL,2026-09-15T19:57:59Z,233.0,209.68
10792,"TINTA ACR PREMIUM TOQUE SEDA CROMIO ACETINADO 3,6L SUVINIL",,7891260559161,32091010,83000000,GL,2026-09-14T17:34:43Z,209.7,209.7
7891019915798,TINTA ACR CIMENTO QUEIMADO BASE DECORA 3L CORAL,,0,32091010,83000000,UN,2026-09-14T13:49:20Z,209.9,209.9
967395,TINTA ACR FC BD15L REND MUIT BR CORAL BD0001BD,TINTA CR RENDE MUITO BRANCO 15L CORAL 1X1UN CORAL,7891019918928,32091010,83000000,BD,2026-09-09T14:16:04Z,299.99,209.99
1554,TINTA ACR FOSCO GELO IBRATIN 15L,,0,32091010,83000000,UND,2026-09-11T13:30:33Z,210.0,210.0
03148,"PAPEL PICADO - SUV ACR ACE BASE P 3,2L DECORA SEDA CORAL  SUV B 148","TINTA BASE ACR AC GL3,2L ACAB SEDA P 990 GL0001GL - AZUL FERIADO - (LEQU",7891019177073,32091010,83000000,GL,2026-09-11T14:17:33Z,234.21,210.0
2696,TINTA ACR PLUS 15L - AM MILHO,,7898701771489,32091010,83000000,UN,2026-09-12T19:13:18Z,225.0,210.0
06823,MANHA DO DESERTO 50YR 44/287 DECORA MATTE EXTRA FOSCO (NOVO) P GL 4377,"TINTA BASE ACR FC GL3,2L DECORA P GL0001GL - PUDIM DE LEITE - SUV",7891019906833,32091010,83000000,GL,2026-09-10T15:06:57Z,211.1719,211.17
3154,5598 TINTA PISO BRANCO BD 15L,,618341747678,32091010,83000000,UND,2026-09-09T20:46:25Z,212.0,212.0
7891019166350,Tinta Acril Fo Branco 36L Chega de Mofo,,0,32091010,83000000,UN,2026-09-11T00:08:24Z,212.66,212.66
7899173408804,NACOR TINTA ACRILICA STANDARD-BL 15LT GELO IBRATIN IBRATIN,,7899173408804,32091010,83000000,BL,2026-09-14T13:51:16Z,215.0,215.0
10732,"TINTA ACR PREMIUM TOQUE BRILHO ELEFANTE SEMI BRILHO 3,6L SUVINIL",,7891260559345,32091010,83000000,GL,2026-09-12T14:32:30Z,253.0,215.05
10729,"TINTA ACR PREMIUM TOQUE BRILHO BRANCO SEMI BRILHO 3,6L PLASTICO SUVINI",,7891260559222,32091010,83000000,GL,2026-09-14T17:54:32Z,215.05,215.05
7892948029617,"TINTA ACR SB BASE C 3,2L SB LAVAVEL PREMIUM IQUINE",,0,32091010,83000000,GL,2026-09-13T19:39:42Z,218.43,218.43
375277,HIDROTINTAS PISOS E PAREDES 15L CZ ELEFA UN,,7899010493574,32091010,83000000,LT,2026-09-12T14:29:27Z,219.9,219.9
375283,HIDROTINTAS PISOS E PAREDES 15L CINZA UN,,7899010493598,32091010,83000000,LT,2026-09-13T15:03:01Z,219.9,219.9
7891019906925,"TINTA ACR SB 3,6L BR NEVE DECORA DIAMANTE CORAL",,0,32091010,83000000,GL,2026-09-13T14:39:20Z,219.9,219.9
7891019906925,"TINTA ACR SB 3,6L BR NEVE DECORA DIAMANTE CORAL","TINTA PARA PAREDE VINIL ACRILICO CORAL DECORA 3,6 L BRANCO",7891019906925,32091010,83000000,GL,2026-09-11T23:20:03Z,219.9,219.9
7891019906925,"TINTA ACR SB 3,6L BR NEVE DECORA DIAMANTE CORAL",,0,32091010,83000000,GL,2026-09-12T20:03:07Z,219.9,219.9
645,HPISO ACRILICO PREMIUM VERDE 15L,HPISO TINTA PISO VERDE 18L HIDRACOR *FL,7897144010124,32091010,83000000,UN,2026-09-15T19:45:23Z,220.0,220.0
52435,TINTA ACR.STANDARD 15L AZ OCEANO IBRATIN,,7899173408750,32091010,83000000,BD,2026-09-10T13:01:42Z,229.99,220.79
52438,TINTA ACR.STANDARD 15L LJ IBRATIN,,0,32091010,83000000,BD,2026-09-12T14:09:49Z,229.99,221.0
0000000002768,TINTA ACRILICA 18L BRANCO CORALAR,,7891019176113,32091010,83000000,UN,2026-09-11T12:28:05Z,221.9,221.9
365089,HIDROTINTAS BRILHO E COR 15L BR NEVE** UN,,7899010489270,32091010,83000000,UN,2026-09-11T15:17:52Z,369.9,221.94
362179,HIDROTINTAS BRILHO E COR 15L BR GELO** UN,,7899010489263,32091010,83000000,UN,2026-09-12T11:23:09Z,369.986,221.99
1374,TINTA EXT OCEANO 15L DURATON,,0,32091010,83000000,UND,2026-09-11T11:47:27Z,230.0,222.18
1709,TINTA EXT AMARELO CANARIO 15L DURATON,,0,32091010,83000000,UND,2026-09-11T11:47:27Z,230.0,222.18
06812,"TINTA ACR PREMIUM DECORA DIAMANTE GELO SEMI BRILHO 3,6L CORAL","TINTA ACRI EXT DECOR S B 3 6L BR GELO CO GL C/3,6L",7891019906901,32091010,83000000,GL,2026-09-10T17:25:11Z,262.0,222.93
904939,TINTA BASE ACR LT16L DIATEX P IQUINE LT0001LT - PAIVA,TINTA BASE ACRIL DIATEX LT16L P IQUIN LT0001LT - BARRA MANSA,7892948036516,32091010,83000000,LT,2026-09-10T22:03:24Z,222.99,222.99
01310,"ESMALTE PREMIUM HAMMERITE PRETO BRILHANTE 2,4L CORAL","TINTA ESM BR 2,4L HAMMERITE PT CORAL GL0001GL",7891019208043,32089010,83000000,GL,2026-09-10T13:51:02Z,249.0,223.65
01310,"ESMALTE PREMIUM HAMMERITE PRETO BRILHANTE 2,4L CORAL","TINTA ESM BR 2,4L HAMMERITE PT CORAL GL0001GL",7891019208043,32089010,83000000,GL,2026-09-14T19:29:10Z,224.0,224.0
01307,"ESMALTE PREMIUM HAMMERITE BRANCO BRILHANTE 2,4L CORAL","TINTA HY HAMMERITE BR BRANCO 2.4 L CORAL 1X2,4LAKZONOBEL",7891019207923,32089010,83000000,GL,2026-09-14T12:21:03Z,249.0,224.01
217,"BRASILUX AMARELO BRASIL 5Y7/12 3,6 L","BRASILUX AMARELO BRASIL 5Y7/12 3,6 L",7893866622140,32081010,83000000,GL,2026-09-09T13:37:44Z,225.0,225.0
03148,"BISCOITO DE LEITE ACR ACE BASE P 3,2L DECORA SEDA CORAL 40YY 74/056","TINTA BASE ACR AC GL3,2L ACAB SEDA P 990 GL0001GL - AZUL FERIADO - (LEQU",7891019177073,32091010,83000000,GL,2026-09-11T20:48:54Z,231.2,225.36
7892948029587,"TINTA ACR SB BASE M 3,2L SB LAVAVEL PREMIUM IQUINE",,0,32091010,83000000,GL,2026-09-10T15:30:24Z,226.52,226.52
09625,TINTA PISO PREMIUM HPISO PRETO 15L HIDRACOR,HPISO TINTA PISO PRETO 15L HIDRACOR,7897144042156,32091010,83000000,LA,2026-09-12T14:27:16Z,226.8,226.63
09620,TINTA PISO PREMIUM HPISO VERDE 15L HIDRACOR,"HPISO VERDE 15,0L",7897144042248,32091010,83000000,LA,2026-09-10T20:57:37Z,226.8,226.66
09687,TINTA PISO PREMIUM HPISO AZUL 15L HIDRACOR,,1001001096879,32091010,83000000,LA,2026-09-12T12:42:56Z,226.8,226.8
09676,TINTA PISO PREMIUM HPISO CINZA 15L HIDRACOR,,1001001096763,32091010,83000000,LA,2026-09-11T13:46:58Z,226.8,226.8
09669,TINTA PISO PREMIUM HPISO CONCRETO 15L HIDRACOR,,1001001096695,32091010,83000000,LA,2026-09-15T18:35:50Z,226.8,226.8
09620,TINTA PISO PREMIUM HPISO VERDE 15L HIDRACOR,"HPISO VERDE 15,0L",7897144042248,32091010,83000000,LA,2026-09-10T18:01:17Z,226.8,226.8
09676,TINTA PISO PREMIUM HPISO CINZA 15L HIDRACOR,,1001001096763,32091010,83000000,LA,2026-09-15T12:48:13Z,226.8,226.8
09620,TINTA PISO PREMIUM HPISO VERDE 15L HIDRACOR,"HPISO VERDE 15,0L",7897144042248,32091010,83000000,LA,2026-09-12T12:42:56Z,226.8,226.8
09571,TINTA PISO PREMIUM HPISO BRANCO 15L HIDRACOR,HPISO TINTA PISO BRANCO 15L HIDRACOR,7897144042255,32091010,83000000,LA,2026-09-10T18:36:25Z,252.0,226.975
7891260559079,"TINTA ACR AC 3,2L BASE A2 TOQUE SEDA SUVINIL",,7891260559079,32091010,83000000,UN,2026-09-13T20:27:21Z,227.18,227.18
10729,"TINTA ACR PREMIUM TOQUE BRILHO BRANCO SEMI BRILHO 3,6L PLASTICO SUVINI",,7891260559222,32091010,83000000,GL,2026-09-14T12:35:24Z,227.7,227.7
10729,"TINTA ACR PREMIUM TOQUE BRILHO BRANCO SEMI BRILHO 3,6L PLASTICO SUVINI",,7891260559222,32091010,83000000,GL,2026-09-10T15:03:25Z,227.7,227.7
10729,"TINTA ACR PREMIUM TOQUE BRILHO BRANCO SEMI BRILHO 3,6L PLASTICO SUVINI",,7891260559222,32091010,83000000,GL,2026-09-15T17:14:48Z,253.0,227.7
7891019176137,TINTA ACR FOS 18L BR GELO CORALAR CORAL,,0,32091010,83000000,LT,2026-09-13T15:02:24Z,227.9,227.9
7891019176137,TINTA ACR FOS 18L BR GELO CORALAR CORAL,,0,32091010,83000000,LT,2026-09-15T14:45:06Z,227.9,227.9
06811,"TINTA ACR PREMIUM DECORA DIAMANTE BRANCO SEMI BRILHO 3,6L CORAL","TINTA PARA PAREDE VINIL ACRILICO CORAL DECORA 3,6 L BRANCO",7891019906925,32091010,83000000,GL,2026-09-15T18:08:34Z,262.0,228.57
00433,TINTA ACR ECONOMICA MUDA FACIL AREIA FOSCO 18L GLASU,TINTA SUV GLAS ACR ECON FO AREIA 18L 53426635,7891260060797,32091010,83000000,LA,2026-09-11T18:56:51Z,254.0,228.6
09853,TINTA ACR ECONOMICA MUDA FACIL LAMINA AFIADA FOSCO 18L GLASU,GLASU ACR ECONOMICO MUDA FACIL FOSCO LAMINA AFIADA 18L,7891260508602,32091010,83000000,LA,2026-09-11T11:30:02Z,228.6,228.6
06811,"TINTA ACR PREMIUM DECORA DIAMANTE BRANCO SEMI BRILHO 3,6L CORAL","TINTA PARA PAREDE VINIL ACRILICO CORAL DECORA 3,6 L BRANCO",7891019906925,32091010,83000000,GL,2026-09-09T15:14:47Z,228.6,228.6
52431,TINTA ACR.STANDARD 15L BR IBRATIN,,7899173408774,32091010,83000000,BD,2026-09-14T16:39:43Z,229.99,229.99
56849,TINTA ACR.STANDARD 15L CONCRETO IBRATIN,,7899173408798,32091010,83000000,BD,2026-09-12T17:03:33Z,229.99,229.99
52433,TINTA AC.STANDARD 15L AM CANARIO IBRATIN,,7899173408736,32091010,83000000,BD,2026-09-15T18:10:03Z,229.99,229.99
05980,VIDA SERENA 03YY 59/088 DECORA SEDA ACETINADO (NOVO) P GL E5.05.77,"TINTA BASE ACR AC GL3,2L ACAB SEDA P 990 GL0001GL - AZUL FERIADO - (LEQU",7891019177073,32091010,83000000,GL,2026-09-10T11:26:25Z,230.8339,230.83
8811,TINTA ACR COLORIR BR NEVE LT 15L LUX BD,,7908147613127,32091010,83000000,LT,2026-09-14T16:26:27Z,231.5,231.5
7891019922116,TINTA ACR MAIS DESEMP PEDRA PREC 18L CORALAR CORAL,,0,32091010,83000000,UN,2026-09-12T18:50:46Z,231.9,231.9
7891019177073,"TINTA ACR AC 3,2L BASE P DECORA SEDA CORAL",,0,32091010,83000000,GL,2026-09-15T13:43:46Z,232.65,232.65
11519,TINTA IMPERMEA PREMIUM FUSEPROTEC PAREDE BRANCO FOSCO 14L/19KG VIAPOL,,7899519913559,32091010,83000000,LA,2026-09-12T15:41:16Z,265.0,233.22
7891019201624,"TINTA CERAMICA 3,6L EMBELEZA CERAMICA CORAL",,0,32089010,83000000,GL,2026-09-14T21:46:26Z,239.9,233.66
7891019138630,TINTA ACR FOS 18L MARFIM CORALAR CORAL,,0,32091010,83000000,LT,2026-09-13T21:36:53Z,233.9,233.9
07086,"ACR ACE BRANCO 3,6L DECORA SEDA CORAL","TINTA ACR AC 3,6L ACAB SED BR CORAL GL0001GL",7891019177158,32091010,83000000,GL,2026-09-11T17:18:16Z,234.01,234.01
05318,"ESM BRI PRETO 2,4L DIRETO NA FERRUGEM HAMMERITE","TINTA ESM BR 2,4L HAMMERITE PT CORAL GL0001GL",7891019208043,32089010,83000000,GL,2026-09-10T20:51:20Z,234.18,234.18
7899173409580,TINTA PARA PISO ELEGANCE 15L CINZA ESC       De24989 Por23489,,0,32091010,83000000,UN,2026-09-10T22:01:41Z,249.89,234.89
903030,"TINTA BASE ACR SB 3,2L DECORA MF GL0001GL - ESSENCIA DE LARANJA",CAMURCA - PADRAO CORALIT DECORA DIAMANTE SB MF GL RM814 - PADRAO CORALIT,7891019177943,32091010,83000000,GL,2026-09-15T16:35:49Z,234.99,234.99
327,TINTA PISO CINZA MEDIO 18L LT MIRACRIL,,9999900033304,32091010,83000000,LT,2026-09-11T15:05:19Z,235.0,235.0
03148,"ALGODAO EGIPCIO - SUV ACR ACE BASE P 3,2L DECORA SEDA CORAL","TINTA BASE ACR AC GL3,2L ACAB SEDA P 990 GL0001GL - AZUL FERIADO - (LEQU",7891019177073,32091010,83000000,GL,2026-09-12T15:40:13Z,235.0,235.0
01467,"ESMALTE PREMIUM CORALIT ANTIFERRUGEM CINZA BRILHANTE 3,6L CORAL","TINTA ESM BR 3,6L CORALIT ANTIF CZ CORAL GL0001GL",7891019173433,32089010,83000000,GL,2026-09-09T11:26:18Z,235.8,235.8
06811,"TINTA ACR PREMIUM DECORA DIAMANTE BRANCO SEMI BRILHO 3,6L CORAL","TINTA PARA PAREDE VINIL ACRILICO CORAL DECORA 3,6 L BRANCO",7891019906925,32091010,83000000,GL,2026-09-15T12:18:07Z,262.0,235.8
06812,"TINTA ACR PREMIUM DECORA DIAMANTE GELO SEMI BRILHO 3,6L CORAL","TINTA ACRI EXT DECOR S B 3 6L BR GELO CO GL C/3,6L",7891019906901,32091010,83000000,GL,2026-09-15T12:10:31Z,262.0,235.8
7891019169535,TINTA ACR FOS 18L VD KIWI CORALAR CORAL,,0,32091010,83000000,LT,2026-09-13T13:29:22Z,235.9,235.9
7891019177073,"TINTA ACR AC 3,2L BASE P DECORA SEDA CORAL",,0,32091010,83000000,GL,2026-09-13T21:22:37Z,236.25,236.25
03150,"MATA TROPICAL ACR ACE BASE T 3,2L DECORA SEDA CORAL 08GY 26/190","TINTA BASE ACR AC GL3,2L ACAB SEDA T 993 GL0001GL - ESTRELA ARDENTE*",7891019177103,32091010,83000000,GL,2026-09-09T15:11:01Z,237.65,237.65
7891019922154,TINTA ACR MAIS DES NEB PAULISTA 18L CORALAR CORAL,,0,32091010,83000000,UN,2026-09-11T18:07:52Z,237.9,237.9
11519,TINTA IMPERMEA PREMIUM FUSEPROTEC PAREDE BRANCO FOSCO 14L/19KG VIAPOL,,7899519913559,32091010,83000000,LA,2026-09-15T11:56:05Z,238.5,238.5
04691,TINTA PISO CINZA MEDIO 18L MIRAPISO MIRACOR,,9999900033304,32091010,83000000,BD,2026-09-15T14:44:40Z,239.9,239.9
04693,TINTA PISO CONCRETO 18L MIRAPISO MIRACOR,,9999900038750,32091010,83000000,BD,2026-09-15T14:54:57Z,239.9,239.9
05982,TINTA PISO BRANCO 18L MIRAPISO MIRACOR,,9999900032338,32091010,83000000,BD,2026-09-15T12:11:51Z,239.9,239.9
06331,TINTA PISO VERDE QUADRA 18L MIRAPISO MIRACOR,,9999900033205,32091010,83000000,BD,2026-09-09T14:06:38Z,239.9,239.9
06331,TINTA PISO VERDE QUADRA 18L MIRAPISO MIRACOR,,9999900033205,32091010,83000000,BD,2026-09-14T19:19:23Z,239.9,239.9
04691,TINTA PISO CINZA MEDIO 18L MIRAPISO MIRACOR,,9999900033304,32091010,83000000,BD,2026-09-15T18:05:22Z,239.9,239.9
7892948057313,TINTA ACR ACABA MOFO BR NEVE 15L IQUINE,,0,32091010,83000000,UN,2026-09-15T14:42:24Z,239.9,239.9
7891019907021,"TINTA ACR SB 3,2 BASE P DECORA DIAMANTE CORAL",,0,32091010,83000000,GL,2026-09-12T13:47:14Z,239.9,239.9
7892948057313,TINTA ACR ACABA MOFO BR NEVE 15L IQUINE,,0,32091010,83000000,UN,2026-09-14T18:03:28Z,239.9,239.9
7892948057313,TINTA ACR ACABA MOFO BR NEVE 15L IQUINE,,7892948057313,32091010,83000000,UN,2026-09-11T21:54:12Z,239.9,239.9
7892948057320,TINTA ACR FOS BR GELO 15L SELA E PINTA IQUINE,,0,32091010,83000000,UN,2026-09-13T19:51:54Z,239.9,239.9
04693,TINTA PISO CONCRETO 18L MIRAPISO MIRACOR,,9999900038750,32091010,83000000,BD,2026-09-15T13:58:22Z,239.9,239.9
7892948057320,TINTA ACR FOS BR GELO 15L SELA E PINTA IQUINE,,0,32091010,83000000,UN,2026-09-15T13:15:20Z,239.9,239.9
7891260559161,Tinta pre intext T SEDA crAmio 36L Suv       De51042 Por47984,,0,32091010,83000000,UN,2026-09-11T15:23:23Z,255.21,239.92
913060,"TINTA BASE ACR 3,2L PROT SOL CHUV P CORA GL0001GL - TOQUE DE CEREJEIRA",AMARELO VANILLA - RM PADRAO NOVO AMARELO VANILLA PROTECAO SOL & CHUVA PINTURA IMPER GL,7891019166398,32091010,83000000,GL,2026-09-10T11:45:36Z,240.0,240.0
10693,"TINTA ACR PREMIUM SEMPRE LIMPO BRANCO FOSCO 3,6L SUVINIL",,7891260561584,32091010,83000000,GL,2026-09-10T20:33:35Z,276.0,240.35
7891260559253,"TINTA ACR SB 3,2L BASE A2 TOQUE BRILHO SUVINIL",,0,32091010,83000000,UN,2026-09-11T14:44:16Z,240.65,240.65
7891019177165,Tinta Acril Prem Ac Gelo 36L Decora          De24457 Por24069,,0,32091010,83000000,UN,2026-09-14T18:14:38Z,244.57,240.69
5085,TINTA P/ PISO 18L CONCRETO - MIRACOR,,0,32091010,83000000,UN,2026-09-13T13:19:19Z,255.9,241.63
7891019177158,Tinta Acril Prem Ac Branco 36L Decora,,0,32091010,83000000,UN,2026-09-15T12:17:12Z,244.57,244.57
7891019908202,Tinta Acril Prem Fo Gelo 36L Supe Lavav,,0,32091010,83000000,UN,2026-09-14T19:10:27Z,244.57,244.57
7891019138654,TINTA ACR FOS 18L AREIA CORALAR CORAL,,0,32091010,83000000,LT,2026-09-13T17:23:58Z,244.9,244.9
91854,TINTA ACR FC 18L CORALAR +DES LJ/MT CORA LT0001LT,TINTA PARA PAREDE ACRILICA CORAL CORALAR 18 L LARANJA/MARACATU,7891019168637,32091010,83000000,LT,2026-09-09T21:39:30Z,244.99,244.99
7892948003273,"TINTA ACR SB  GELO 3,6L SB LAVAVEL PREMIUM IQUINE",,0,32091010,83000000,GL,2026-09-14T22:57:24Z,245.9,245.9
7899173409597,TINTA PARA PISO ELEGANCE 15L CINZ ME         De24989 Por24610,,0,32091010,83000000,UN,2026-09-10T14:49:50Z,249.89,246.1
10693,"TINTA ACR PREMIUM SEMPRE LIMPO BRANCO FOSCO 3,6L SUVINIL",,7891260561584,32091010,83000000,GL,2026-09-10T11:26:27Z,276.0,246.24
7892948057078,TINTA ACR FOS 15L AREIA SELA PINTA IQUINE,,0,32091010,83000000,UN,2026-09-10T13:54:19Z,289.9,246.705
7891019907021,"TINTA ACR SB 3,2 BASE P DECORA DIAMANTE CORAL",FOCA DO DESERTO RM068 SM FORCA DO DESERTO DECORA DIAMANTE SB P GL FORCA DO DESERTO,7891019907021,32091010,83000000,GL,2026-09-13T19:30:35Z,248.13,248.13
10693,"TINTA ACR PREMIUM SEMPRE LIMPO BRANCO FOSCO 3,6L SUVINIL",,7891260561584,32091010,83000000,GL,2026-09-15T16:25:03Z,276.0,248.38
92323693,TINTA P  PS 15L CINZ ME,,7899173409597,32091010,83000000,UN,2026-09-15T11:52:33Z,249.89,249.89
92323721,TINTA P  PS 15L VERDE,,7899173409627,32091010,83000000,UN,2026-09-09T14:49:11Z,265.85,249.89
7891019169467,TINTA ACR FOS 18L AM FREVO CORALAR CORAL,,0,32091010,83000000,LT,2026-09-14T17:58:25Z,249.9,249.9
7891019022335,TINTA ACRIL DECORA SEDA AC BASE MF 3.2L CORAL,,0,32091010,83000000,UN,2026-09-14T20:47:21Z,249.9,249.9
86501541,Esm Sint Hamm Cz 2 4L,"TINTA ESM BR 2,4L HAMMERITE CZ CORAL GL0001GL",7891019207947,32089010,83000000,UN,2026-09-14T14:01:30Z,265.85,249.9
7891019022335,TINTA ACRIL DECORA SEDA AC BASE MF 3.2L CORAL,,0,32091010,83000000,UN,2026-09-10T15:50:21Z,249.9,249.9
1023,"TINTAEMBORRACHADA ASFALTO 3,6L",,0,32091010,83000000,UN,2026-09-15T19:41:29Z,250.0,250.0
209854,MAZA PISO PREMIUM BRANCO 18L,TINTA SUPER PISO PREM EXT/INT BRANCO 18L - 1X1,7898289937635,32091010,83000000,UND,2026-09-10T20:58:08Z,295.0,250.0
09252,"ACR SB BRANCO 3,6L DECORA DIAMANTE CORAL","TINTA PARA PAREDE VINIL ACRILICO CORAL DECORA 3,6 L BRANCO",7891019906925,32091010,83000000,GL,2026-09-14T12:23:31Z,251.4,251.4
09428,"ACR SB GELO 3,6L DECORA DIAMANTE CORAL","TINTA ACRI EXT DECOR S B 3 6L BR GELO CO GL C/3,6L",7891019906901,32091010,83000000,GL,2026-09-12T14:18:43Z,251.4,251.4
03943,TINTA ACR ECONOMICA MUDA FACIL MARFIM FOSCO 18L GLASU,TINTA SUV GLAS ACR ECON FO MARFIM 18L 53427059,7891260058664,32091010,83000000,LA,2026-09-10T17:50:14Z,254.0,254.0
06203,BURGUNDY 11YR 07/229 DECORA SEDA AC (ANTIGO) T GL 9676,"TINTA BASE ACR AC GL3,2L ACAB SEDA T 993 GL0001GL - ESTRELA ARDENTE*",7891019177103,32091010,83000000,GL,2026-09-10T16:14:36Z,312.8174,254.02
7891260559284,"TINTA ACR SB 3,2L BASE B2 TOQUE BRILHO SUVINIL",,0,32091010,83000000,UN,2026-09-11T19:35:20Z,254.42,254.42
92418151,CORALIT ANT PRETO BR 3 6L,"TINTA ESM BR 3,6L CORALIT ANTIF PT CORAL GL0001GL",7891019173365,32089010,83000000,UN,2026-09-12T11:52:45Z,255.21,255.21
7891260559055,Tinta pre int TOQ SEDA Brc Ne 36L IP22,,0,32091010,83000000,UN,2026-09-13T21:57:20Z,255.21,255.21
7891019138616,TINTA ACR FOS 18L CAMURCA CORALAR CORAL,,0,32091010,83000000,LT,2026-09-14T18:41:33Z,255.9,255.9
375276,HIDROTINTAS PISOS E PAREDES 15L BR GELO UN,,7899010493536,32091010,83000000,LT,2026-09-15T19:21:27Z,255.9,255.9
7891260559284,"TINTA ACR SB 3,2L BASE B2 TOQUE BRILHO SUVINIL",,7891260559284,32091010,83000000,UN,2026-09-10T17:34:32Z,256.82,256.82
903027,"TINTA BASE ACR SB 3,2L DECORA P GL0001GL - RAFIA - SUV",FOCA DO DESERTO RM068 SM FORCA DO DESERTO DECORA DIAMANTE SB P GL FORCA DO DESERTO,7891019907021,32091010,83000000,GL,2026-09-11T14:21:38Z,256.99,256.99
06203,VITROLA RETRO 54YR 12/074 DECORA SEDA AC (ANTIGO) T GL D2.10.30,"TINTA BASE ACR AC GL3,2L ACAB SEDA T 993 GL0001GL - ESTRELA ARDENTE*",7891019177103,32091010,83000000,GL,2026-09-12T13:40:59Z,285.7566,257.15
295957,TINTA ACR FC 15L RT SEL PINT MF IQUINE BD0001BD,,7892948057061,32091010,83000000,BD,2026-09-10T20:07:44Z,289.99,258.09
7891260561362,"TINTA ACR EMB FOS BR 3,6L FACH PROT SUVINIL",,0,32091010,83000000,UN,2026-09-14T16:29:39Z,259.9,259.9
295949,TINTA ACR FC 15L RT ACABA MOFO BR/NV IQU BD0001BD,,7892948057313,32091010,83000000,BD,2026-09-09T13:01:33Z,259.99,259.99
6567,TINTA MIRAPISO CZ MEDIO 18L MIRACOR,,0,32091010,83000000,UN,2026-09-09T13:52:32Z,260.0,260.0
15650,"TINTA BASE ACR SB 3,2L DECORA P",FOCA DO DESERTO RM068 SM FORCA DO DESERTO DECORA DIAMANTE SB P GL FORCA DO DESERTO,7891019907021,32091010,83000000,GL,2026-09-15T21:33:05Z,260.0,260.0
7891260560983,"TINTA ACR FOS 3,2L BASE C2 FOSCO COMPLETO SUVINIL",,0,32091010,83000000,UN,2026-09-15T13:25:46Z,261.14,261.14
19797,TINTA SUPER PISO PREMIUM EXT/INT CINZA - 1X1,,7898289933033,32091010,83000000,LT,2026-09-10T20:23:31Z,261.19,261.19
7891019909070,TINTA ACR TOTAL FO BASE T SOL E CHUVA 3.2L CORAL,,0,32091010,83000000,UN,2026-09-13T16:56:44Z,265.46,263.045
7894422008200,Tinta Piso Concr Fos Pre 18L Luxens          De29777 Por26337,,0,32091010,83000000,UN,2026-09-12T16:18:11Z,297.77,263.37
11266,TINTA IMPERMEA PREMIUM MACTRA VEDBEM PAREDE BRANCO FOSCO 18KG CORAL,,7897866455623,32091010,83000000,LA,2026-09-11T11:19:04Z,265.5,265.5
11266,TINTA IMPERMEA PREMIUM MACTRA VEDBEM PAREDE BRANCO FOSCO 18KG CORAL,,7897866455623,32091010,83000000,LA,2026-09-12T14:09:56Z,265.5,265.5
7892948030026,TINTA ACR FOSC 16L ACABA COM BASE P IQUINE,,0,32091010,83000000,UN,2026-09-13T20:19:14Z,279.9,267.08
05539,"EPOXI TINTA BASE AGUA RENOVA AZULEJOS BRANCO BRILHANTE 3,6L CORAL",CORAL WANDEPOXY (RENOVA AZULEJOS)  BASE AGUA BRIL BRANCO GAL,7891019176397,32091010,83000000,GL,2026-09-12T12:39:03Z,297.0,267.53
7891260559314,"TINTA ACR SB 3,2L BASE C2 TOQUE BRILHO SUVINIL",,0,32091010,83000000,UN,2026-09-11T15:27:47Z,267.57,267.57
000783,TINTA RENDE MUITO+ INT/EXT 15L SANTTAFE,,0,32081010,83000000,UN,2026-09-12T16:24:09Z,299.0,269.0
157,DILUENTE - TINTA - GL5N,,0,38140090,83000000,LT,2026-09-14T17:43:38Z,270.0,270.0
0000095,TINTA ACRI EXT COR E PAR 15L AM OURO HID,,7899010489812,32091010,83000000,UN,2026-09-14T20:06:01Z,270.0,270.0
7892948036240,TINTA ACR FOS 20L BR NEVE DELANIL IQUINE,,0,32091010,83000000,UN,2026-09-15T13:05:30Z,279.9,271.53
7892948057429,TINTA ACR SELA E PINTA GESSO BR NEVE 15L IQUINE,,0,32091010,83000000,UN,2026-09-14T13:41:27Z,285.9,271.605
7891019177943,"TINTA ACR SB 3,2L BASE MF DECORA DIAMANTE CORAL",,0,32091010,83000000,GL,2026-09-14T13:08:42Z,272.55,272.55
7891260559314,"TINTA ACR SB 3,2L BASE C2 TOQUE BRILHO SUVINIL",,7891260559314,32091010,83000000,UN,2026-09-13T15:15:30Z,273.27,273.27
7892948057429,TINTA ACR SELA E PINTA GESSO BR NEVE 15L IQUINE,,7892948057429,32091010,83000000,UN,2026-09-14T19:56:29Z,285.9,275.25
7892948030026,TINTA ACR FOSC 16L ACABA COM BASE P IQUINE,TINTA BASE ACR FC 16LT DIACRYL P IQUINE LT - ALGODAO EGIPCIO,7892948030026,32091010,83000000,UN,2026-09-10T19:22:36Z,279.9,279.9
7892948036240,TINTA ACR FOS 20L BR NEVE DELANIL IQUINE,TINTA ACR FOS BR NEVE 20L DELANIL STD IQUINE,7892948036240,32091010,83000000,UN,2026-09-10T19:17:41Z,279.9,279.9
7892948036240,TINTA ACR FOS 20L BR NEVE DELANIL IQUINE,TINTA ACR FOS BR NEVE 20L DELANIL STD IQUINE,7892948036240,32091010,83000000,UN,2026-09-11T18:12:59Z,279.9,279.9
7892948030026,TINTA ACR FOSC 16L ACABA COM BASE P IQUINE,,0,32091010,83000000,UN,2026-09-13T22:28:47Z,279.9,279.9
7892948036240,TINTA ACR FOS 20L BR NEVE DELANIL IQUINE,,0,32091010,83000000,UN,2026-09-14T13:01:23Z,279.9,279.9
7892948048830,TINTA ACR FOS BASE P 16L SELA E PINTA IQUINE,"BASE ""P"" P/TINTA 2 EM 1 16L SELA E PINTA IQUINE/ICORES",7892948048830,32091010,83000000,UN,2026-09-14T20:15:21Z,279.9,279.9
7891019177943,"TINTA ACR SB 3,2L BASE MF DECORA DIAMANTE CORAL",CAMURCA - PADRAO CORALIT DECORA DIAMANTE SB MF GL RM814 - PADRAO CORALIT,7891019177943,32091010,83000000,GL,2026-09-15T19:29:57Z,280.55,280.55
7892948013678,TINTA ACR PISO 18L CZ MEDIO DIAPISO IQUINE,DIAPISO SUPER RESIST CZA MEDIO 18L -&GT PRODUTO NAO CLASSIFICADO COMO PERIGOSO PARA FINS DE TRANSPORTE.,7892948013678,32091010,83000000,LT,2026-09-12T21:47:24Z,299.9,281.22
7891019907892,TINTA ACR FO BR NEVE RENDE MUITO 20 LITROS CORAL,,0,32091010,83000000,UN,2026-09-15T23:10:45Z,299.9,285.89
7892948057429,TINTA ACR SELA E PINTA GESSO BR NEVE 15L IQUINE,,0,32091010,83000000,UN,2026-09-14T23:59:18Z,285.9,285.9
5786,TINTA ACRI EXT COR E PAR 15L CARANGUE HI,,7899010489867,32091010,83000000,UN,2026-09-09T19:35:00Z,286.0,286.0
7892948048830,TINTA ACR FOS BASE P 16L SELA E PINTA IQUINE,,0,32091010,83000000,UN,2026-09-12T19:47:07Z,286.41,286.41
7891019915019,TINTA ACR FO IMP BASE T SOL E CHUVA 3.2L CORAL,,0,32091010,83000000,UN,2026-09-15T19:04:32Z,325.28,286.61
06829,JOIA DA ARCADIA* 28GG 08/229 DECORA MATTE EXTRA FOSCO (NOVO) T GL 9731,"TINTA BASE ACR FC GL3,2L DECORA T GL0001GL - CASTANHA DO PARA - S",7891019906857,32091010,83000000,GL,2026-09-15T16:45:04Z,318.5766,286.72
7892948013760,TINTA ACR PISO 18L CZ ESCURO DIAPISO IQUINE,TINTA ACR FC LT18L DIAPISO CINZA ESCURO LT0001LT,7892948013760,32091010,83000000,LT,2026-09-14T19:56:29Z,299.9,288.73
347127,IQUINE DELANIL FOSCO 20L BR NEVE RT UN,TINTA ACR FOS BR NEVE 20L DELANIL STD IQUINE,7892948036240,32091010,83000000,LA,2026-09-14T20:33:15Z,289.9,289.9
347127,IQUINE DELANIL FOSCO 20L BR NEVE RT UN,TINTA ACR FOS BR NEVE 20L DELANIL STD IQUINE,7892948036240,32091010,83000000,LA,2026-09-15T13:37:16Z,289.9,289.9
7892948057078,TINTA ACR FOS 15L AREIA SELA PINTA IQUINE,,0,32091010,83000000,UN,2026-09-15T16:21:36Z,289.9,289.9
7892948057344,TINTA ACR FOS 15L CAMURCA SELA PINTA IQUINE,,0,32091010,83000000,UN,2026-09-12T13:02:10Z,289.9,289.9
7892948057382,TINTA ACR FOS 15L CANJICA SELA PINTA IQUINE,,0,32091010,83000000,UN,2026-09-10T18:50:00Z,289.9,289.9
7892948057382,TINTA ACR FOS 15L CANJICA SELA  PINTA IQUINE,,7892948057382,32091010,83000000,UN,2026-09-10T20:54:58Z,289.9,289.9
7892948057061,TINTA ACR FOS 15L MARFIM SELA PINTA IQUINE,,0,32091010,83000000,UN,2026-09-11T18:22:32Z,289.9,289.9
7892948051649,TINTA ACR DIAPISO PREMIUM BASE C 16L IQUINE,,0,32091010,83000000,UN,2026-09-11T16:45:15Z,289.9,289.9
295954,TINTA ACR FC 15L RT SEL PINT AREIA IQUIN BD0001BD,,7892948057078,32091010,83000000,BD,2026-09-14T15:00:48Z,289.99,289.99
295953,TINTA ACR FC 15L RT SEL PINT PALH IQUINE BD0001BD,,7892948057337,32091010,83000000,BD,2026-09-14T15:00:48Z,289.99,289.99
295955,TINTA ACR FC 15L RT SEL PINT CAMUR IQUIN,,7892948057344,32091010,83000000,BD,2026-09-14T20:34:59Z,289.99,289.99
890334,TINTA ACR FC BD20L DELANIL BR/NV IQUINE BD0001BD,TINTA ACR FOS BR NEVE 20L DELANIL STD IQUINE,7892948036240,32091010,83000000,LT,2026-09-14T12:21:50Z,290.0,290.0
7892948013678,TINTA ACR PISO 18L CZ MEDIO DIAPISO IQUINE,,0,32091010,83000000,LT,2026-09-14T21:46:26Z,299.9,292.1
7894422008224,Tinta Piso Cz Esc Fos Pre 18L Luxens         De89331 Por87975,,0,32091010,83000000,UN,2026-09-10T14:49:50Z,297.77,293.25
7892948013647,TINTA ACR PISO 18L BR DIAPISO IQUINE,,0,32091010,83000000,LT,2026-09-11T16:53:30Z,299.9,294.065
1657,TINTA PISO BRANCO 18LT FUTURA,,0,32091010,83000000,UND,2026-09-11T15:07:48Z,295.0,295.0
07303,TINTA ACR STANDARD CORALAR + RESISTENTE LRJ MARACATU FOSCO 18L CORAL,TINTA PARA PAREDE ACRILICA CORAL CORALAR DUO 18 L LARANJA/MARACATU,7891019908035,32091010,83000000,LA,2026-09-15T12:09:55Z,295.0,295.0
0001133,TINTA ACR FC 15L RT SEL PINT BR/NV IQUIN,,7892948057085,32091010,83000000,BD,2026-09-11T20:22:05Z,295.0,295.0
07301,TINTA ACR STANDARD CORALAR + RESISTENTE OCEANO FOSCO 18L CORAL,TINTA ACR FC 18L CORAL DUO OCEANO CORAL,7891019908110,32091010,83000000,LA,2026-09-11T15:11:56Z,328.0,295.13
07301,TINTA ACR STANDARD CORALAR + RESISTENTE OCEANO FOSCO 18L CORAL,TINTA ACR FC 18L CORAL DUO OCEANO CORAL,7891019908110,32091010,83000000,LA,2026-09-14T13:05:53Z,295.2,295.2
07306,TINTA ACR STANDARD CORALAR + RESISTENTE AREIA FOSCO 18L CORAL,CR CORALAR DUO FO AREIA 18L 1X18LCORAL,7891019908011,32091010,83000000,LA,2026-09-11T13:32:58Z,295.2,295.2
06516,TINTA ACR STANDARD CORALAR + RESISTENTE AMARELO FREVO FOSCO 18L CORAL,TINTA ACR FC 18L CORAL DUO AM/FV CORAL LT0001LT,7891019176182,32091010,83000000,LA,2026-09-15T14:39:20Z,295.2,295.2
06516,TINTA ACR STANDARD CORALAR + RESISTENTE AMARELO FREVO FOSCO 18L CORAL,TINTA ACR FC 18L CORAL DUO AM/FV CORAL LT0001LT,7891019176182,32091010,83000000,LA,2026-09-15T19:33:47Z,295.2,295.2
05955,"NINHO DO PASSARO ACR FOSCO BASE T 3,2L SOL E CHUVA TOTAL CORAL 90YR 10/151 4908","TINTA BASE ACR FC GL3,2L S&C TOT BASE T GL0001GL - COGUMELO JAPONES - R",7891019909070,32091010,83000000,GL,2026-09-11T17:11:07Z,297.75,297.75
7894422008286,Tinta Piso Cz Fos Pre 18L Luxens,,0,32091010,83000000,UN,2026-09-13T21:37:32Z,297.77,297.77
7892948048830,TINTA ACR FOS BASE P 16L SELA E PINTA IQUINE,,0,32091010,83000000,UN,2026-09-14T13:52:21Z,298.07,298.07
7892948048830,TINTA ACR FOS BASE P 16L SELA E PINTA IQUINE,"BASE ""P"" P/TINTA 2 EM 1 16L SELA E PINTA IQUINE/ICORES",7892948048830,32091010,83000000,UN,2026-09-15T17:14:56Z,298.07,298.07
27949,TINTA SEMI BRILHO 15L BRANCO NEVE LUX,,7908147614438,32091010,83000000,UN,2026-09-12T20:56:10Z,314.99,298.67
12754,ACR FOSCO BRANCO 20L DELANIL RENDE MUITO IQUINE,TINTA ACR FOS BR NEVE 20L DELANIL STD IQUINE,7892948036240,32091010,83000000,BD,2026-09-11T17:59:23Z,299.9,299.9
7892948013708,TINTA ACR PISO 18L AM DEMARC DIAPISO IQUINE,,0,32091010,83000000,LT,2026-09-14T19:51:14Z,299.9,299.9
7891019907892,TINTA ACR FO BR NEVE RENDE MUITO 20 LITROS CORAL,RENDE MUITO ACR FOSCO BRANCO PROMOCIONAL BALDE 20L,7891019907892,32091010,83000000,UN,2026-09-15T13:08:30Z,299.9,299.9
7891019907892,TINTA ACR FO BR NEVE RENDE MUITO 20 LITROS CORAL,,0,32091010,83000000,UN,2026-09-15T20:14:09Z,299.9,299.9
7892948013739,TINTA ACR PISO 18L CONCRETO DIAPISO IQUINE,,0,32091010,83000000,LT,2026-09-13T13:41:52Z,299.9,299.9
7892948013760,TINTA ACR PISO 18L CZ ESCURO DIAPISO IQUINE,,0,32091010,83000000,LT,2026-09-11T22:42:05Z,299.9,299.9
12754,ACR FOSCO BRANCO 20L DELANIL RENDE MUITO IQUINE,TINTA ACR FOS BR NEVE 20L DELANIL STD IQUINE,7892948036240,32091010,83000000,BD,2026-09-12T12:45:16Z,299.9,299.9
12754,ACR FOSCO BRANCO 20L DELANIL RENDE MUITO IQUINE,TINTA ACR FOS BR NEVE 20L DELANIL STD IQUINE,7892948036240,32091010,83000000,BD,2026-09-12T14:12:20Z,299.9,299.9
8323,TINTA CORAL ACRILICA FC BD 15L RENDE MUITO BRANCO,,0,32091010,83000000,BD,2026-09-14T13:11:53Z,299.9,299.9
7891019907892,TINTA ACR FO BR NEVE RENDE MUITO 20 LITROS CORAL,RENDE MUITO ACR FOSCO BRANCO PROMOCIONAL BALDE 20L,7891019907892,32091010,83000000,UN,2026-09-14T22:04:22Z,299.9,299.9
7892948051649,TINTA ACR DIAPISO PREMIUM BASE C 16L IQUINE,,0,32091010,83000000,UN,2026-09-14T14:02:27Z,299.9,299.9
7892948051649,TINTA ACR DIAPISO PREMIUM BASE C 16L IQUINE,,7892948051649,32091010,83000000,UN,2026-09-15T14:33:14Z,299.9,299.9
7892948013678,TINTA ACR PISO 18L CZ MEDIO DIAPISO IQUINE,,0,32091010,83000000,LT,2026-09-14T14:45:41Z,299.9,299.9
7892948013678,TINTA ACR PISO 18L CZ MEDIO DIAPISO IQUINE,DIAPISO SUPER RESIST CZA MEDIO 18L -&GT PRODUTO NAO CLASSIFICADO COMO PERIGOSO PARA FINS DE TRANSPORTE.,7892948013678,32091010,83000000,LT,2026-09-12T14:49:34Z,299.9,299.9
7892948013760,TINTA ACR PISO 18L CZ ESCURO DIAPISO IQUINE,,0,32091010,83000000,LT,2026-09-15T21:54:41Z,299.9,299.9
7892948013791,TINTA ACR PISO 18L VD FOLHA DIAPISO IQUINE,,0,32091010,83000000,LT,2026-09-13T17:34:43Z,299.9,299.9
904901,TINTA ACR FC BP20L REND MUIT BR CORAL BP0020LI,RENDE MUITO ACR FOSCO BRANCO PROMOCIONAL BALDE 20L,7891019907892,32091010,83000000,BP,2026-09-14T18:13:34Z,299.91,299.91
1270,TINTA P PISO 18L CONCRETO IBRATIN,"TINTA PARA PISO - BL 18,0 LTS CONCRETO I",7899173400914,32091010,83000000,UN,2026-09-14T11:31:38Z,299.99,299.99
75788,TINTA ACR FC 18L DIAPISO CZMD IQUINE,DIAPISO SUPER RESIST CZA MEDIO 18L -&GT PRODUTO NAO CLASSIFICADO COMO PERIGOSO PARA FINS DE TRANSPORTE.,7892948013678,32091010,83000000,LT,2026-09-13T15:05:58Z,299.99,299.99
75791,TINTA ACR FC 18L DIAPISO AM/DM IQUINE LT0001LT,DIAPISO SR AMARELO DEMARCACAO 18L - PRODUTO NAO CLASSIFICADO COMO PERIGOSO PARA FINS DE TRANSPORTE.,7892948013708,32091010,83000000,PC,2026-09-09T11:57:18Z,300.0,300.0
75783,TINTA ACR FC 18L DIAPISO BR IQUINE LT0001LT,DIAPISO SUPER RESIST BCO NEVE 18L -&GT PRODUTO NAO CLASSIFICADO COMO PERIGOSO PARA FINS DE TRANSPORTE.,7892948013647,32091010,83000000,PC,2026-09-15T19:04:07Z,300.0,300.0
75785,TINTA ACR FC 18L DIAPISO CONC IQUINE LT0001LT,TINTA ACR FC 18L DIAPISO CONC IQUINE LT0001LT,7892948013739,32091010,83000000,PC,2026-09-14T22:08:11Z,300.0,300.0
75793,TINTA ACR FC 18L DIAPISO AZ/PF IQUINE LT0001LT,TINTA ACR PISO 18L AZ PROFUNDO DIAPISO IQUINE,7892948013883,32091010,83000000,PC,2026-09-15T19:04:07Z,300.0,300.0
972720,TINTA ACR FC 18L DIAPISO SAIBRO IQUINE LT0001LT,TINTA ACR FC LT18L DIAPISO SAIBRO IQUINE LT0001LT,7892948035892,32091010,83000000,LT,2026-09-09T13:08:15Z,300.0,300.0
05776,"EPOXI TINTA BASE AGUA MULTISSUPERFICIES BRANCO ACETINADO 3,6L SUVINIL",MULT SUPERF ACET LAGOA AZUL  LAGOA AZUL - 628366 SELFCOLOR Z039 ESMALTE MULTISUPERFICIE,7891260325605,32091010,83000000,GL,2026-09-11T16:48:35Z,307.7,307.7
000780,TINTA PISO15L SANTTAFE,,0,32081010,83000000,UN,2026-09-10T16:27:25Z,308.0,308.0
05446,TINTA ACR STANDARD RENDE E COBRE MUITO GELO FOSCO 18L SUVINIL,TINTA ACRILICA RENDE E COBRE MUITO BRANCO GELO LT SULVINIL,7891260332269,32091010,83000000,LA,2026-09-11T15:03:28Z,309.006,308.81
05446,TINTA ACR STANDARD RENDE E COBRE MUITO GELO FOSCO 18L SUVINIL,TINTA ACRILICA RENDE E COBRE MUITO BRANCO GELO LT SULVINIL,7891260332269,32091010,83000000,LA,2026-09-09T20:30:15Z,309.006,309.005
05444,TINTA ACR STANDARD RENDE E COBRE MUITO BRANCO FOSCO 18L SUVINIL,TINTA ACRILICA RENDE E COBRE MUITO BRANCO NEVE LT SULVINIL,7891260331811,32091010,83000000,LA,2026-09-11T12:30:59Z,309.006,309.01
05446,TINTA ACR STANDARD RENDE E COBRE MUITO GELO FOSCO 18L SUVINIL,TINTA ACRILICA RENDE E COBRE MUITO BRANCO GELO LT SULVINIL,7891260332269,32091010,83000000,LA,2026-09-09T17:20:30Z,309.006,309.01
05444,TINTA ACR STANDARD RENDE E COBRE MUITO BRANCO FOSCO 18L SUVINIL,TINTA ACRILICA RENDE E COBRE MUITO BRANCO NEVE LT SULVINIL,7891260331811,32091010,83000000,LA,2026-09-15T11:56:05Z,309.006,309.01
7891019993963,"TINTA ACR FOSC PROF BASE T 3,2L MASTER CORAL",,7891019993963,32091010,83000000,UN,2026-09-13T15:19:15Z,309.32,309.32
7891019906994,"TINTA ACR SB 3,2L BASE T DECORA DIAMANTE CORAL",,0,32091010,83000000,GL,2026-09-15T13:19:06Z,368.06,314.43
07089,TINTA ACR STANDARD RENDE MUITO BRANCO FOSCO 20L CORAL,RENDE MUITO ACR FOSCO BRANCO PROMOCIONAL BALDE 20L,7891019907892,32091010,83000000,LA,2026-09-15T21:13:54Z,355.0,314.82
04765,TINTA ACR STANDARD RENDE MUITO BRANCO FOSCO 18L CORAL,TINTA CORAL ACRILICA 18L BR NEVE FC REND MUITO COR,7891019101481,32091010,83000000,LA,2026-09-10T18:02:16Z,315.0,315.0
07089,TINTA ACR STANDARD RENDE MUITO BRANCO FOSCO 20L CORAL,RENDE MUITO ACR FOSCO BRANCO PROMOCIONAL BALDE 20L,7891019907892,32091010,83000000,LA,2026-09-15T11:14:11Z,319.0,319.0
07089,TINTA ACR STANDARD RENDE MUITO BRANCO FOSCO 20L CORAL,RENDE MUITO ACR FOSCO BRANCO PROMOCIONAL BALDE 20L,7891019907892,32091010,83000000,LA,2026-09-15T19:32:19Z,355.0,319.085
10937,TINTA ACR PREMIUM CORAL MASTER BRANCO FOSCO 18L CORAL,,7891019993925,32091010,83000000,LA,2026-09-15T19:45:14Z,319.5,319.5
07089,TINTA ACR STANDARD RENDE MUITO BRANCO FOSCO 20L CORAL,RENDE MUITO ACR FOSCO BRANCO PROMOCIONAL BALDE 20L,7891019907892,32091010,83000000,LA,2026-09-09T13:22:58Z,355.0,319.5
07089,TINTA ACR STANDARD RENDE MUITO BRANCO FOSCO 20L CORAL,RENDE MUITO ACR FOSCO BRANCO PROMOCIONAL BALDE 20L,7891019907892,32091010,83000000,LA,2026-09-15T19:52:15Z,319.5,319.5
07089,TINTA ACR STANDARD RENDE MUITO BRANCO FOSCO 20L CORAL,RENDE MUITO ACR FOSCO BRANCO PROMOCIONAL BALDE 20L,7891019907892,32091010,83000000,LA,2026-09-15T11:33:17Z,355.0,319.58
296001,TINTA ACR FC 18L MASTER BR CORAL LT0001LT,,7891019993925,32091010,83000000,LT,2026-09-11T12:59:22Z,319.9,319.9
3276007449181,Tinta std int fos branca 20 L Luxens         De35096 Por32490,,0,32091010,83000000,UN,2026-09-14T15:28:14Z,350.96,324.9
7891019906857,"TINTA ACR FOSC BASE T 3,2L DECORA MATTE CORAL",,0,32091010,83000000,UN,2026-09-13T12:44:07Z,326.71,326.71
997813,"TINTA BASE CONC 0,72L ACOT GR1 VD CORAL SH0001SH",,7730149745489,32041700,83000000,SH,2026-09-14T22:58:54Z,327.2727272727,327.27272727272725
05540,"EPOXI TINTA BASE AGUA RENOVA AZULEJOS BRANCO ACETINADO 3,6L CORAL",CORAL WANDEPOXY (RENOVA AZULEJOS)  BASE AGUA ACET BRANCO GAL,7891019176571,32091010,83000000,GL,2026-09-12T11:59:48Z,365.0,328.45
7891260331811,TINTA FOS 18L BR NEVE RENDE E COBRE MUITO SUVINIL,,0,32091010,83000000,LT,2026-09-14T12:34:07Z,329.9,329.9
014222,"TINTA EPX BR 3,6L WANDEP B AG BR CORAL",CORAL WANDEPOXY (RENOVA AZULEJOS)  BASE AGUA BRIL BRANCO GAL,7891019176397,32091010,83000000,UND,2026-09-15T13:08:49Z,330.0,330.0
7891019145393,TINTA PISO PREM FOS 18L CONCRETO PINTA PISO CORAL,,0,32091010,83000000,LT,2026-09-15T15:17:30Z,419.9,335.96
889221,TINTA ACR FC 18L CORALAR +RES AM/FV CORA LT0001LT,TINTA ACR FC 18L CORAL DUO AM/FV CORAL LT0001LT,7891019176182,32091010,83000000,LT,2026-09-13T11:40:05Z,336.99,336.99
7892948057160,TINTA ACR FOS BR GELO 15L DELANIL IQUINE,,7892948057160,32091010,83000000,UN,2026-09-10T21:49:09Z,337.9,337.9
7892948057160,TINTA ACR FOS BR GELO 15L DELANIL IQUINE,,0,32091010,83000000,UN,2026-09-15T22:32:43Z,337.9,337.9
91921410,Tinta Imper Pr 20kg Brc,,7898570238892,32091010,83000000,UN,2026-09-15T17:02:08Z,340.32,340.32
7891019907892,TINTA STAND FO BRA 20L REND MUIT CORAL,,0,32091010,83000000,UN,2026-09-15T22:06:15Z,340.32,340.32
7896257584539,TINTA EMBOR IMPERM FOS ELEFANTE 18L HYDRONORTH,,0,32091010,83000000,UN,2026-09-15T13:19:06Z,399.9,341.63
2165,TINTA ACR SELA E PINTA CORES 18L IQUINE,,0,32091010,83000000,UND,2026-09-14T14:21:43Z,345.0,345.0
92473052,TINTA INT FOS CRE 20L LXN,,3276008050843,32091010,83000000,UN,2026-09-12T20:41:21Z,382.87,346.05
02006,TINTA IMPERMEA PREMIUM VEDAPREN PAREDE BRANCO FOSCO 18KG VEDACIT,VEDAPREN PAREDE BRANCO BD 18KG VEDACIT 1X18KGVEDACIT,7897321120233,32091010,83000000,LA,2026-09-15T12:34:46Z,349.002,349.0
02006,TINTA IMPERMEA PREMIUM VEDAPREN PAREDE BRANCO FOSCO 18KG VEDACIT,VEDAPREN PAREDE BRANCO BD 18KG VEDACIT 1X18KGVEDACIT,7897321120233,32091010,83000000,LA,2026-09-12T11:15:09Z,349.002,349.0
7892948043477,"TINTA DIEPOXI BR NEVE 3,6L BASE AGUA IQUINE",,0,32091010,83000000,UN,2026-09-09T22:23:08Z,349.9,349.9
205461,IQUINE SELA E PINTA BRANCO NEVE 18L,TINTA ACR FC 18L SEL PINT BR/GL IQUINE LT0001LT,7892948048557,32081010,83000000,UND,2026-09-10T14:47:45Z,413.0,350.0
7891019145355,Tinta Piso Cz Med 18L Coral                  De37755 Por35016,,0,32091010,83000000,UN,2026-09-09T18:04:24Z,377.55,350.16
10318,TINTA ACR STANDARD RENDE MUITO CINZA ALPINO FOSCO 16L CORAL,TINTA ACR FC 16L REND MUIT CZ/ALP CORAL LT0001LT,7891019919567,32091010,83000000,LA,2026-09-15T21:13:54Z,398.0,352.95
7891019145454,Tinta Piso Vde Quadra 18L Coral              De75510 Por70982,,0,32091010,83000000,UN,2026-09-12T16:28:36Z,377.55,354.91
7891019145331,TINTA PISO PREM FOS 18L BR NEVE PINTA PISO CORAL,,0,32091010,83000000,LT,2026-09-15T22:30:42Z,423.9,355.9
01435,TINTA ACR FOSCO BRANCO 18L NOVACOR GESSO E DRYWALL SW,NOVACOR GESSO BRANCO 18L 38890006,7891323090372,32091010,83000000,LT,2026-09-15T18:05:22Z,356.38,356.38
04013,TINTA ACR STANDARD MAXIMA EFICIENCIA MARFIM FOSCO 18L GLASU,GLASURIT ACR FOSCO MAXIMA EFICIENCIA MARFIM 18L,7891260167069,32091010,83000000,LA,2026-09-09T19:04:00Z,356.4,356.38
09543,TINTA ACR STANDARD MAXIMA EFICIENCIA TREVO DA SORTE FOSCO 18L GLASU,GLA M EFICIE FO TREV SORT 18L IP31 UN,7891260298015,32091010,83000000,LA,2026-09-11T18:48:41Z,356.4,356.4
04013,TINTA ACR STANDARD MAXIMA EFICIENCIA MARFIM FOSCO 18L GLASU,GLASURIT ACR FOSCO MAXIMA EFICIENCIA MARFIM 18L,7891260167069,32091010,83000000,LA,2026-09-14T18:52:50Z,356.4,356.4
09849,TINTA ACR STANDARD MAXIMA EFICIENCIA ALGODAO EGIPICIO FOSCO 18L GLASU,GLASU ACR FOSCO ALGODAO EGIPCIO 18L MAXIMA EFICIENCIA,7891260509395,32091010,83000000,LA,2026-09-14T14:45:24Z,396.0,356.4
10125,TINTA ACR STANDARD RENDE MUITO GELO FOSCO 16L CORAL,TINTA ACRILICA RENDE MUITO STANDARD FOSCO GELO 16L CORAL,7891019919673,32091010,83000000,LA,2026-09-15T20:31:40Z,358.2,358.14
7892948057122,TINTA ACR SB 15L BR NEVE LIMPA FACIL IQUINE,,0,32091010,83000000,UN,2026-09-10T13:01:49Z,389.9,358.94
10937,TINTA ACR PREMIUM CORAL MASTER BRANCO FOSCO 18L CORAL,,7891019993925,32091010,83000000,LA,2026-09-12T13:07:57Z,399.0,359.73
7892948026562,TINTA ACR FOSC BASE M 16L DELANIL IQUINE,,0,32091010,83000000,LT,2026-09-14T12:56:03Z,359.9,359.9
06076,TINTA IMPERM 24KG FUSEPROTEC PAREDE VIAPOL,VIAPOL FUSEPROTEC PAREDE 18L,7899519910534,32091010,83000000,BD,2026-09-14T18:41:27Z,364.25,364.25
07837,TINTA PISO PREMIUM SUVINIL PISO CONCRETO PURO 18L SUVINIL,TINTA PISO ACR FO 18L CONCRETO PURO PISOS SUVINIL,7891260435939,32091010,83000000,LA,2026-09-12T13:47:39Z,432.0,365.29
295924,TINTA ACR SB 15L RT LIMPA FACIL PER IQUI BD0001BD,,7892948057153,32091010,83000000,BD,2026-09-15T14:24:38Z,389.9,370.41
321460,IQUINE DIAPISO 18L AZ PROFUNDO UN,TINTA ACR PISO 18L AZ PROFUNDO DIAPISO IQUINE,7892948013883,32091010,83000000,LT,2026-09-15T16:11:08Z,371.9,371.9
321459,IQUINE DIAPISO 18L CONCRETO UN,TINTA ACR FC 18L DIAPISO CONC IQUINE LT0001LT,7892948013739,32091010,83000000,LT,2026-09-15T12:26:07Z,371.9,371.9
321457,IQUINE DIAPISO 18L VD FOLHA UN,TINTA DIAPISO SUPER RESIST VDE FOLHA 18L IQUINE,7892948013791,32091010,83000000,LT,2026-09-11T13:41:53Z,371.9,371.9
7891019145393,Tinta Piso Concr 18L Coral                   De113265 Por111798,,0,32091010,83000000,UN,2026-09-13T20:12:23Z,377.55,372.66
7892948057115,TINTA ACR FOS 15L RONDON DELANIL IQUINE,,0,32091010,83000000,UN,2026-09-13T11:53:05Z,395.9,376.144
7892948057146,TINTA ACR SB 15L PALHA LIMPA FACIL IQUINE,,0,32091010,83000000,UN,2026-09-11T23:22:05Z,389.9,377.6166666666667
7892948057153,TINTA ACR SB 15L PEROLA LIMPA FACIL IQUINE,,0,32091010,83000000,UN,2026-09-14T20:57:48Z,389.9,378.24
02393,ACR FOSCO GELO 16L RENDE MUITO CORAL,TINTA ACRILICA RENDE MUITO STANDARD FOSCO GELO 16L CORAL,7891019919673,32091010,83000000,LT,2026-09-10T20:23:09Z,426.36,378.4
7892948048854,TINTA ACR FOS BASE M 16L SELA E PINTA IQUINE,,0,32091010,83000000,UN,2026-09-11T16:37:18Z,378.85,378.85
01771,TINTA PISO PREMIUM SUVINIL PISO CONCRETO 18L SUVINIL,TINTA PISO ACR FO 18L CONCRETO PISOS SUVINIL,7891260058343,32091010,83000000,LA,2026-09-14T18:36:30Z,422.0,379.675
01963,TINTA GESSO ECONOMICA RENOVA GESSO E DRYWALL BRANCO FOSCO 18L CORAL,DIRETO NO GESSO (RENOVA GESSO DRYWALL) BRANCO NEVE 18L,7891019139729,32091010,83000000,LA,2026-09-12T12:54:44Z,379.8,379.8
01771,TINTA PISO PREMIUM SUVINIL PISO CONCRETO 18L SUVINIL,TINTA PISO ACR FO 18L CONCRETO PISOS SUVINIL,7891260058343,32091010,83000000,LA,2026-09-12T13:43:34Z,379.8,379.8
01771,TINTA PISO PREMIUM SUVINIL PISO CONCRETO 18L SUVINIL,TINTA PISO ACR FO 18L CONCRETO PISOS SUVINIL,7891260058343,32091010,83000000,LA,2026-09-14T12:41:38Z,379.8,379.8
7891260549797,Tinta std intext fos RCM crAmio 18L Suv      De49457 Por37990,,0,32091010,83000000,UN,2026-09-11T13:38:26Z,494.57,379.9
3276007877366,Tinta Emb Cream 20Kg Luxens                  De124437 Por113970,,0,32081010,83000000,UN,2026-09-14T20:36:43Z,414.79,379.9
3276007877359,Tinta Emb Camur 20Kg Luxens                  De41479 Por37990,,0,32081010,83000000,UN,2026-09-13T13:46:02Z,414.79,379.9
3276007877335,Tinta Emb Crom 20Kg Luxens                   De41479 Por37990,,0,32081010,83000000,UN,2026-09-11T17:07:15Z,414.79,379.9
3276007877342,Tinta Emb Elef 20Kg Luxens                   De82958 Por75980,,0,32081010,83000000,UN,2026-09-15T18:35:06Z,414.79,379.9
2595,TINTA LTX SEMI-BRILHO BR NEVE 15LT LUX,,0,32091010,83000000,UN,2026-09-11T15:19:47Z,380.0,380.0
05442,TINTA ACR STANDARD RENDE E COBRE MUITO AREIA FOSCO 18L SUVINIL,SUVINIL ACR STD FOSCO RENDE E COBRE MUITO AREIA 18L,7891260330999,32091010,83000000,LA,2026-09-09T19:43:09Z,423.0,380.47
3276008050843,TINTA ACR STD INT FOS CREAM 20L LUXENS,,0,32091010,83000000,UN,2026-09-14T15:28:14Z,382.87,382.87
01507,TINTA PISO PREMIUM SUVINIL PISO BRANCO 18L SUVINIL,SUVINIL PISO COR NEVOEIRO NEVOEIRO - 12927177 SELFCOLOR C160 FOSCO COMPLETO A2 LA,7891260057964,32091010,83000000,LA,2026-09-14T12:36:46Z,388.8,388.8
04786,TINTA PISO PREMIUM SUVINIL PISO CERAMICA 18L SUVINIL,TINTA PISO ACR FO 18L CERAMICA PISOS SUVINIL,7891260058275,32091010,83000000,LA,2026-09-09T18:10:18Z,388.8,388.8
10500,TINTA PISO PREMIUM SUVINIL PISO MARROM 18L SUVINIL,,7891260484227,32091010,83000000,LA,2026-09-10T14:44:24Z,388.8,388.8
01702,TINTA PISO PREMIUM SUVINIL PISO CINZA 18L SUVINIL,TINTA PISO ACR FO 18L CZ PISOS SUVINIL,7891260058213,32091010,83000000,LA,2026-09-14T17:27:03Z,432.0,388.8
01702,TINTA PISO PREMIUM SUVINIL PISO CINZA 18L SUVINIL,TINTA PISO ACR FO 18L CZ PISOS SUVINIL,7891260058213,32091010,83000000,LA,2026-09-15T11:49:27Z,432.0,388.8
01507,TINTA PISO PREMIUM SUVINIL PISO BRANCO 18L SUVINIL,SUVINIL PISO COR NEVOEIRO NEVOEIRO - 12927177 SELFCOLOR C160 FOSCO COMPLETO A2 LA,7891260057964,32091010,83000000,LA,2026-09-15T14:39:20Z,388.8,388.8
01702,TINTA PISO PREMIUM SUVINIL PISO CINZA 18L SUVINIL,TINTA PISO ACR FO 18L CZ PISOS SUVINIL,7891260058213,32091010,83000000,LA,2026-09-11T18:10:42Z,432.0,388.8
07837,TINTA PISO PREMIUM SUVINIL PISO CONCRETO PURO 18L SUVINIL,TINTA PISO ACR FO 18L CONCRETO PURO PISOS SUVINIL,7891260435939,32091010,83000000,LA,2026-09-09T18:13:31Z,388.8,388.8
02037,TINTA PISO PREMIUM SUVINIL PISO CINZA ESCURO 18L SUVINIL,SUVINIL PISO CINZA ESCURO 18L ( EXTERNA ROOF),7891260058305,32091010,83000000,LA,2026-09-15T18:04:24Z,388.8,388.8
7891260058213,TINTA PISO PREM FOS 18L CZ PISOS SUVINIL,,0,32091010,83000000,LT,2026-09-15T12:56:57Z,461.9,388.9
04786,TINTA PISO PREMIUM SUVINIL PISO CERAMICA 18L SUVINIL,TINTA PISO ACR FO 18L CERAMICA PISOS SUVINIL,7891260058275,32091010,83000000,LA,2026-09-10T13:23:09Z,432.0,389.08
01702,TINTA PISO PREMIUM SUVINIL PISO CINZA 18L SUVINIL,TINTA PISO ACR FO 18L CZ PISOS SUVINIL,7891260058213,32091010,83000000,LA,2026-09-11T12:07:10Z,432.0,389.51
7892948057139,TINTA ACR SB 15L BR GELO LIMPA FACIL IQUINE,,0,32091010,83000000,UN,2026-09-12T21:42:54Z,389.9,389.9
7892948057122,TINTA ACR SB 15L BR NEVE LIMPA FACIL IQUINE,,0,32091010,83000000,UN,2026-09-13T19:57:29Z,389.9,389.9
7891019170678,TINTA ACR FOS 16L BASE PM RENDE MUITO CORAL,,0,32091010,83000000,LT,2026-09-14T19:51:14Z,389.9,389.9
7891019170609,TINTA ACR SB 18L BR BRILHO E PROTECAO CORAL,,0,32091010,83000000,LT,2026-09-15T21:08:17Z,389.9,389.9
7891260331811,TINTA FOS 18L BR NEVE RENDE E COBRE MUITO SUVINIL,TINTA ACRILICA RENDE E COBRE MUITO BRANCO NEVE LT SULVINIL,7891260331811,32091010,83000000,LT,2026-09-10T21:32:30Z,391.9,391.9
7891260331811,TINTA FOS 18L BR NEVE RENDE E COBRE MUITO SUVINIL,,0,32091010,83000000,LT,2026-09-10T16:07:57Z,391.9,391.9
982802,TINTA ACR FC 16L REND MUIT AM/FV CORAL LT0001LT,TINTA ACR FC 16L REND MUIT AM/FV CORAL LT0001LT,7891019919635,32091010,83000000,LT,2026-09-12T15:47:04Z,435.99,392.39
7897866404065,TINTA ACRIL IMPERALL BASE P LT 18KG CORAL,,0,32091010,83000000,UN,2026-09-15T17:51:13Z,393.9,393.9
7892948057283,TINTA ACR FOS 15L ARARA AZUL DELANIL IQUINE,,7892948057283,32091010,83000000,UN,2026-09-15T12:30:54Z,395.9,395.9
7892948057245,TINTA ACR FOS 15L CAJU DELANIL IQUINE,,7892948057245,32091010,83000000,UN,2026-09-12T13:41:44Z,395.9,395.9
09849,TINTA ACR STANDARD MAXIMA EFICIENCIA ALGODAO EGIPICIO FOSCO 18L GLASU,GLASU ACR FOSCO ALGODAO EGIPCIO 18L MAXIMA EFICIENCIA,7891260509395,32091010,83000000,LA,2026-09-09T18:40:26Z,396.0,396.0
7896257584577,TINTA EMB FOSC IMPERMEAVEL PALHA 18L HYDRONORTH,,0,32091010,83000000,UN,2026-09-11T19:08:57Z,399.9,399.9
54138,TINTA ACR.SEMI BRILHO 15LT BR IBRATIN,,7899173407401,32091010,83000000,UN,2026-09-12T13:49:12Z,399.99,399.99
56315,TINTA ACR.SEMI BRILHO 15LT AREIA IBRATIN - 95138493,,0,32091010,83000000,UN,2026-09-12T13:49:12Z,399.99,399.99
997822,"TINTA BASE CONC 0,72L ACOT YE1 AM CORAL SH0001SH",,7730149369593,32041700,83000000,SH,2026-09-15T16:35:49Z,400.2457002457,400.2457002457002
982875,TINTA ACR FC 16L REND MUIT VD/KW CORAL LT0001LT,TINTA ACR FC 16L REND MUIT VD/KW CORAL LT0001LT,7891019919789,32091010,83000000,LT,2026-09-12T15:12:42Z,435.99,401.11
000166,TINTA EMBORRACHADA QUATRO ESTACOES 15L SANTTAFE,,0,32081010,83000000,KG,2026-09-11T19:48:23Z,406.0,406.0
7891019145416,TINTA PISO PREM FOS 18L PT PINTA PISO CORAL,,0,32091010,83000000,LT,2026-09-13T15:02:24Z,407.9,407.9
953086,TINTA ACR FC 18L PINTA PISO VDQUA CORAL,TINTA ACR FC 18L PINTA PISO VD/QUA CORAL LT0001LT,7891019145454,32091010,83000000,LT,2026-09-14T13:52:32Z,407.99,407.99
75330,TINTA ACR FC 18L PINTA PISO AM/DM CORAL LT0001LT,TINTA ACR FC 18L PINTAPISO AMARELO DEMARCAO CORAL,7891019145492,32091010,83000000,LT,2026-09-14T14:01:05Z,407.99,407.99
75332,TINTA ACR FC 18L PINTA PISO BR CORAL LT0001LT,TINTA ACR FC 18L PINTA PISO BR CORAL LT0001LT,7891019145331,32091010,83000000,LT,2026-09-14T14:01:05Z,407.99,407.99
55896,TINTA ACR FC 18L PINTA PISO AZ CORAL LT0001LT,TINTA ACR FC 18L PINTA PISO AZ CORAL LT0001LT,7891019145430,32091010,83000000,LT,2026-09-09T18:07:17Z,407.99,407.99
69766,TINTA ACR FC 18L PINTA PISO CONC CORAL LT0001LT,TINTA ACRILICA CONCRETO 18LTS EXT./INT. PINTAPISO CORAL,7891019145393,32091010,83000000,LT,2026-09-13T11:37:42Z,407.99,407.99
69767,TINTA ACR FC 18L PINTA PISO CZES CORAL,TINTA ACR FC 18L PINTA PISO CZ/ES CORAL LT0001LT,7891019145379,32091010,83000000,LT,2026-09-15T22:30:10Z,407.99,407.99
7891019170678,TINTA ACR FOS 16L BASE PM RENDE MUITO CORAL,,0,32091010,83000000,LT,2026-09-14T19:33:33Z,408.48,408.48
06462,TINTA ACR STANDARD CORALAR + BRILHO E PROTECAO BRANCO SEMI BRILHO 18L CORAL,TINTA PARA PAREDE VINIL ACRILICO CORAL BRILHO E PROTECAO 18 L BRANCO,7891019170609,32091010,83000000,LA,2026-09-14T11:28:16Z,454.0,408.6
7892948048878,TINTA ACR FOS BASE C 16L SELA E PINTA IQUINE,,0,32091010,83000000,UN,2026-09-12T14:56:58Z,409.55,409.55
7891260058749,TINTA ACR SB 18L BR NEVE GLASURIT SUVINIL,,0,32091010,83000000,LT,2026-09-14T20:32:53Z,429.9,413.86
7891019919680,TINTA ACRILICA RENDE MUITO CAMURCA 16L CORAL,,0,32091010,83000000,UN,2026-09-10T15:33:38Z,414.9,414.9
7891019919680,TINTA ACRILICA RENDE MUITO CAMURCA 16L CORAL,,0,32091010,83000000,UN,2026-09-09T15:24:22Z,414.9,414.9
7891019170616,TINTA ACR SB 16L BASE PM BRILHO E PROTECAO CORAL,TINTA BASE ACR SB LT16L BRIL E PROTEC PM LT0001LT - ALGODAO EGIPCIO - SU,7891019170616,32091010,83000000,LT,2026-09-14T13:58:42Z,432.1,416.3
7891019919673,TINTA ACRILICA RENDE MUITO BRANCO GELO 16L CORAL,,0,32091010,83000000,UN,2026-09-12T00:36:49Z,439.9,417.95
11222,TINTA IMPERMEA PREMIUM PINTURA EMBORR BRANCO FOSCO 16L ( 20KG ) HYDRONORTH,,7896257592084,32091010,83000000,LA,2026-09-10T19:21:31Z,465.0,418.0
1440,TINTA ACR SEMI BRILHO PALHA 18L FUTURA,,0,32091010,83000000,UND,2026-09-14T18:34:22Z,418.0,418.0
10748,TINTA ACR PREMIUM TOQUE FOSCO (CLASSICA) BRANCO FOSCO 18L SUVINIL,,7891260561737,32091010,83000000,LA,2026-09-14T10:06:31Z,465.0,418.5
11222,TINTA IMPERMEA PREMIUM PINTURA EMBORR BRANCO FOSCO 16L ( 20KG ) HYDRONORTH,,7896257592084,32091010,83000000,LA,2026-09-14T13:43:00Z,418.5,418.5
10748,TINTA ACR PREMIUM TOQUE FOSCO (CLASSICA) BRANCO FOSCO 18L SUVINIL,,7891260561737,32091010,83000000,LA,2026-09-15T11:16:27Z,418.5,418.5
10748,TINTA ACR PREMIUM TOQUE FOSCO (CLASSICA) BRANCO FOSCO 18L SUVINIL,,7891260561737,32091010,83000000,LA,2026-09-11T11:25:25Z,465.0,418.5
7891019170609,TINTA ACR SB 18L BR BRILHO E PROTECAO CORAL,TINTA PARA PAREDE VINIL ACRILICO CORAL BRILHO E PROTECAO 18 L BRANCO,7891019170609,32091010,83000000,LT,2026-09-11T23:35:41Z,419.9,419.9
7891019145355,TINTA PISO PREM FOS 18L CZ MEDIO PINTA PISO CORAL,,0,32091010,83000000,LT,2026-09-12T17:20:21Z,419.9,419.9
7891019170609,TINTA ACR SB 18L BR BRILHO E PROTECAO CORAL,,0,32091010,83000000,LT,2026-09-12T20:25:20Z,419.9,419.9
7891019139729,TINTA GESSO 18L BR DIRETO NO GESSO CORAL,,0,32091010,83000000,LT,2026-09-10T16:07:57Z,419.9,419.9
896866,TINTA ACR SB 18L CORALAR +BRIL BR CORAL LT0001LT,TINTA PARA PAREDE VINIL ACRILICO CORAL BRILHO E PROTECAO 18 L BRANCO,7891019170609,32091010,83000000,LT,2026-09-11T16:18:02Z,419.92,419.92
7891019170616,TINTA ACR SB 16L BASE PM BRILHO E PROTECAO CORAL,,0,32091010,83000000,LT,2026-09-15T20:17:14Z,434.04,421.02
7891019145331,TINTA PISO PREM FOS 18L BR NEVE PINTA PISO CORAL,,0,32091010,83000000,LT,2026-09-09T20:32:29Z,423.9,423.9
01623,TINTA ACR STANDARD BRILHO PRATICO GELO SEMI BRILHO 18L GLASU,GLASURIT ACR SEMI-BRILHO (BRILHO LAVAVEL / PRATICO) BRANCO GELO 18L,7891260058770,32091010,83000000,LA,2026-09-12T16:19:43Z,476.0,428.03
01620,TINTA ACR STANDARD BRILHO PRATICO BRANCO SEMI BRILHO 18L GLASU,GLASURIT ACR SEMI-BRILHO (BRILHO LAVAVEL / PRATICO) BRANCO NEVE 18L,7891260058749,32091010,83000000,LA,2026-09-15T11:28:31Z,476.0,428.4
01620,TINTA ACR STANDARD BRILHO PRATICO BRANCO SEMI BRILHO 18L GLASU,GLASURIT ACR SEMI-BRILHO (BRILHO LAVAVEL / PRATICO) BRANCO NEVE 18L,7891260058749,32091010,83000000,LA,2026-09-11T18:21:12Z,476.0,428.4
01623,TINTA ACR STANDARD BRILHO PRATICO GELO SEMI BRILHO 18L GLASU,GLASURIT ACR SEMI-BRILHO (BRILHO LAVAVEL / PRATICO) BRANCO GELO 18L,7891260058770,32091010,83000000,LA,2026-09-15T21:00:04Z,428.4,428.4
01620,TINTA ACR STANDARD BRILHO PRATICO BRANCO SEMI BRILHO 18L GLASU,GLASURIT ACR SEMI-BRILHO (BRILHO LAVAVEL / PRATICO) BRANCO NEVE 18L,7891260058749,32091010,83000000,LA,2026-09-15T12:37:01Z,428.4,428.4
01623,TINTA ACR STANDARD BRILHO PRATICO GELO SEMI BRILHO 18L GLASU,GLASURIT ACR SEMI-BRILHO (BRILHO LAVAVEL / PRATICO) BRANCO GELO 18L,7891260058770,32091010,83000000,LA,2026-09-14T11:23:29Z,428.4,428.4
01620,TINTA ACR STANDARD BRILHO PRATICO BRANCO SEMI BRILHO 18L GLASU,GLASURIT ACR SEMI-BRILHO (BRILHO LAVAVEL / PRATICO) BRANCO NEVE 18L,7891260058749,32091010,83000000,LA,2026-09-09T19:31:20Z,428.4,428.4
92118691,Tinta imp emb fo 18l ele,,7896257584539,32091010,83000000,UN,2026-09-11T18:30:44Z,430.74,428.86
7891260058749,TINTA ACR SB 18L BR NEVE GLASURIT SUVINIL,,0,32091010,83000000,LT,2026-09-15T15:08:51Z,429.9,429.9
7891260058749,TINTA ACR SB 18L BR NEVE GLASURIT SUVINIL,GLASURIT ACR SEMI-BRILHO (BRILHO LAVAVEL / PRATICO) BRANCO NEVE 18L,7891260058749,32091010,83000000,LT,2026-09-15T17:11:59Z,429.9,429.9
7891019170616,TINTA ACR SB 16L BASE PM BRILHO E PROTECAO CORAL,,0,32091010,83000000,LT,2026-09-13T13:15:13Z,430.54,430.54
7891019173129,TINTA EPOXI WANDEPOXY LOC BASE PM 2.56L CORAL,,0,32089010,83000000,UN,2026-09-13T22:56:28Z,432.27,432.27
7891260058343,TINTA PISO PREM FOS 18L CONCRETO PISOS SUVINIL,,0,32091010,83000000,LT,2026-09-14T23:59:18Z,435.9,435.9
7891260058305,TINTA PISO PREM FOS 18L CZ ESCURO PISOS SUVINIL,,0,32091010,83000000,LT,2026-09-13T15:02:24Z,435.9,435.9
7891260058305,TINTA PISO PREM FOS 18L CZ ESCURO PISOS SUVINIL,SUVINIL PISO CINZA ESCURO 18L ( EXTERNA ROOF),7891260058305,32091010,83000000,LT,2026-09-12T19:30:05Z,435.9,435.9
982828,TINTA ACR FC 16L REND MUIT CROM/SV CORA LT0001LT,,7891019919703,32091010,83000000,LT,2026-09-14T14:17:53Z,435.99,435.99
7892948048878,TINTA ACR FOS BASE C 16L SELA E PINTA IQUINE,"BASE ""C"" P/TINTA 2 EM 1 16L SELA E PINTA IQUINE/ICORES",7892948048878,32091010,83000000,UN,2026-09-11T19:42:43Z,471.38,438.87
7891019919758,TINTA ACRILICA RENDE MUITO PALHA 16L CORAL,,0,32091010,83000000,UN,2026-09-15T12:48:16Z,439.9,439.85
7891019919642,TINTA ACRILICA RENDE MUITO AREIA 16L CORAL,,0,32091010,83000000,UN,2026-09-12T21:27:16Z,439.9,439.9
7891019919673,TINTA ACRILICA RENDE MUITO BRANCO GELO 16L CORAL,,0,32091010,83000000,UN,2026-09-10T13:41:45Z,439.9,439.9
10954,TINTA ACR PREMIUM CORAL MASTER TUBARAO BRANCO FOSCO 18L CORAL,,7891019993895,32091010,83000000,LA,2026-09-10T14:44:12Z,498.0,447.74
06465,PEROLA - RM CORALAR ACRILICO + BRILHO E PROTECAO PM LA RM018,TINTA BASE ACR SB LT16L BRIL E PROTEC PM LT0001LT - ALGODAO EGIPCIO - SU,7891019170616,32091010,83000000,LA,2026-09-11T16:16:38Z,483.7808,448.94
7891019919642,Tinta Acril Stan Rend Mto Areia 16L          De46266 Por45172,,0,32091010,83000000,UN,2026-09-13T18:27:54Z,462.66,451.72
7891019139729,Tinta Acril Econ Fo Branco 18L GessoDry,,0,32091010,83000000,UN,2026-09-12T23:23:07Z,452.02,452.02
08295,TINTA ACR PREMIUM RENOVA PAREDES E TETOS BRANCO FOSCO 16L CORAL,TINTA RENOVA FO BRANCO 16L CORAL 1X16LCORAL,7891019915132,32091010,83000000,LA,2026-09-15T11:42:17Z,459.0,459.0
7891260058213,TINTA PISO PREM FOS 18L CZ PISOS SUVINIL,TINTA PISO ACR FO 18L CZ PISOS SUVINIL,7891260058213,32091010,83000000,LT,2026-09-15T17:11:59Z,461.9,461.9
09845,TINTA ACR STANDARD BRILHO PRATICO ALGODAO EGIPI SEMI BRILHO 18L GLASU,GLASU ACR SEMI-BRILHO ALGODAO EGIPCIO 18L (BRILHO LAVAVEL / PRATICO),7891260508633,32091010,83000000,LA,2026-09-15T21:13:54Z,522.0,462.905
09851,TINTA ACR STANDARD BRILHO PRATICO LAMINA AFIADA SEMI BRILHO 18L GLASU,GLASU ACR SEMI-BRILHO LAMINA AFIADA 18L (BRILHO LAVAVEL / PRATICO),7891260509050,32091010,83000000,LA,2026-09-12T16:19:43Z,522.0,469.41
08721,TINTA ACR STANDARD BRILHO PRATICO PALHA SEMI BRILHO 18L GLASU,GLASURIT ACR SEMI-BRILHO (BRILHO LAVAVEL / PRATICO) PALHA 18L,7891260059142,32091010,83000000,LA,2026-09-14T16:09:19Z,469.8,469.8
09540,TINTA ACR STANDARD BRILHO PRATICO OCEANO SEMI BRILHO 18L GLASU,GLASURIT ACR SEMI-BRILHO (BRILHO LAVAVEL / PRATICO) OCEANO 18L,7891260424445,32091010,83000000,LA,2026-09-09T19:31:20Z,469.8,469.8
08718,TINTA ACR STANDARD BRILHO PRATICO MARFIM SEMI BRILHO 18L GLASU,GLASURIT ACR SEMI-BRILHO (BRILHO LAVAVEL / PRATICO) MARFIM 18L,7891260059067,32091010,83000000,LA,2026-09-14T16:05:41Z,469.8,469.8
7891019919574,TINTA ACRILICA RENDE MUITO CROMIO 16L CORAL,,0,32091010,83000000,UN,2026-09-09T17:14:53Z,469.9,469.9
7891019170678,TINTA ACR FOS 16L BASE PM RENDE MUITO CORAL,AMARELO VANILLA - RM PADRAO NOVO AMARELO VANILLA RENDE MUITO PM LA RM506,7891019170678,32091010,83000000,LT,2026-09-10T13:34:01Z,478.46,478.46
997817,"TINTA BASE CONC 0,72L ACOT RE1 VM INTENS SH0001SH",,7730149544464,32041700,83000000,SH,2026-09-15T16:35:49Z,481.0810810811,481.0810810810811
7891260058770,TINTA ACR SB 18L BR GELO GLASURIT SUVINIL,,0,32091010,83000000,LT,2026-09-12T13:57:10Z,497.9,483.015
7892948044153,TINTA ACR SB LIMPA FACIL BASE M 16L IQUINE,,0,32091010,83000000,UN,2026-09-11T23:22:05Z,500.99,485.32
10619,TINTA IMPERMEA PREMIUM PINTURA EMBORR ELEFAN FOSCO 18L HYDRONORTH,,1001001106196,32091010,83000000,LA,2026-09-12T14:09:06Z,487.8,487.8
10619,TINTA IMPERMEA PREMIUM PINTURA EMBORR ELEFAN FOSCO 18L HYDRONORTH,,1001001106196,32091010,83000000,LA,2026-09-12T12:22:49Z,487.8,487.8
10583,TINTA IMPERMEA PREMIUM PINTURA EMBORR CROMIO FOSCO 18L HYDRONORTH,,1001001105830,32091010,83000000,LA,2026-09-15T11:33:17Z,542.0,487.92
7891260561737,TINTA ACR FOS 18L BR NEVE TOQUE FOSCO SUVINIL,,0,32091010,83000000,UN,2026-09-10T20:05:36Z,515.9,493.15
7892948048878,TINTA ACR FOS BASE C 16L SELA E PINTA IQUINE,,0,32091010,83000000,UN,2026-09-15T21:47:51Z,493.49,493.49
7891260058770,TINTA ACR SB 18L BR GELO GLASURIT SUVINIL,GLASURIT ACR SEMI-BRILHO (BRILHO LAVAVEL / PRATICO) BRANCO GELO 18L,7891260058770,32091010,83000000,LT,2026-09-15T18:49:43Z,497.9,497.9
7891260058770,TINTA ACR SB 18L BR GELO GLASURIT SUVINIL,,0,32091010,83000000,LT,2026-09-14T22:59:56Z,497.9,497.9
10954,TINTA ACR PREMIUM CORAL MASTER TUBARAO BRANCO FOSCO 18L CORAL,,7891019993895,32091010,83000000,LA,2026-09-15T20:26:03Z,498.0,498.0
7891019920235,Tinta AcrAl Prem Int AlgodAo EgApcio 18L     De54245 Por50995,,0,32091010,83000000,UN,2026-09-15T22:32:14Z,542.45,509.95
7891019993840,TINTA ACR FOSC PROF BASE P 16L MASTER CORAL,,0,32091010,83000000,UN,2026-09-14T13:41:27Z,559.37,531.4
3276007450118,Tinta pre ext fos branca 18l luxens          De115936 Por108982,,0,32091010,83000000,UN,2026-09-09T16:57:49Z,579.68,544.91
7891019906840,TINTA ACR FOSC BASE T 16L DECORA CORAL,,0,32091010,83000000,UN,2026-09-15T22:46:50Z,579.9,559.24
7891019993840,TINTA ACR FOSC PROF BASE P 16L MASTER CORAL,,0,32091010,83000000,UN,2026-09-14T16:05:34Z,562.87,562.87
7891260059067,TINTA ACR SB 18L MARFIM GLASURIT SUVINIL,GLASURIT ACR SEMI-BRILHO (BRILHO LAVAVEL / PRATICO) MARFIM 18L,7891260059067,32091010,83000000,LT,2026-09-15T18:44:09Z,581.9,581.9
7891019993826,TINTA ACR FOSC PROF BASE MF 16L MASTER CORAL,,0,32091010,83000000,UN,2026-09-14T16:05:34Z,587.23,587.23
997816,"TINTA BASE CONC 0,72L ACOT OR1 LJ CORAL SH0001SH",,7730149548110,32041700,83000000,SH,2026-09-15T16:35:49Z,590.4761904762,590.4761904761905
896867,TINTA BASE ACR SB 16L CORALAR +BRIL PM LT0001LT - PRIMEIRA LUZ,TINTA BASE ACR SB LT16L BRIL E PROTEC PM LT0001LT - ALGODAO EGIPCIO - SU,7891019170616,32091010,83000000,LT,2026-09-11T17:45:53Z,590.99,590.99
7891260561805,TINTA ACR FOS 16L BASE A2 TOQUE FOSCO SUVINIL,,0,32091010,83000000,UN,2026-09-15T20:08:03Z,591.9,591.9
7891260561805,TINTA ACR FOS 16L BASE A2 TOQUE FOSCO SUVINIL,,0,32091010,83000000,UN,2026-09-15T14:24:19Z,591.9,591.9
7892948044177,TINTA ACR SB LIMPA FACIL BASE C 16L IQUINE,,0,32091010,83000000,UN,2026-09-13T16:36:30Z,614.13,595.77
7892948051786,TINTA ACR EMBORRACHADA BASE P 16L FACHADA IQUINE,,7892948051786,32091010,83000000,UN,2026-09-15T21:39:47Z,596.4,596.4
7891260561034,Tinta pre intext F COMPL elefan 18L Suv      De65415 Por61494,,0,32091010,83000000,UN,2026-09-14T23:47:18Z,654.15,614.94
7892948044177,TINTA ACR SB LIMPA FACIL BASE C 16L IQUINE,,0,32091010,83000000,UN,2026-09-14T18:51:48Z,649.18,649.18
7892948044177,TINTA ACR SB LIMPA FACIL BASE C 16L IQUINE,"ICORES LIMPA FACIL (BASE C) 16,0L -> PRODUTO NAO CLASSIFICADO COMO PERIGOSO PARA FINS DE TRANSPORTE.",7892948044177,32091010,83000000,UN,2026-09-14T19:44:54Z,656.72,656.72
7891260559062,TINTA ACR AC 16L BASE A2 TOQUE SEDA SUVINIL,,0,32091010,83000000,UN,2026-09-15T19:27:29Z,733.92,663.39
7892948051786,TINTA ACR EMBORRACHADA BASE P 16L FACHADA IQUINE,,0,32091010,83000000,UN,2026-09-13T20:34:03Z,665.57,665.57
7891019993819,TINTA ACR FOSC PROF BASE T 16L MASTER CORAL,,0,32091010,83000000,UN,2026-09-10T13:01:49Z,724.45,666.84
05977,TINTA ACR PREMIUM DECORA SEDA BRANCO ACETINADO 18L CORAL,TINTA ACRI EXT ACAB SEDA AC BR 18L CORAL LT C/18L,7891019177189,32091010,83000000,LA,2026-09-15T19:48:25Z,776.0,678.84
10700,TINTA ACR PREMIUM TOQUE FOSCO COMPLETO CROMIO FOSCO 18L SUVINIL,,7891260561010,32091010,83000000,LA,2026-09-11T19:25:18Z,765.0,687.13
10786,TINTA ACR PREMIUM TOQUE SEDA BRANCO ACETINADO 18L SUVINIL,,7891260559031,32091010,83000000,LA,2026-09-10T12:03:36Z,698.4,698.4
10786,TINTA ACR PREMIUM TOQUE SEDA BRANCO ACETINADO 18L SUVINIL,,7891260559031,32091010,83000000,LA,2026-09-10T12:32:12Z,698.4,698.4
10786,TINTA ACR PREMIUM TOQUE SEDA BRANCO ACETINADO 18L SUVINIL,,7891260559031,32091010,83000000,LA,2026-09-14T14:48:40Z,776.0,698.4
7891260559031,TINTA ACR AC 18L BR NEVE TOQUE SEDA SUVINIL,,7891260559031,32091010,83000000,UN,2026-09-10T21:32:30Z,699.9,699.9
