codigo,descricao,unidade_medida,grupo,data_venda,valor_declarado,valor_venda
3092,"4381 TINTA BRANCO NEVE INTERNA GL 3,0L",UN,tinta_branca,2026-09-11T14:30:37Z,25.9,25.9
3003,"4382 TINTA BRANCO GELO INTERNA GL 3,0L",UN,tinta_branca,2026-09-11T14:01:42Z,25.9,25.9
3117,5130 TINTA BRANCO NEVE INTERNA BD 15L,BD,tinta_branca,2026-09-15T15:25:35Z,97.0,97.0
3118,5132 TINTA BRANCO GELO INTERNO BD 15L,BD,tinta_branca,2026-09-15T15:10:33Z,69.9,69.9
3154,5598 TINTA PISO BRANCO BD 15L,UN,tinta_branca,2026-09-09T20:46:25Z,212.0,212.0
3081,935590 TINTA SPRAY USOGERAL BR BRILHO 350ML,PEC,tinta_branca,2026-09-14T13:16:20Z,18.0,18.0
3081,935590 TINTA SPRAY USOGERAL BR BRILHO 350ML,PEC,tinta_spray,2026-09-14T13:16:20Z,18.0,18.0
07197,"ACR FOSCO BRANCO 0,9L RENDE MUITO CORAL",UN,tinta_acrilica,2026-09-12T14:32:06Z,38.03,38.03
07197,"ACR FOSCO BRANCO 0,9L RENDE MUITO CORAL",UN,tinta_acrilica,2026-09-15T17:48:37Z,38.03,38.03
07197,"ACR FOSCO BRANCO 0,9L RENDE MUITO CORAL",UN,tinta_acrilica,2026-09-14T14:11:37Z,38.03,38.03
07197,"ACR FOSCO BRANCO 0,9L RENDE MUITO CORAL",UN,tinta_acrilica_branca,2026-09-12T14:32:06Z,38.03,38.03
07197,"ACR FOSCO BRANCO 0,9L RENDE MUITO CORAL",UN,tinta_acrilica_branca,2026-09-15T17:48:37Z,38.03,38.03
07197,"ACR FOSCO BRANCO 0,9L RENDE MUITO CORAL",UN,tinta_acrilica_branca,2026-09-14T14:11:37Z,38.03,38.03
07197,"ACR FOSCO BRANCO 0,9L RENDE MUITO CORAL",UN,tinta_branca,2026-09-12T14:32:06Z,38.03,38.03
07197,"ACR FOSCO BRANCO 0,9L RENDE MUITO CORAL",UN,tinta_branca,2026-09-15T17:48:37Z,38.03,38.03
07197,"ACR FOSCO BRANCO 0,9L RENDE MUITO CORAL",UN,tinta_branca,2026-09-14T14:11:37Z,38.03,38.03
832,ACR FOSCO BRANCO TINTAX 15L LT MIRACOR,UN,tinta_acrilica,2026-09-11T20:24:08Z,85.0,85.0
832,ACR FOSCO BRANCO TINTAX 15L LT MIRACOR,UN,tinta_acrilica_branca,2026-09-11T20:24:08Z,85.0,85.0
832,ACR FOSCO BRANCO TINTAX 15L LT MIRACOR,UN,tinta_branca,2026-09-11T20:24:08Z,85.0,85.0
833,ACR FOSCO GELO TINTAX 15L LT MIRACOR,UN,tinta_acrilica,2026-09-12T14:53:30Z,85.0,85.0
2260,"ACR INTERIOR FOSCO AMARELO ENERGIA 3,0L TINTAX",ND,tinta_acrilica,2026-09-12T13:11:44Z,25.0,25.0
001561,"ACR INTERIOR FOSCO AMARELO ENERGIA 3,6L TINTAX",UN,tinta_acrilica,2026-09-12T14:05:29Z,85.0,85.0
1777,ACR INTERIOR FOSCO BCO 15L TINTAX,ND,tinta_acrilica,2026-09-09T18:42:10Z,90.0,90.0
2577,"ACR INTERIOR FOSCO BCO 3,6L TINTAX",UN,tinta_acrilica,2026-09-12T16:04:08Z,25.0,25.0
1778,"ACR INTERIOR FOSCO BCO 3,6L TINTAX",ND,tinta_acrilica,2026-09-12T13:11:10Z,27.0,27.0
1778,"ACR INTERIOR FOSCO BCO 3,6L TINTAX",UN,tinta_acrilica,2026-09-12T13:43:24Z,29.84,27.2
04205,ACR INTERIOR FOSCO BRANCO 15L TINTAX,BD,tinta_acrilica,2026-09-12T13:04:02Z,89.9,89.9
674,ACR INTERIOR FOSCO BRANCO 15L TINTAX,BD,tinta_acrilica,2026-09-15T20:24:04Z,89.9,89.9
04205,ACR INTERIOR FOSCO BRANCO 15L TINTAX,BD,tinta_acrilica,2026-09-15T18:23:13Z,89.9,89.9
04205,ACR INTERIOR FOSCO BRANCO 15L TINTAX,BD,tinta_acrilica,2026-09-15T17:21:53Z,89.9,89.9
5097,ACR INTERIOR FOSCO BRANCO 15L TINTAX,BD,tinta_acrilica,2026-09-10T19:45:45Z,99.99,94.0
4043,ACR INTERIOR FOSCO BRANCO 15L TINTAX,BD,tinta_acrilica,2026-09-12T12:54:05Z,95.0,95.0
5279,ACR INTERIOR FOSCO BRANCO 15L TINTAX,BD,tinta_acrilica,2026-09-14T18:00:20Z,95.0,95.0
340,ACR INTERIOR FOSCO BRANCO 15L TINTAX,BD,tinta_acrilica,2026-09-12T21:45:11Z,99.0,99.0
315,ACR INTERIOR FOSCO BRANCO 15L TINTAX,UN,tinta_acrilica,2026-09-09T11:19:48Z,100.0,100.0
6274,ACR INTERIOR FOSCO BRANCO 15L TINTAX,BD,tinta_acrilica,2026-09-14T20:07:31Z,100.0,100.0
944,ACR INTERIOR FOSCO BRANCO 15L TINTAX,BD,tinta_acrilica,2026-09-15T14:17:05Z,100.0,100.0
04205,ACR INTERIOR FOSCO BRANCO 15L TINTAX,BD,tinta_acrilica_branca,2026-09-12T13:04:02Z,89.9,89.9
674,ACR INTERIOR FOSCO BRANCO 15L TINTAX,BD,tinta_acrilica_branca,2026-09-15T20:24:04Z,89.9,89.9
04205,ACR INTERIOR FOSCO BRANCO 15L TINTAX,BD,tinta_acrilica_branca,2026-09-15T18:23:13Z,89.9,89.9
04205,ACR INTERIOR FOSCO BRANCO 15L TINTAX,BD,tinta_acrilica_branca,2026-09-15T17:21:53Z,89.9,89.9
5097,ACR INTERIOR FOSCO BRANCO 15L TINTAX,BD,tinta_acrilica_branca,2026-09-10T19:45:45Z,99.99,94.0
4043,ACR INTERIOR FOSCO BRANCO 15L TINTAX,BD,tinta_acrilica_branca,2026-09-12T12:54:05Z,95.0,95.0
5279,ACR INTERIOR FOSCO BRANCO 15L TINTAX,BD,tinta_acrilica_branca,2026-09-14T18:00:20Z,95.0,95.0
340,ACR INTERIOR FOSCO BRANCO 15L TINTAX,BD,tinta_acrilica_branca,2026-09-12T21:45:11Z,99.0,99.0
315,ACR INTERIOR FOSCO BRANCO 15L TINTAX,UN,tinta_acrilica_branca,2026-09-09T11:19:48Z,100.0,100.0
6274,ACR INTERIOR FOSCO BRANCO 15L TINTAX,BD,tinta_acrilica_branca,2026-09-14T20:07:31Z,100.0,100.0
944,ACR INTERIOR FOSCO BRANCO 15L TINTAX,BD,tinta_acrilica_branca,2026-09-15T14:17:05Z,100.0,100.0
04205,ACR INTERIOR FOSCO BRANCO 15L TINTAX,BD,tinta_branca,2026-09-12T13:04:02Z,89.9,89.9
674,ACR INTERIOR FOSCO BRANCO 15L TINTAX,BD,tinta_branca,2026-09-15T20:24:04Z,89.9,89.9
04205,ACR INTERIOR FOSCO BRANCO 15L TINTAX,BD,tinta_branca,2026-09-15T18:23:13Z,89.9,89.9
04205,ACR INTERIOR FOSCO BRANCO 15L TINTAX,BD,tinta_branca,2026-09-15T17:21:53Z,89.9,89.9
5097,ACR INTERIOR FOSCO BRANCO 15L TINTAX,BD,tinta_branca,2026-09-10T19:45:45Z,99.99,94.0
4043,ACR INTERIOR FOSCO BRANCO 15L TINTAX,BD,tinta_branca,2026-09-12T12:54:05Z,95.0,95.0
5279,ACR INTERIOR FOSCO BRANCO 15L TINTAX,BD,tinta_branca,2026-09-14T18:00:20Z,95.0,95.0
340,ACR INTERIOR FOSCO BRANCO 15L TINTAX,BD,tinta_branca,2026-09-12T21:45:11Z,99.0,99.0
315,ACR INTERIOR FOSCO BRANCO 15L TINTAX,UN,tinta_branca,2026-09-09T11:19:48Z,100.0,100.0
6274,ACR INTERIOR FOSCO BRANCO 15L TINTAX,BD,tinta_branca,2026-09-14T20:07:31Z,100.0,100.0
944,ACR INTERIOR FOSCO BRANCO 15L TINTAX,BD,tinta_branca,2026-09-15T14:17:05Z,100.0,100.0
0008040,"ACR INTERIOR FOSCO BRANCO 3,0L TINTAX",GL,tinta_acrilica,2026-09-09T20:02:23Z,28.0,28.0
675,"ACR INTERIOR FOSCO BRANCO 3,0L TINTAX",GL,tinta_acrilica,2026-09-09T16:57:03Z,30.0,30.0
4002,"ACR INTERIOR FOSCO BRANCO 3,0L TINTAX",GL,tinta_acrilica,2026-09-09T17:20:30Z,32.0,32.0
2163,"ACR INTERIOR FOSCO BRANCO 3,0L TINTAX",UN,tinta_acrilica,2026-09-09T14:47:46Z,35.0,35.0
0008040,"ACR INTERIOR FOSCO BRANCO 3,0L TINTAX",GL,tinta_acrilica_branca,2026-09-09T20:02:23Z,28.0,28.0
675,"ACR INTERIOR FOSCO BRANCO 3,0L TINTAX",GL,tinta_acrilica_branca,2026-09-09T16:57:03Z,30.0,30.0
4002,"ACR INTERIOR FOSCO BRANCO 3,0L TINTAX",GL,tinta_acrilica_branca,2026-09-09T17:20:30Z,32.0,32.0
2163,"ACR INTERIOR FOSCO BRANCO 3,0L TINTAX",UN,tinta_acrilica_branca,2026-09-09T14:47:46Z,35.0,35.0
0008040,"ACR INTERIOR FOSCO BRANCO 3,0L TINTAX",GL,tinta_branca,2026-09-09T20:02:23Z,28.0,28.0
675,"ACR INTERIOR FOSCO BRANCO 3,0L TINTAX",GL,tinta_branca,2026-09-09T16:57:03Z,30.0,30.0
4002,"ACR INTERIOR FOSCO BRANCO 3,0L TINTAX",GL,tinta_branca,2026-09-09T17:20:30Z,32.0,32.0
2163,"ACR INTERIOR FOSCO BRANCO 3,0L TINTAX",UN,tinta_branca,2026-09-09T14:47:46Z,35.0,35.0
454,ACR INTERIOR FOSCO CINZA SAO PAULO 15L TINTAX,BD,tinta_acrilica,2026-09-12T11:43:02Z,90.0,90.0
03551,ACR INTERIOR FOSCO GELO 15L TINTAX,BD,tinta_acrilica,2026-09-11T12:02:30Z,89.9,89.9
6656,ACR INTERIOR FOSCO GELO 15L TINTAX,BD,tinta_acrilica,2026-09-14T20:54:45Z,100.0,100.0
100725,"ACR INTERIOR FOSCO GELO 3,0L TINTAX",UN,tinta_acrilica,2026-09-12T16:39:56Z,31.9,31.9
676,"ACR INTERIOR FOSCO GELO 3,0L TINTAX",GL,tinta_acrilica,2026-09-15T20:08:46Z,32.0,32.0
744,"ACR INTERIOR FOSCO MARFIM 3,0L TINTAX",GL,tinta_acrilica,2026-09-12T13:16:11Z,32.0,32.0
7029,"ACR INTERIOR FOSCO PRETO 3,0L TINTAX",UN,tinta_acrilica,2026-09-14T20:52:43Z,30.0,30.0
100258,ACR INTERIOR FOSCO ROSA BEBE 15L TINTAX,UN,tinta_acrilica,2026-09-15T16:30:20Z,99.9,91.43
422,"ACR INTERIOR FOSCO ROSA BEBE 3,0L TINTAX",GL,tinta_acrilica,2026-09-09T16:57:03Z,30.0,30.0
0008211,"ACR INTERIOR FOSCO ROSA BEBE 3,0L TINTAX",GL,tinta_acrilica,2026-09-09T13:21:21Z,36.0,36.0
247,"ARACOR TINTA INT ECON  3,0L BR NEVE 60",GL,tinta_branca,2026-09-15T19:17:33Z,17.0,17.0
1122,BASE PU ACR.BRANCA PURO # # ONU 1263 QUANT.LTDA TINTA 3 II,UN,tinta_acrilica,2026-09-12T13:40:09Z,40.0,40.0
1122,BASE PU ACR.BRANCA PURO # # ONU 1263 QUANT.LTDA TINTA 3 II,UN,tinta_acrilica,2026-09-12T15:10:23Z,77.0,70.0
1122,BASE PU ACR.BRANCA PURO # # ONU 1263 QUANT.LTDA TINTA 3 II,UN,tinta_acrilica_branca,2026-09-12T13:40:09Z,40.0,40.0
1122,BASE PU ACR.BRANCA PURO # # ONU 1263 QUANT.LTDA TINTA 3 II,UN,tinta_acrilica_branca,2026-09-12T15:10:23Z,77.0,70.0
1122,BASE PU ACR.BRANCA PURO # # ONU 1263 QUANT.LTDA TINTA 3 II,UN,tinta_branca,2026-09-12T13:40:09Z,40.0,40.0
1122,BASE PU ACR.BRANCA PURO # # ONU 1263 QUANT.LTDA TINTA 3 II,UN,tinta_branca,2026-09-12T15:10:23Z,77.0,70.0
182,BP BRANCO POLAR LISA HYUNDAI SKYLACK 900ML,UN,tinta_branca,2026-09-11T13:11:06Z,50.0,39.24
182,BP BRANCO POLAR LISA HYUNDAI SKYLACK 900ML,MR,tinta_branca,2026-09-15T21:05:23Z,65.0,54.65714285714286
182,BP BRANCO POLAR LISA HYUNDAI SKYLACK 900ML,UN,tinta_branca,2026-09-15T20:54:40Z,65.0,54.88
287,BP CINZA VULCAN MET. VW SKYLACK,MR,tinta_metalica,2026-09-10T20:55:36Z,63.0,54.72
287,BP CINZA VULCAN MET. VW SKYLACK,UN,tinta_metalica,2026-09-09T10:45:31Z,68.5,56.41
235,BP PRATA GEADA MET. FORD 02 -SKY-,MR,tinta_metalica,2026-09-09T14:32:14Z,53.0,45.0
376,BP PRATA POLARIS MET. GM 05 -SKY-,MR,tinta_metalica,2026-09-12T13:18:50Z,53.0,45.63846153846154
376,BP PRATA POLARIS MET. GM 05 -SKY-,UN,tinta_metalica,2026-09-15T20:44:23Z,50.0,50.0
376,BP PRATA POLARIS MET. GM 05 -SKY-,UN,tinta_metalica,2026-09-10T20:51:11Z,59.0,50.0
284,BP PRATA SIRIUS MET. VW 0912 -SKY-,MR,tinta_metalica,2026-09-15T20:47:27Z,53.0,44.5125
284,BP PRATA SIRIUS MET. VW 0912 -SKY-,UN,tinta_metalica,2026-09-10T21:18:15Z,50.0,50.0
284,BP PRATA SIRIUS MET. VW 0912 -SKY-,UN,tinta_metalica,2026-09-15T21:01:42Z,59.0,50.08571428571429
01309,"BRANCO AREIA TINTA EPOXI B/AGUA BRI BASE PM 0,8L RENOVA AZULEJOS CORAL 30YY 58/082 5300",UN,tinta_branca,2026-09-11T12:19:46Z,90.39,90.39
2634,BRANCO NEVE INTERNO BD 15L - TINTAS MIL,KG,tinta_branca,2026-09-14T18:02:35Z,89.9,89.9
10435,BRANCO POL BANCHISA LISA 900ML LAZZUDUR,L,tinta_branca,2026-09-10T17:42:19Z,53.6,53.6
00840,COLORGIN ARTE URBANA BRANCO 400ML 944,400ML,tinta_branca,2026-09-09T17:13:22Z,27.99,27.99
92418151,CORALIT ANT PRETO BR 3 6L,UN,tinta_branca,2026-09-12T11:52:45Z,255.21,255.21
3077,"DELANIL MAD E MET VERDE NILO 750ML -> COD.ONU: 1263 CL.RISCO: 3,0 GR.EMB: III TINTA CONTENDO SOLVENTE ORGANICO.",UN,tinta_metalica,2026-09-15T14:34:11Z,43.9,41.71
7785,DURAMAIS 15 L BRANCO NEVE TINTAS LUX,UN,tinta_branca,2026-09-09T20:46:26Z,156.5,124.29
05776,"EPOXI TINTA BASE AGUA MULTISSUPERFICIES BRANCO ACETINADO 3,6L SUVINIL",GL,tinta_branca,2026-09-11T16:48:35Z,307.7,307.7
05715,"EPOXI TINTA BASE AGUA RENOVA AZULEJOS BRANCO ACETINADO 0,9L CORAL",L,tinta_branca,2026-09-15T20:07:17Z,92.0,82.8
05715,"EPOXI TINTA BASE AGUA RENOVA AZULEJOS BRANCO ACETINADO 0,9L CORAL",L,tinta_branca,2026-09-15T11:27:38Z,82.8,82.8
05716,"EPOXI TINTA BASE AGUA RENOVA AZULEJOS BRANCO BRILHANTE 0,9L CORAL",L,tinta_branca,2026-09-10T16:37:55Z,88.0,79.0
05539,"EPOXI TINTA BASE AGUA RENOVA AZULEJOS BRANCO BRILHANTE 3,6L CORAL",GL,tinta_branca,2026-09-12T12:39:03Z,297.0,267.53
014222,"EPOXI TINTA BASE AGUA RENOVA AZULEJOS BRANCO BRILHANTE 3,6L CORAL",UN,tinta_branca,2026-09-15T13:08:49Z,330.0,330.0
511,"ESM BR GL 3,6L PRETO",UN,tinta_branca,2026-09-09T11:13:00Z,140.0,140.0
5326,ESM EXTRALUX 1/32 BR NEVE - TINTAS LUX,UN,tinta_branca,2026-09-10T19:00:54Z,10.0,10.0
3577,ESM SINT B/AGUA AQUAMAX 900ML BR HIDROT,UN,tinta_branca,2026-09-15T19:58:34Z,50.0,50.0
43164,ESM SINT MAXLIT 750ML BR HIDROTINTAS,UN,tinta_branca,2026-09-14T12:52:39Z,35.0,24.59
5678,ESM SINT MAXLIT 750ML BR HIDROTINTAS,UN,tinta_branca,2026-09-15T09:33:21Z,35.0,35.0
13205,ESM SINT MAXLIT 750ML BR HIDROTINTAS,UN,tinta_branca,2026-09-10T13:47:22Z,35.0,35.0
731,ESM SINT MAXLIT 750ML BR HIDROTINTAS,UN,tinta_branca,2026-09-11T18:30:00Z,45.0,45.0
33686,ESM SINT MAXLIT GL 3L BR HIDROTINTAS,GL,tinta_branca,2026-09-14T12:52:39Z,115.0,80.79
01380,ESMALTE PREMIUM CORALIT ULTRA RESISTENCIA BRANCO BRILHANTE 225ML CORAL,UN,tinta_branca,2026-09-15T19:46:23Z,24.0,19.2
01380,ESMALTE PREMIUM CORALIT ULTRA RESISTENCIA BRANCO BRILHANTE 225ML CORAL,UN,tinta_branca,2026-09-15T14:15:19Z,20.4,20.1
01380,ESMALTE PREMIUM CORALIT ULTRA RESISTENCIA BRANCO BRILHANTE 225ML CORAL,UN,tinta_branca,2026-09-10T19:46:55Z,24.0,21.59
01380,ESMALTE PREMIUM CORALIT ULTRA RESISTENCIA BRANCO BRILHANTE 225ML CORAL,UN,tinta_branca,2026-09-11T13:01:48Z,24.0,21.6
01380,ESMALTE PREMIUM CORALIT ULTRA RESISTENCIA BRANCO BRILHANTE 225ML CORAL,UN,tinta_branca,2026-09-15T13:39:24Z,24.0,21.74
61386,ESMALTE PREMIUM CORALIT ULTRA RESISTENCIA BRANCO BRILHANTE 225ML CORAL,L,tinta_branca,2026-09-14T19:10:20Z,21.99,21.99
01292,"ESMALTE PREMIUM HAMMERITE BRANCO BRILHANTE 0,8L CORAL",UN,tinta_branca,2026-09-09T15:26:38Z,86.24,85.84
01292,"ESMALTE PREMIUM HAMMERITE BRANCO BRILHANTE 0,8L CORAL",UN,tinta_branca,2026-09-10T16:15:42Z,88.2,88.2
01292,"ESMALTE PREMIUM HAMMERITE BRANCO BRILHANTE 0,8L CORAL",UN,tinta_branca,2026-09-09T12:06:29Z,98.0,88.26
62366,"ESMALTE PREMIUM HAMMERITE BRANCO BRILHANTE 0,8L CORAL",L,tinta_branca,2026-09-13T18:33:41Z,96.99,96.99
7891019207916,"ESMALTE PREMIUM HAMMERITE BRANCO BRILHANTE 0,8L CORAL",UN,tinta_branca,2026-09-13T15:58:06Z,113.9,113.9
01307,"ESMALTE PREMIUM HAMMERITE BRANCO BRILHANTE 2,4L CORAL",GL,tinta_branca,2026-09-14T12:21:03Z,249.0,224.01
712,ESMALTE SINTETICO SECAGEM RAPIDA DIALINE 900ML BRANCO NEVE IQUINE,UN,tinta_branca,2026-09-12T16:07:36Z,47.0,47.0
309586,"FUNDO ACR 3,6L DIALINE MULTIU BR IQ",GL,tinta_acrilica,2026-09-13T13:59:18Z,158.99,158.99
309586,"FUNDO ACR 3,6L DIALINE MULTIU BR IQ",GL,tinta_acrilica_branca,2026-09-13T13:59:18Z,158.99,158.99
309586,"FUNDO ACR 3,6L DIALINE MULTIU BR IQ",GL,tinta_branca,2026-09-13T13:59:18Z,158.99,158.99
15214,GALVIBEN ACRILICO DF BRANCO #  # ONU 1263 QUANT.LTDA TINTA 3 II,UN,tinta_acrilica,2026-09-15T12:20:46Z,49.99,49.99
15214,GALVIBEN ACRILICO DF BRANCO #  # ONU 1263 QUANT.LTDA TINTA 3 II,UN,tinta_acrilica_branca,2026-09-15T12:20:46Z,49.99,49.99
15214,GALVIBEN ACRILICO DF BRANCO #  # ONU 1263 QUANT.LTDA TINTA 3 II,UN,tinta_branca,2026-09-15T12:20:46Z,49.99,49.99
362179,HIDROTINTAS BRILHO E COR 15L BR GELO UN,UN,tinta_branca,2026-09-12T11:23:09Z,369.986,221.99
365089,HIDROTINTAS BRILHO E COR 15L BR NEVE UN,UN,tinta_branca,2026-09-11T15:17:52Z,369.9,221.94
366385,HIDROTINTAS DEMAIS 15L BR GELO UN,UN,tinta_branca,2026-09-11T14:34:58Z,99.9,99.9
365080,HIDROTINTAS DEMAIS 15L BR NEVE UN,L,tinta_branca,2026-09-15T22:38:00Z,89.9,89.9
362959,HIDROTINTAS ESM MAXLIT AB 3L BRANCO UN,UN,tinta_branca,2026-09-13T18:47:41Z,94.9,94.9
375428,"HIDROTINTAS ESM SECAMAX 0,75L BR GELO UN",UN,tinta_branca,2026-09-15T19:39:48Z,35.9,35.9
375426,"HIDROTINTAS ESM SECAMAX 0,75L BR NEVE UN",UN,tinta_branca,2026-09-13T19:06:15Z,35.9,35.9
363216,HIDROTINTAS MASSA ACRILICA 20KG BALDE UN,L,tinta_acrilica,2026-09-10T14:56:33Z,119.9,119.9
375276,HIDROTINTAS PISOS E PAREDES 15L BR GELO UN,L,tinta_branca,2026-09-15T19:21:27Z,255.9,255.9
375266,HIDROTINTAS PISOS E PAREDES 3L BR GELO UN,L,tinta_branca,2026-09-09T14:59:41Z,61.9,61.9
377221,HIDROTINTAS SELADAO ACRIL PIGMENTADO 15L UN,L,tinta_acrilica,2026-09-12T14:44:52Z,102.9,102.9
373776,"HIPERCOR ACR 3,6L BRANCO GELO UN",UN,tinta_acrilica,2026-09-11T21:36:20Z,36.9,36.9
373776,"HIPERCOR ACR 3,6L BRANCO GELO UN",UN,tinta_acrilica_branca,2026-09-11T21:36:20Z,36.9,36.9
373776,"HIPERCOR ACR 3,6L BRANCO GELO UN",UN,tinta_branca,2026-09-11T21:36:20Z,36.9,36.9
645,HPISO ACRILICO PREMIUM VERDE 15L,UN,tinta_acrilica,2026-09-15T19:45:23Z,220.0,220.0
360964,"IQUINE DIAPISO 0,9L BRANCO UN",UN,tinta_branca,2026-09-13T12:48:10Z,34.9,34.9
40249,"IQUINE GALVOMAX 0,9L BRANCO FOSCO UN",1/,tinta_branca,2026-09-11T15:46:04Z,79.9,79.9
13830,"IQUINE GALVOMAX 0,9L BRANCO FOSCO UN",UN,tinta_branca,2026-09-10T19:12:33Z,79.99,79.99
205461,IQUINE SELA E PINTA BRANCO NEVE 18L,UN,tinta_branca,2026-09-10T14:47:45Z,413.0,350.0
364418,"IQUINE SUPER LAVAVEL SB 3,6L BR NEVE UN",L,tinta_branca,2026-09-13T13:50:04Z,187.1,187.1
996,KIT BRANCO CRISTAL II PU VW SKYLACK 900ML,PC,tinta_branca,2026-09-09T20:30:05Z,83.0,69.81
219,KIT BRANCO GEADA PU SKYLACK,UN,tinta_branca,2026-09-11T20:44:29Z,77.0,65.42
211760,KIT BRANCO GEADA PU SKYLACK,UN,tinta_branca,2026-09-15T17:08:02Z,83.0,70.23
1465,KIT BRANCO PURO PU SKYLACK,UN,tinta_branca,2026-09-15T20:14:53Z,77.0,65.08
1465,KIT BRANCO PURO PU SKYLACK,UN,tinta_branca,2026-09-15T14:52:01Z,77.0,65.35
1853,KIT BRANCO PURO PU SKYLACK,MR,tinta_branca,2026-09-12T16:04:51Z,83.0,74.35666666666667
3129,LAZZUDUR BRANCO SUMMIT LISA - WA8624 900ML,UN,tinta_branca,2026-09-10T13:39:27Z,62.99,62.99
3153,LAZZUDUR PU BRANCO PURO II,UN,tinta_branca,2026-09-15T17:17:05Z,54.99,51.145
07562,LAZZUDUR PU BRANCO PURO II,L,tinta_branca,2026-09-10T17:32:41Z,55.2,55.2
07562,LAZZUDUR PU BRANCO PURO II,L,tinta_branca,2026-09-14T17:27:03Z,69.0,62.1
07562,LAZZUDUR PU BRANCO PURO II,L,tinta_branca,2026-09-11T13:25:51Z,69.0,65.36
1577,LUCRILAR TINTA BRANCO GELO INT 18KG,UN,tinta_branca,2026-09-15T17:22:36Z,80.0,80.0
1576,LUCRILAR TINTA BRANCO NEV INT 18KG,UN,tinta_branca,2026-09-11T16:05:41Z,80.0,76.1
5562,MASSA ACRILICA 20 KG TINTAS LUX,UN,tinta_acrilica,2026-09-12T20:27:20Z,140.0,140.0
33553,MASSA ACRILICA 20KG HIDROTINTAS,BD,tinta_acrilica,2026-09-10T13:57:42Z,110.0,110.0
7537,MASSA ACRILICA 20KG HIDROTINTAS,BD,tinta_acrilica,2026-09-15T19:42:31Z,145.0,145.0
364,MASSA ACRILICA 4KG - TINTAS LUX,UN,tinta_acrilica,2026-09-12T16:02:57Z,40.0,40.0
464,MASSA ACRILICA 5 5 KG HIDROTINTAS,GL,tinta_acrilica,2026-09-12T15:24:30Z,60.0,60.0
03150,"MATA TROPICAL ACR ACE BASE T 3,2L DECORA SEDA CORAL 08GY 26/190",GL,tinta_acrilica,2026-09-09T15:11:01Z,237.65,237.65
06203,"MATA TROPICAL ACR ACE BASE T 3,2L DECORA SEDA CORAL 08GY 26/190",GL,tinta_acrilica,2026-09-10T16:14:36Z,312.8174,254.02
06203,"MATA TROPICAL ACR ACE BASE T 3,2L DECORA SEDA CORAL 08GY 26/190",GL,tinta_acrilica,2026-09-12T13:40:59Z,285.7566,257.15
1379,MAZA ESMALTE SINTETICO BRANCO 900ML,UN,tinta_branca,2026-09-10T18:46:51Z,35.0,33.63
010472,MAZA ESMALTE SINTETICO BRANCO 900ML,UN,tinta_branca,2026-09-15T21:21:44Z,49.9,49.9
209854,MAZA PISO PREMIUM BRANCO 18L,UN,tinta_branca,2026-09-10T20:58:08Z,295.0,250.0
9459,"NACOR TINTA AC ECONOMICA - BL 15,0 LTS COR 000010-BRANCO LOT",BL,tinta_branca,2026-09-15T20:42:48Z,125.0,125.0
8301.000010.9,"NACOR TINTA ACRILICA ECONOMICA-BL 15,0 L COR 000010-BRANCO LOTE 95134292",Peca,tinta_acrilica,2026-09-09T19:10:24Z,119.0,119.0
8301.000010.9,"NACOR TINTA ACRILICA ECONOMICA-BL 15,0 L COR 000010-BRANCO LOTE 95134292",Peca,tinta_acrilica_branca,2026-09-09T19:10:24Z,119.0,119.0
8301.000010.9,"NACOR TINTA ACRILICA ECONOMICA-BL 15,0 L COR 000010-BRANCO LOTE 95134292",Peca,tinta_branca,2026-09-09T19:10:24Z,119.0,119.0
8301.000005.0,"NACOR TINTA ACRILICA ECONOMICA-GA 3,6 LT COR 000005-AREIA LOTE 95120014",Peca,tinta_acrilica,2026-09-09T10:38:05Z,39.0,39.0
8301.000018.0,"NACOR TINTA ACRILICA ECONOMICA-GA 3,6 LT COR 000018-GELO LOTE 95119921",Peca,tinta_acrilica,2026-09-12T13:30:26Z,38.0,38.0
5569,"NACOR TINTA ACRILICA ECONOMICA-GA 3,6 LT COR 000018-GELO LOTE 95119921",UN,tinta_acrilica,2026-09-12T11:14:50Z,44.99,44.99
7899173408804,NACOR TINTA ACRILICA STANDARD-BL 15LT GELO IBRATIN IBRATIN,BL,tinta_acrilica,2026-09-14T13:51:16Z,215.0,215.0
05955,"NINHO DO PASSARO ACR FOSCO BASE T 3,2L SOL E CHUVA TOTAL CORAL 90YR 10/151 4908",GL,tinta_acrilica,2026-09-11T17:11:07Z,297.75,297.75
3278,NUANCE TINTAS BRANCO NEVE REALCOR 15L,UN,tinta_branca,2026-09-11T20:25:33Z,89.0,75.72
52355,ORBI TINTA SPRAY U.G BRANCO,UN,tinta_branca,2026-09-15T18:43:57Z,11.99,11.98
52355,ORBI TINTA SPRAY U.G BRANCO,UN,tinta_spray,2026-09-15T18:43:57Z,11.99,11.98
5646,ORBISPRAY TINTA SPRA,UN,tinta_spray,2026-09-14T14:22:23Z,24.0,23.46
872,PRIMER UNIVERSAL BRANCO # # ONU 1263 QUANT.LTDA TINTA 3 II,UN,tinta_branca,2026-09-15T16:38:10Z,40.0,40.0
3502,PU BRANCO ARTICO. FORD - SKY,MR,tinta_branca,2026-09-10T14:37:13Z,83.0,69.08
1005,PU BRANCO ARTICO. FORD - SKY,PC,tinta_branca,2026-09-12T15:58:17Z,89.0,75.56666666666666
392930-1,REMOVEDOR DE TINTAS ACRILICA 400ML CHEMICOLOR,PC,tinta_acrilica,2026-09-11T17:38:27Z,34.99,34.99
002844,REMOVEDOR DE TINTAS ACRILICA 400ML CHEMICOLOR,UN,tinta_acrilica,2026-09-09T19:06:31Z,35.0,35.0
7898436143032,REMOVEDOR DE TINTAS ACRILICA 400ML CHEMICOLOR,UN,tinta_acrilica,2026-09-13T15:06:19Z,39.9,38.15
898539,REMOVEDOR DE TINTAS ACRILICA 400ML CHEMICOLOR,SP,tinta_acrilica,2026-09-09T21:59:20Z,44.99,44.99
31054,REMOVEDOR DE TINTAS SPRAY 340ML 220G ORB,UN,tinta_spray,2026-09-14T14:44:59Z,19.99,19.99
2793,SELADOR ACRILICO BD 15L - TINTAS MIL,KG,tinta_acrilica,2026-09-09T20:02:21Z,99.9,94.9
1887,SPRAY 350ML ALTA TEMPERATURA ALUMINIO TEKBOND,UN,tinta_metalica,2026-09-15T21:01:22Z,24.0,20.0
33717,SPRAY 350ML ALTA TEMPERATURA ALUMINIO TEKBOND,UN,tinta_metalica,2026-09-10T13:30:48Z,21.96,20.86
D220488,SPRAY 350ML ALTA TEMPERATURA ALUMINIO TEKBOND,PC,tinta_metalica,2026-09-15T12:25:35Z,24.22,24.22
32046,SPRAY 350ML ALTA TEMPERATURA ALUMINIO TEKBOND,UN,tinta_metalica,2026-09-14T17:30:04Z,30.9,30.9
32046,SPRAY 350ML ALTA TEMPERATURA ALUMINIO TEKBOND,UN,tinta_metalica,2026-09-12T14:41:00Z,30.9,30.9
1887,SPRAY 350ML ALTA TEMPERATURA ALUMINIO TEKBOND,UN,tinta_spray,2026-09-15T21:01:22Z,24.0,20.0
33717,SPRAY 350ML ALTA TEMPERATURA ALUMINIO TEKBOND,UN,tinta_spray,2026-09-10T13:30:48Z,21.96,20.86
D220488,SPRAY 350ML ALTA TEMPERATURA ALUMINIO TEKBOND,PC,tinta_spray,2026-09-15T12:25:35Z,24.22,24.22
32046,SPRAY 350ML ALTA TEMPERATURA ALUMINIO TEKBOND,UN,tinta_spray,2026-09-14T17:30:04Z,30.9,30.9
32046,SPRAY 350ML ALTA TEMPERATURA ALUMINIO TEKBOND,UN,tinta_spray,2026-09-12T14:41:00Z,30.9,30.9
CFOP5102,SPRAY 350ML BEGE TEKBOND,UN,tinta_spray,2026-09-14T17:52:48Z,18.0,12.46
CFOP5102,SPRAY 350ML BEGE TEKBOND,UN,tinta_spray,2026-09-15T19:38:13Z,25.0,16.9
CFOP5102,SPRAY 350ML BEGE TEKBOND,UN,tinta_spray,2026-09-11T13:51:48Z,18.0,18.0
32307,SPRAY 350ML BEGE TEKBOND,UN,tinta_spray,2026-09-14T22:08:54Z,19.9,19.9
CFOP5102,SPRAY 350ML BEGE TEKBOND,UN,tinta_spray,2026-09-10T13:32:11Z,25.0,25.0
4238,SPRAY ALT TEMP 350ML CHEMICOLOR BRANCO FSC,UN,tinta_branca,2026-09-10T20:04:14Z,22.0,22.0
011789,SPRAY ALT TEMP 350ML CHEMICOLOR BRANCO FSC,UN,tinta_branca,2026-09-11T10:06:47Z,25.0,22.0
10343,SPRAY ALT TEMP 350ML CHEMICOLOR BRANCO FSC,UN,tinta_branca,2026-09-12T13:27:36Z,29.0,26.1
355164,SPRAY ALT TEMP 350ML CHEMICOLOR BRANCO FSC,L,tinta_branca,2026-09-13T13:50:23Z,26.9,26.9
7898436146149,SPRAY ALT TEMP 350ML CHEMICOLOR BRANCO FSC,UN,tinta_branca,2026-09-15T13:58:47Z,29.15,27.25
1306,SPRAY ALT TEMP 350ML CHEMICOLOR BRANCO FSC,UN,tinta_branca,2026-09-13T15:38:44Z,28.0,28.0
7898436146149,SPRAY ALT TEMP 350ML CHEMICOLOR BRANCO FSC,UN,tinta_branca,2026-09-10T16:53:12Z,30.0,29.1
4238,SPRAY ALT TEMP 350ML CHEMICOLOR BRANCO FSC,UN,tinta_spray,2026-09-10T20:04:14Z,22.0,22.0
011789,SPRAY ALT TEMP 350ML CHEMICOLOR BRANCO FSC,UN,tinta_spray,2026-09-11T10:06:47Z,25.0,22.0
10343,SPRAY ALT TEMP 350ML CHEMICOLOR BRANCO FSC,UN,tinta_spray,2026-09-12T13:27:36Z,29.0,26.1
355164,SPRAY ALT TEMP 350ML CHEMICOLOR BRANCO FSC,L,tinta_spray,2026-09-13T13:50:23Z,26.9,26.9
7898436146149,SPRAY ALT TEMP 350ML CHEMICOLOR BRANCO FSC,UN,tinta_spray,2026-09-15T13:58:47Z,29.15,27.25
1306,SPRAY ALT TEMP 350ML CHEMICOLOR BRANCO FSC,UN,tinta_spray,2026-09-13T15:38:44Z,28.0,28.0
7898436146149,SPRAY ALT TEMP 350ML CHEMICOLOR BRANCO FSC,UN,tinta_spray,2026-09-10T16:53:12Z,30.0,29.1
10560,SPRAY ALTA TEMP PRETO FOSCO 350ML TEKBOND,UN,tinta_spray,2026-09-12T15:48:16Z,28.0,28.0
12643,SPRAY ALTA TEMP PRETO FOSCO 350ML TEKBOND,UN,tinta_spray,2026-09-10T20:58:59Z,28.0,28.0
07898543382348,SPRAY ALTA TEMP PRETO FOSCO 350ML TEKBOND,UN,tinta_spray,2026-09-14T13:09:43Z,32.0,28.8
2741,SPRAY ALTA TEMP PRETO FOSCO 350ML TEKBOND,UN,tinta_spray,2026-09-11T17:02:44Z,31.99,31.99
1065,SPRAY ALTA TEMP PRETO FOSCO 350ML TEKBOND,UN,tinta_spray,2026-09-14T17:19:07Z,38.05,35.0
18860,SPRAY ALTA TEMP PRETO FOSCO 350ML TEKBOND,UN,tinta_spray,2026-09-12T14:08:23Z,38.0,38.0
30641,SPRAY ALTA TEMP PRETO FOSCO 350ML TEKBOND,UN,tinta_spray,2026-09-15T15:43:41Z,39.99,39.99
14412,SPRAY ALUMINIO ORBI-QUIMICA,UN,tinta_metalica,2026-09-10T16:36:23Z,15.0,13.8
58424,SPRAY ALUMINIO ORBI-QUIMICA,UN,tinta_metalica,2026-09-10T20:43:18Z,19.99,19.99
14412,SPRAY ALUMINIO ORBI-QUIMICA,UN,tinta_spray,2026-09-10T16:36:23Z,15.0,13.8
58424,SPRAY ALUMINIO ORBI-QUIMICA,UN,tinta_spray,2026-09-10T20:43:18Z,19.99,19.99
601,SPRAY BRANCO BRILHANTE - MAZA,MR,tinta_branca,2026-09-11T21:11:43Z,21.3,17.67
08320,SPRAY BRANCO BRILHANTE - MAZA,UN,tinta_branca,2026-09-14T21:06:06Z,30.6,30.6
08320,SPRAY BRANCO BRILHANTE - MAZA,UN,tinta_branca,2026-09-11T19:12:23Z,36.0,32.0
601,SPRAY BRANCO BRILHANTE - MAZA,MR,tinta_spray,2026-09-11T21:11:43Z,21.3,17.67
08320,SPRAY BRANCO BRILHANTE - MAZA,UN,tinta_spray,2026-09-14T21:06:06Z,30.6,30.6
08320,SPRAY BRANCO BRILHANTE - MAZA,UN,tinta_spray,2026-09-11T19:12:23Z,36.0,32.0
07039,SPRAY CGIN METALLIK DOURADO (57) 350ML COLORGIN,UN,tinta_metalica,2026-09-15T14:15:48Z,47.52,47.52
07039,SPRAY CGIN METALLIK DOURADO (57) 350ML COLORGIN,UN,tinta_spray,2026-09-15T14:15:48Z,47.52,47.52
10815,SPRAY CGIN PLASTICO BRANCO FOSCO (1520) 350ML COLORGIN,UN,tinta_branca,2026-09-11T14:02:28Z,71.1,71.1
10815,SPRAY CGIN PLASTICO BRANCO FOSCO (1520) 350ML COLORGIN,UN,tinta_spray,2026-09-11T14:02:28Z,71.1,71.1
10814,SPRAY CGIN PLASTICO PRETO FOSCO (1511) 350ML COLORGIN,UN,tinta_spray,2026-09-09T14:44:22Z,79.0,70.0
10382,SPRAY CHEMICOLOR METALICA BRONZE 400ML,UN,tinta_metalica,2026-09-15T13:15:29Z,22.4,22.4
10382,SPRAY CHEMICOLOR METALICA BRONZE 400ML,UN,tinta_metalica,2026-09-14T11:59:06Z,28.0,25.0
7898436142615,SPRAY CHEMICOLOR METALICA BRONZE 400ML,UN,tinta_metalica,2026-09-11T18:25:23Z,43.9,43.9
10382,SPRAY CHEMICOLOR METALICA BRONZE 400ML,UN,tinta_spray,2026-09-15T13:15:29Z,22.4,22.4
10382,SPRAY CHEMICOLOR METALICA BRONZE 400ML,UN,tinta_spray,2026-09-14T11:59:06Z,28.0,25.0
7898436142615,SPRAY CHEMICOLOR METALICA BRONZE 400ML,UN,tinta_spray,2026-09-11T18:25:23Z,43.9,43.9
10349,SPRAY CHEMICOLOR USO GERAL ALUMINIO PARA RODAS 400ML,UN,tinta_metalica,2026-09-14T15:34:08Z,19.2,19.2
355180,SPRAY CHEMICOLOR USO GERAL ALUMINIO PARA RODAS 400ML,L,tinta_metalica,2026-09-10T22:46:42Z,20.9,20.9
2479,SPRAY CHEMICOLOR USO GERAL ALUMINIO PARA RODAS 400ML,PT,tinta_metalica,2026-09-12T16:47:46Z,24.44,21.33
392924-1,SPRAY CHEMICOLOR USO GERAL ALUMINIO PARA RODAS 400ML,PC,tinta_metalica,2026-09-13T00:47:22Z,24.99,24.99
898515,SPRAY CHEMICOLOR USO GERAL ALUMINIO PARA RODAS 400ML,SP,tinta_metalica,2026-09-12T14:08:12Z,24.99,24.99
002817,SPRAY CHEMICOLOR USO GERAL ALUMINIO PARA RODAS 400ML,UN,tinta_metalica,2026-09-10T17:21:59Z,25.0,25.0
10349,SPRAY CHEMICOLOR USO GERAL ALUMINIO PARA RODAS 400ML,UN,tinta_spray,2026-09-14T15:34:08Z,19.2,19.2
355180,SPRAY CHEMICOLOR USO GERAL ALUMINIO PARA RODAS 400ML,L,tinta_spray,2026-09-10T22:46:42Z,20.9,20.9
2479,SPRAY CHEMICOLOR USO GERAL ALUMINIO PARA RODAS 400ML,PT,tinta_spray,2026-09-12T16:47:46Z,24.44,21.33
392924-1,SPRAY CHEMICOLOR USO GERAL ALUMINIO PARA RODAS 400ML,PC,tinta_spray,2026-09-13T00:47:22Z,24.99,24.99
898515,SPRAY CHEMICOLOR USO GERAL ALUMINIO PARA RODAS 400ML,SP,tinta_spray,2026-09-12T14:08:12Z,24.99,24.99
002817,SPRAY CHEMICOLOR USO GERAL ALUMINIO PARA RODAS 400ML,UN,tinta_spray,2026-09-10T17:21:59Z,25.0,25.0
10355,SPRAY CHEMICOLOR USO GERAL CINZA ESCURO 400ML,UN,tinta_spray,2026-09-10T12:04:36Z,22.0,17.6
10355,SPRAY CHEMICOLOR USO GERAL CINZA ESCURO 400ML,UN,tinta_spray,2026-09-11T14:58:14Z,22.0,19.8
355957,SPRAY CHEMICOLOR USO GERAL CINZA ESCURO 400ML,L,tinta_spray,2026-09-15T19:36:40Z,20.9,20.9
898523,SPRAY CHEMICOLOR USO GERAL CINZA ESCURO 400ML,SP,tinta_spray,2026-09-13T16:33:21Z,24.99,24.99
7898436146132,SPRAY CHEMICOLOR USO GERAL CINZA ESCURO 400ML,UN,tinta_spray,2026-09-11T20:48:50Z,25.9,25.9
7898436146132,SPRAY CHEMICOLOR USO GERAL CINZA ESCURO 400ML,UN,tinta_spray,2026-09-14T19:20:42Z,25.9,25.9
10363,SPRAY CHEMICOLOR USO GERAL VERDE ESCURO 400ML,UN,tinta_spray,2026-09-12T15:06:09Z,22.0,19.786666666666665
10363,SPRAY CHEMICOLOR USO GERAL VERDE ESCURO 400ML,UN,tinta_spray,2026-09-09T18:44:06Z,19.8,19.8
10369,SPRAY CHEMICOLOR VERNIZ USO GERAL INCOLOR BRILHANTE 400ML,UN,tinta_spray,2026-09-10T19:59:12Z,19.2,19.2
10369,SPRAY CHEMICOLOR VERNIZ USO GERAL INCOLOR BRILHANTE 400ML,UN,tinta_spray,2026-09-11T14:28:29Z,24.0,20.0
9716,SPRAY CHEMICOLOR VERNIZ USO GERAL INCOLOR BRILHANTE 400ML,UN,tinta_spray,2026-09-09T15:59:02Z,20.0,20.0
10369,SPRAY CHEMICOLOR VERNIZ USO GERAL INCOLOR BRILHANTE 400ML,UN,tinta_spray,2026-09-11T16:33:30Z,21.6,21.59
16974,SPRAY PRATA ORBI-QUIMICA,UN,tinta_metalica,2026-09-10T19:24:24Z,10.03,9.59
16974,SPRAY PRATA ORBI-QUIMICA,UN,tinta_spray,2026-09-10T19:24:24Z,10.03,9.59
16014,SPRAY PRETO FOSCO ORBI-QUIMICA,UN,tinta_spray,2026-09-15T12:51:55Z,11.19,10.666666666666666
31756,SPRAY PRETO FOSCO ORBI-QUIMICA,UN,tinta_spray,2026-09-11T18:15:22Z,22.22,20.0
5093,SPRAY TEKBOND U.G PRETO BRIL 350ML,UN,tinta_spray,2026-09-15T14:42:04Z,16.0,16.0
D220480,SPRAY TEKBOND U.G PRETO BRIL 350ML,PC,tinta_spray,2026-09-10T11:27:51Z,16.8,16.8
32246,SPRAY TEKBOND U.G PRETO BRIL 350ML,UN,tinta_spray,2026-09-09T13:16:02Z,18.18,17.25
1350,SPRAY TEKBOND U.G PRETO BRIL 350ML,UN,tinta_spray,2026-09-10T20:20:53Z,17.99,17.99
23699,SPRAY TEKBOND U.G PRETO BRIL 350ML,UN,tinta_spray,2026-09-10T19:12:55Z,18.0,18.0
32362,SPRAY TEKBOND U.G PRETO BRIL 350ML,UN,tinta_spray,2026-09-11T19:34:29Z,19.9,19.9
32362,SPRAY TEKBOND U.G PRETO BRIL 350ML,UN,tinta_spray,2026-09-11T14:09:33Z,19.9,19.9
32362,SPRAY TEKBOND U.G PRETO BRIL 350ML,UN,tinta_spray,2026-09-15T22:16:19Z,19.9,19.9
490636,SPRAY TEKBOND U.G PRETO BRIL 350ML,UN,tinta_spray,2026-09-09T22:21:26Z,19.99,19.99
003444,SPRAY TEKBOND U.G PRETO BRIL 350ML,UN,tinta_spray,2026-09-12T12:59:45Z,20.0,20.0
07898543380924,SPRAY TEKBOND U.G PRETO BRIL 350ML,UN,tinta_spray,2026-09-15T17:25:50Z,23.0,21.85
728,SPRAY TEKBOND U.G PRETO BRIL 350ML,UN,tinta_spray,2026-09-13T15:50:26Z,22.0,22.0
4989,SPRAY TEKBOND U.G PRETO BRIL 350ML,UN,tinta_spray,2026-09-11T18:02:04Z,23.72,22.53
7048,SPRAY TEKBOND U.G PRETO BRIL 350ML,PC,tinta_spray,2026-09-15T19:25:26Z,25.0,23.75
23046,SPRAY TEKBOND U.G PRETO BRIL 350ML,UN,tinta_spray,2026-09-15T11:35:00Z,24.35,24.35
18870,SPRAY TEKBOND U.G PRETO BRIL 350ML,UN,tinta_spray,2026-09-14T16:12:01Z,24.5,24.5
5094,SPRAY TEKBOND U.G PRETO FSC 350ML,UN,tinta_spray,2026-09-12T10:52:11Z,16.0,16.0
D220481,SPRAY TEKBOND U.G PRETO FSC 350ML,PC,tinta_spray,2026-09-09T20:36:10Z,17.87,17.87
07898543380917,SPRAY TEKBOND U.G PRETO FSC 350ML,UN,tinta_spray,2026-09-15T19:17:56Z,23.0,19.872
32371,SPRAY TEKBOND U.G PRETO FSC 350ML,UN,tinta_spray,2026-09-15T18:13:16Z,19.9,19.9
32371,SPRAY TEKBOND U.G PRETO FSC 350ML,UN,tinta_spray,2026-09-14T14:16:04Z,19.9,19.9
32371,SPRAY TEKBOND U.G PRETO FSC 350ML,UN,tinta_spray,2026-09-12T18:08:20Z,19.9,19.9
32371,SPRAY TEKBOND U.G PRETO FSC 350ML,UN,tinta_spray,2026-09-14T19:36:08Z,19.9,19.9
490644,SPRAY TEKBOND U.G PRETO FSC 350ML,UN,tinta_spray,2026-09-09T23:06:42Z,19.99,19.99
003915,SPRAY TEKBOND U.G PRETO FSC 350ML,UN,tinta_spray,2026-09-10T15:10:53Z,25.0,20.0
2742,SPRAY TEKBOND U.G PRETO FSC 350ML,UN,tinta_spray,2026-09-11T13:42:22Z,20.99,20.99
7898543380917,SPRAY TEKBOND U.G PRETO FSC 350ML,UN,tinta_spray,2026-09-14T15:52:13Z,21.0,21.0
3659,SPRAY TEKBOND U.G PRETO FSC 350ML,UN,tinta_spray,2026-09-15T20:28:36Z,22.0,22.0
7898543380917,SPRAY TEKBOND U.G PRETO FSC 350ML,UN,tinta_spray,2026-09-14T19:33:25Z,24.0,22.12
2687,SPRAY TEKBOND U.G PRETO FSC 350ML,UN,tinta_spray,2026-09-09T14:38:30Z,24.0,22.78
449,SPRAY TEKBOND U.G PRETO FSC 350ML,KIT,tinta_spray,2026-09-14T12:09:29Z,23.0,23.0
18866,SPRAY TEKBOND U.G PRETO FSC 350ML,UN,tinta_spray,2026-09-15T18:53:36Z,24.5,23.34
4992,SPRAY TEKBOND U.G PRETO FSC 350ML,UN,tinta_spray,2026-09-09T15:03:59Z,23.72,23.72
7898543380917,SPRAY TEKBOND U.G PRETO FSC 350ML,UN,tinta_spray,2026-09-14T19:14:25Z,25.0,25.0
3639541,SPRAY TEKBOND U.G PRETO FSC 350ML,UN,tinta_spray,2026-09-10T11:43:00Z,39.9,39.9
2682,SPRAY TINTAS LUX U GERAL BR BRILH 400ML,UN,tinta_branca,2026-09-10T18:37:13Z,16.0,16.0
2682,SPRAY TINTAS LUX U GERAL BR BRILH 400ML,UN,tinta_branca,2026-09-11T15:19:47Z,130.0,130.0
2682,SPRAY TINTAS LUX U GERAL BR BRILH 400ML,UN,tinta_spray,2026-09-10T18:37:13Z,16.0,16.0
2682,SPRAY TINTAS LUX U GERAL BR BRILH 400ML,UN,tinta_spray,2026-09-11T15:19:47Z,130.0,130.0
3128,SPRAY TINTAS LUX U GERAL CZ PRIMER 400ML,UN,tinta_spray,2026-09-09T15:30:58Z,16.0,15.0
3525,SPRAY U.G 400ML CHEMICOLOR MARROM,UN,tinta_spray,2026-09-09T15:49:20Z,18.0,18.0
002813,SPRAY U.G 400ML CHEMICOLOR MARROM,UN,tinta_spray,2026-09-12T17:43:01Z,18.0,18.0
17307,SPRAY U.G 400ML CHEMICOLOR MARROM,UN,tinta_spray,2026-09-09T17:10:27Z,21.5,19.65
10359,SPRAY U.G 400ML CHEMICOLOR MARROM,UN,tinta_spray,2026-09-10T15:15:08Z,22.0,19.79
10359,SPRAY U.G 400ML CHEMICOLOR MARROM,UN,tinta_spray,2026-09-14T18:43:28Z,22.0,19.8
355191,SPRAY U.G 400ML CHEMICOLOR MARROM,L,tinta_spray,2026-09-14T20:09:01Z,20.9,20.9
7898436141571,SPRAY U.G 400ML CHEMICOLOR MARROM,UN,tinta_spray,2026-09-14T13:31:51Z,25.9,25.9
920,SPRAY U.G 400ML CHEMICOLOR VERMELHO,UN,tinta_spray,2026-09-11T19:55:42Z,18.0,18.0
002808,SPRAY U.G 400ML CHEMICOLOR VERMELHO,UN,tinta_spray,2026-09-15T16:46:41Z,18.0,18.0
823714,SPRAY U.G 400ML CHEMICOLOR VERMELHO,SP,tinta_spray,2026-09-09T16:26:48Z,20.0,18.41
10366,SPRAY U.G 400ML CHEMICOLOR VERMELHO,UN,tinta_spray,2026-09-12T13:25:38Z,22.0,19.8
10366,SPRAY U.G 400ML CHEMICOLOR VERMELHO,UN,tinta_spray,2026-09-15T13:12:37Z,22.0,19.8
10366,SPRAY U.G 400ML CHEMICOLOR VERMELHO,UN,tinta_spray,2026-09-14T12:34:32Z,19.8,19.8
355197,SPRAY U.G 400ML CHEMICOLOR VERMELHO,L,tinta_spray,2026-09-13T14:22:57Z,20.9,20.9
3633,TEXTURA ACRIL 25KG BCO CORAL OK,UN,tinta_acrilica,2026-09-09T18:05:20Z,169.9,169.9
613,TEXTURA ACRILICA BRANCO 6 KG CORAL,UN,tinta_acrilica,2026-09-09T17:57:25Z,45.0,45.0
613,TEXTURA ACRILICA BRANCO 6 KG CORAL,UN,tinta_acrilica_branca,2026-09-09T17:57:25Z,45.0,45.0
613,TEXTURA ACRILICA BRANCO 6 KG CORAL,UN,tinta_branca,2026-09-09T17:57:25Z,45.0,45.0
2221,TEXTURA LISA BRANCO NEVE NUANCE TINTAS 20KG,UN,tinta_branca,2026-09-11T20:49:38Z,154.0,130.0
49834,TINTA  ACR.PINT.BR.NEVE FOSCO 15L IQUINE,UN,tinta_acrilica,2026-09-10T16:32:29Z,119.99,119.99
49834,TINTA  ACR.PINT.BR.NEVE FOSCO 15L IQUINE,UN,tinta_acrilica_branca,2026-09-10T16:32:29Z,119.99,119.99
49834,TINTA  ACR.PINT.BR.NEVE FOSCO 15L IQUINE,UN,tinta_branca,2026-09-10T16:32:29Z,119.99,119.99
891879,"TINTA ACR 3,6L CORALAR +EC BR CORAL GL0001GL",GP,tinta_acrilica,2026-09-13T13:21:07Z,54.99,54.99
891879,"TINTA ACR 3,6L CORALAR +EC BR CORAL GL0001GL",GP,tinta_acrilica_branca,2026-09-13T13:21:07Z,54.99,54.99
891879,"TINTA ACR 3,6L CORALAR +EC BR CORAL GL0001GL",GP,tinta_branca,2026-09-13T13:21:07Z,54.99,54.99
7891260559062,TINTA ACR AC 16L BASE A2 TOQUE SEDA SUVINIL,UN,tinta_acrilica,2026-09-15T19:27:29Z,733.92,663.39
7891260559031,TINTA ACR AC 18L BR NEVE TOQUE SEDA SUVINIL,UN,tinta_acrilica,2026-09-10T21:32:30Z,699.9,699.9
7891260559031,TINTA ACR AC 18L BR NEVE TOQUE SEDA SUVINIL,UN,tinta_acrilica_branca,2026-09-10T21:32:30Z,699.9,699.9
7891260559031,TINTA ACR AC 18L BR NEVE TOQUE SEDA SUVINIL,UN,tinta_branca,2026-09-10T21:32:30Z,699.9,699.9
7891260559079,"TINTA ACR AC 3,2L BASE A2 TOQUE SEDA SUVINIL",UN,tinta_acrilica,2026-09-13T20:27:21Z,227.18,227.18
7891019177073,"TINTA ACR AC 3,2L BASE P DECORA SEDA CORAL",GL,tinta_acrilica,2026-09-15T13:43:46Z,232.65,232.65
7891019177073,"TINTA ACR AC 3,2L BASE P DECORA SEDA CORAL",GL,tinta_acrilica,2026-09-13T21:22:37Z,236.25,236.25
7891019177103,"TINTA ACR AC 3,2L BASE T DECORA SEDA CORAL",GL,tinta_acrilica,2026-09-12T20:38:18Z,193.9,193.9
7891019177158,"TINTA ACR AC 3,6L BR NEVE DECORA SEDA CORAL",GL,tinta_acrilica,2026-09-13T20:43:35Z,199.9,199.9
7891019177158,"TINTA ACR AC 3,6L BR NEVE DECORA SEDA CORAL",GL,tinta_acrilica,2026-09-11T16:15:48Z,199.9,199.9
7891019177158,"TINTA ACR AC 3,6L BR NEVE DECORA SEDA CORAL",UN,tinta_acrilica,2026-09-15T12:17:12Z,244.57,244.57
7891019177158,"TINTA ACR AC 3,6L BR NEVE DECORA SEDA CORAL",GL,tinta_acrilica_branca,2026-09-13T20:43:35Z,199.9,199.9
7891019177158,"TINTA ACR AC 3,6L BR NEVE DECORA SEDA CORAL",GL,tinta_acrilica_branca,2026-09-11T16:15:48Z,199.9,199.9
7891019177158,"TINTA ACR AC 3,6L BR NEVE DECORA SEDA CORAL",UN,tinta_acrilica_branca,2026-09-15T12:17:12Z,244.57,244.57
7891019177158,"TINTA ACR AC 3,6L BR NEVE DECORA SEDA CORAL",GL,tinta_branca,2026-09-13T20:43:35Z,199.9,199.9
7891019177158,"TINTA ACR AC 3,6L BR NEVE DECORA SEDA CORAL",GL,tinta_branca,2026-09-11T16:15:48Z,199.9,199.9
7891019177158,"TINTA ACR AC 3,6L BR NEVE DECORA SEDA CORAL",UN,tinta_branca,2026-09-15T12:17:12Z,244.57,244.57
894468,"TINTA ACR AC 3,6L DECORA SEDA BR CORAL GL0001GL",GL,tinta_acrilica,2026-09-10T11:10:53Z,189.99,189.98
06306,"TINTA ACR AC 3,6L DECORA SEDA BR CORAL GL0001GL",GL,tinta_acrilica,2026-09-14T19:44:31Z,208.8,208.8
07086,"TINTA ACR AC 3,6L DECORA SEDA BR CORAL GL0001GL",GL,tinta_acrilica,2026-09-11T17:18:16Z,234.01,234.01
894468,"TINTA ACR AC 3,6L DECORA SEDA BR CORAL GL0001GL",GL,tinta_acrilica_branca,2026-09-10T11:10:53Z,189.99,189.98
06306,"TINTA ACR AC 3,6L DECORA SEDA BR CORAL GL0001GL",GL,tinta_acrilica_branca,2026-09-14T19:44:31Z,208.8,208.8
07086,"TINTA ACR AC 3,6L DECORA SEDA BR CORAL GL0001GL",GL,tinta_acrilica_branca,2026-09-11T17:18:16Z,234.01,234.01
894468,"TINTA ACR AC 3,6L DECORA SEDA BR CORAL GL0001GL",GL,tinta_branca,2026-09-10T11:10:53Z,189.99,189.98
06306,"TINTA ACR AC 3,6L DECORA SEDA BR CORAL GL0001GL",GL,tinta_branca,2026-09-14T19:44:31Z,208.8,208.8
07086,"TINTA ACR AC 3,6L DECORA SEDA BR CORAL GL0001GL",GL,tinta_branca,2026-09-11T17:18:16Z,234.01,234.01
894469,"TINTA ACR AC 3,6L DECORA SEDA BRGL CORA",GL,tinta_acrilica,2026-09-10T20:36:42Z,189.99,189.99
07417,"TINTA ACR AC 3,6L DECORA SEDA BRGL CORA",GL,tinta_acrilica,2026-09-09T11:25:08Z,232.0,208.8
07417,"TINTA ACR AC 3,6L DECORA SEDA BRGL CORA",GL,tinta_acrilica,2026-09-15T11:14:27Z,232.0,208.8
7891019177035,TINTA ACR AC 800ML BASE P DECORA SEDA CORAL,UN,tinta_acrilica,2026-09-10T13:39:40Z,90.67,90.0
7891019177035,TINTA ACR AC 800ML BASE P DECORA SEDA CORAL,UN,tinta_acrilica,2026-09-10T19:39:21Z,90.25,90.25
7891019177042,TINTA ACR AC 800ML BASE T DECORA SEDA CORAL,UN,tinta_acrilica,2026-09-10T18:24:53Z,92.99,92.99
7892948057313,TINTA ACR ACABA MOFO BR NEVE 15L IQUINE,UN,tinta_acrilica,2026-09-15T14:42:24Z,239.9,239.9
7892948057313,TINTA ACR ACABA MOFO BR NEVE 15L IQUINE,UN,tinta_acrilica,2026-09-14T18:03:28Z,239.9,239.9
7892948057313,TINTA ACR ACABA MOFO BR NEVE 15L IQUINE,UN,tinta_acrilica,2026-09-11T21:54:12Z,239.9,239.9
7892948057313,TINTA ACR ACABA MOFO BR NEVE 15L IQUINE,UN,tinta_acrilica_branca,2026-09-15T14:42:24Z,239.9,239.9
7892948057313,TINTA ACR ACABA MOFO BR NEVE 15L IQUINE,UN,tinta_acrilica_branca,2026-09-14T18:03:28Z,239.9,239.9
7892948057313,TINTA ACR ACABA MOFO BR NEVE 15L IQUINE,UN,tinta_acrilica_branca,2026-09-11T21:54:12Z,239.9,239.9
7892948057313,TINTA ACR ACABA MOFO BR NEVE 15L IQUINE,UN,tinta_branca,2026-09-15T14:42:24Z,239.9,239.9
7892948057313,TINTA ACR ACABA MOFO BR NEVE 15L IQUINE,UN,tinta_branca,2026-09-14T18:03:28Z,239.9,239.9
7892948057313,TINTA ACR ACABA MOFO BR NEVE 15L IQUINE,UN,tinta_branca,2026-09-11T21:54:12Z,239.9,239.9
7892948057757,"TINTA ACR ACABA MOFO BR NEVE 3,6L IQUINE",UN,tinta_acrilica,2026-09-13T00:04:54Z,69.9,69.9
7892948057757,"TINTA ACR ACABA MOFO BR NEVE 3,6L IQUINE",UN,tinta_acrilica,2026-09-11T22:35:12Z,69.9,69.9
7892948057757,"TINTA ACR ACABA MOFO BR NEVE 3,6L IQUINE",UN,tinta_acrilica,2026-09-14T19:21:31Z,69.9,69.9
7892948057757,"TINTA ACR ACABA MOFO BR NEVE 3,6L IQUINE",UN,tinta_acrilica_branca,2026-09-13T00:04:54Z,69.9,69.9
7892948057757,"TINTA ACR ACABA MOFO BR NEVE 3,6L IQUINE",UN,tinta_acrilica_branca,2026-09-11T22:35:12Z,69.9,69.9
7892948057757,"TINTA ACR ACABA MOFO BR NEVE 3,6L IQUINE",UN,tinta_acrilica_branca,2026-09-14T19:21:31Z,69.9,69.9
7892948057757,"TINTA ACR ACABA MOFO BR NEVE 3,6L IQUINE",UN,tinta_branca,2026-09-13T00:04:54Z,69.9,69.9
7892948057757,"TINTA ACR ACABA MOFO BR NEVE 3,6L IQUINE",UN,tinta_branca,2026-09-11T22:35:12Z,69.9,69.9
7892948057757,"TINTA ACR ACABA MOFO BR NEVE 3,6L IQUINE",UN,tinta_branca,2026-09-14T19:21:31Z,69.9,69.9
7891019915774,"TINTA ACR ACET BASE MF DECORA SEDA 0,8L CORAL",UN,tinta_acrilica,2026-09-12T23:13:02Z,39.9,39.9
956144,TINTA ACR BD15L CORALAR EC BR CORAL,BD,tinta_acrilica,2026-09-15T17:07:20Z,129.9,129.9
016719,TINTA ACR BD15L CORALAR EC BR CORAL,BD,tinta_acrilica,2026-09-14T20:10:20Z,180.0,179.395
956144,TINTA ACR BD15L CORALAR EC BR CORAL,BD,tinta_acrilica_branca,2026-09-15T17:07:20Z,129.9,129.9
016719,TINTA ACR BD15L CORALAR EC BR CORAL,BD,tinta_acrilica_branca,2026-09-14T20:10:20Z,180.0,179.395
956144,TINTA ACR BD15L CORALAR EC BR CORAL,BD,tinta_branca,2026-09-15T17:07:20Z,129.9,129.9
016719,TINTA ACR BD15L CORALAR EC BR CORAL,BD,tinta_branca,2026-09-14T20:10:20Z,180.0,179.395
1511,TINTA ACR BR FOSCO 15L TINTAX - MIRACOR,UN,tinta_acrilica,2026-09-14T13:00:29Z,103.9,95.0
1511,TINTA ACR BR FOSCO 15L TINTAX - MIRACOR,UN,tinta_acrilica_branca,2026-09-14T13:00:29Z,103.9,95.0
1511,TINTA ACR BR FOSCO 15L TINTAX - MIRACOR,UN,tinta_branca,2026-09-14T13:00:29Z,103.9,95.0
12191,TINTA ACR BR NEVE GL ECO GLASU 1,GL,tinta_acrilica,2026-09-15T19:29:13Z,59.75,59.75
12191,TINTA ACR BR NEVE GL ECO GLASU 1,GL,tinta_acrilica_branca,2026-09-15T19:29:13Z,59.75,59.75
12191,TINTA ACR BR NEVE GL ECO GLASU 1,GL,tinta_branca,2026-09-15T19:29:13Z,59.75,59.75
7732,"TINTA ACR BRANCO NEVE 3,6 LTS - IBRATIN",UN,tinta_acrilica,2026-09-09T12:09:44Z,39.0,39.0
7732,"TINTA ACR BRANCO NEVE 3,6 LTS - IBRATIN",UN,tinta_acrilica_branca,2026-09-09T12:09:44Z,39.0,39.0
7732,"TINTA ACR BRANCO NEVE 3,6 LTS - IBRATIN",UN,tinta_branca,2026-09-09T12:09:44Z,39.0,39.0
7891019915798,TINTA ACR CIMENTO QUEIMADO BASE DECORA 3L CORAL,UN,tinta_acrilica,2026-09-14T13:49:20Z,209.9,209.9
12553,TINTA ACR COLORIR BR NEVE 3L GL LUX GL,GL,tinta_acrilica,2026-09-15T17:27:32Z,58.9,56.0
12553,TINTA ACR COLORIR BR NEVE 3L GL LUX GL,GL,tinta_acrilica_branca,2026-09-15T17:27:32Z,58.9,56.0
12553,TINTA ACR COLORIR BR NEVE 3L GL LUX GL,GL,tinta_branca,2026-09-15T17:27:32Z,58.9,56.0
8811,TINTA ACR COLORIR BR NEVE LT 15L LUX BD,L,tinta_acrilica,2026-09-14T16:26:27Z,231.5,231.5
8811,TINTA ACR COLORIR BR NEVE LT 15L LUX BD,L,tinta_acrilica_branca,2026-09-14T16:26:27Z,231.5,231.5
8811,TINTA ACR COLORIR BR NEVE LT 15L LUX BD,L,tinta_branca,2026-09-14T16:26:27Z,231.5,231.5
12783,TINTA ACR COLORIR LAR POR SOL GL 3L LUX GL,GL,tinta_acrilica,2026-09-10T13:56:55Z,58.95,58.95
7892948051649,TINTA ACR DIAPISO PREMIUM BASE C 16L IQUINE,UN,tinta_acrilica,2026-09-11T16:45:15Z,289.9,289.9
7892948051649,TINTA ACR DIAPISO PREMIUM BASE C 16L IQUINE,UN,tinta_acrilica,2026-09-14T14:02:27Z,299.9,299.9
7892948051649,TINTA ACR DIAPISO PREMIUM BASE C 16L IQUINE,UN,tinta_acrilica,2026-09-15T14:33:14Z,299.9,299.9
10407,"TINTA ACR ECON HIPER D+ BR NEVE 3,6L HIPERCOR",BD,tinta_acrilica,2026-09-13T13:24:18Z,39.9,39.9
10407,"TINTA ACR ECON HIPER D+ BR NEVE 3,6L HIPERCOR",BD,tinta_acrilica_branca,2026-09-13T13:24:18Z,39.9,39.9
10407,"TINTA ACR ECON HIPER D+ BR NEVE 3,6L HIPERCOR",BD,tinta_branca,2026-09-13T13:24:18Z,39.9,39.9
016382,"TINTA ACR ECON VIDALAR 3,6L BCO NEVE FOS UN QTD. 16.00 UN",UN,tinta_acrilica,2026-09-12T11:58:10Z,45.0,45.0
00479,"TINTA ACR ECONOMICA CORALAR + DESEMP AMARELO CANARIO FOSCO 3,6L CORAL",GL,tinta_acrilica,2026-09-12T13:03:48Z,65.0,58.48
00484,"TINTA ACR ECONOMICA CORALAR + DESEMP AMARELO FREVO FOSCO 3,6L CORAL",GL,tinta_acrilica,2026-09-15T11:42:17Z,58.5,58.5
00484,"TINTA ACR ECONOMICA CORALAR + DESEMP AMARELO FREVO FOSCO 3,6L CORAL",GL,tinta_acrilica,2026-09-11T11:12:56Z,65.0,58.5
7891019169368,"TINTA ACR ECONOMICA CORALAR + DESEMP AMARELO FREVO FOSCO 3,6L CORAL",GL,tinta_acrilica,2026-09-11T20:41:20Z,65.9,65.9
01901,TINTA ACR ECONOMICA CORALAR + DESEMP AREIA FOSCO 18L CORAL,LA,tinta_acrilica,2026-09-10T12:30:43Z,199.8,199.73
01889,"TINTA ACR ECONOMICA CORALAR + DESEMP AREIA FOSCO 3,6L CORAL",GL,tinta_acrilica,2026-09-15T11:56:08Z,65.0,58.38
01889,"TINTA ACR ECONOMICA CORALAR + DESEMP AREIA FOSCO 3,6L CORAL",GL,tinta_acrilica,2026-09-15T12:05:08Z,58.5,58.5
01889,"TINTA ACR ECONOMICA CORALAR + DESEMP AREIA FOSCO 3,6L CORAL",GL,tinta_acrilica,2026-09-12T14:01:34Z,65.0,58.79
01897,TINTA ACR ECONOMICA CORALAR + DESEMP BRANCO FOSCO 18L CORAL,LA,tinta_acrilica,2026-09-14T13:35:21Z,179.001,160.71
01897,TINTA ACR ECONOMICA CORALAR + DESEMP BRANCO FOSCO 18L CORAL,LA,tinta_acrilica,2026-09-15T16:30:32Z,179.001,177.995
01897,TINTA ACR ECONOMICA CORALAR + DESEMP BRANCO FOSCO 18L CORAL,LA,tinta_acrilica,2026-09-12T14:48:02Z,179.001,178.9
01897,TINTA ACR ECONOMICA CORALAR + DESEMP BRANCO FOSCO 18L CORAL,LA,tinta_acrilica,2026-09-12T13:03:48Z,198.89,178.94
01897,TINTA ACR ECONOMICA CORALAR + DESEMP BRANCO FOSCO 18L CORAL,LA,tinta_acrilica,2026-09-12T13:58:07Z,179.001,179.0
01897,TINTA ACR ECONOMICA CORALAR + DESEMP BRANCO FOSCO 18L CORAL,LA,tinta_acrilica,2026-09-12T14:17:00Z,198.89,179.0
01897,TINTA ACR ECONOMICA CORALAR + DESEMP BRANCO FOSCO 18L CORAL,LA,tinta_acrilica_branca,2026-09-14T13:35:21Z,179.001,160.71
01897,TINTA ACR ECONOMICA CORALAR + DESEMP BRANCO FOSCO 18L CORAL,LA,tinta_acrilica_branca,2026-09-15T16:30:32Z,179.001,177.995
01897,TINTA ACR ECONOMICA CORALAR + DESEMP BRANCO FOSCO 18L CORAL,LA,tinta_acrilica_branca,2026-09-12T14:48:02Z,179.001,178.9
01897,TINTA ACR ECONOMICA CORALAR + DESEMP BRANCO FOSCO 18L CORAL,LA,tinta_acrilica_branca,2026-09-12T13:03:48Z,198.89,178.94
01897,TINTA ACR ECONOMICA CORALAR + DESEMP BRANCO FOSCO 18L CORAL,LA,tinta_acrilica_branca,2026-09-12T13:58:07Z,179.001,179.0
01897,TINTA ACR ECONOMICA CORALAR + DESEMP BRANCO FOSCO 18L CORAL,LA,tinta_acrilica_branca,2026-09-12T14:17:00Z,198.89,179.0
01897,TINTA ACR ECONOMICA CORALAR + DESEMP BRANCO FOSCO 18L CORAL,LA,tinta_branca,2026-09-14T13:35:21Z,179.001,160.71
01897,TINTA ACR ECONOMICA CORALAR + DESEMP BRANCO FOSCO 18L CORAL,LA,tinta_branca,2026-09-15T16:30:32Z,179.001,177.995
01897,TINTA ACR ECONOMICA CORALAR + DESEMP BRANCO FOSCO 18L CORAL,LA,tinta_branca,2026-09-12T14:48:02Z,179.001,178.9
01897,TINTA ACR ECONOMICA CORALAR + DESEMP BRANCO FOSCO 18L CORAL,LA,tinta_branca,2026-09-12T13:03:48Z,198.89,178.94
01897,TINTA ACR ECONOMICA CORALAR + DESEMP BRANCO FOSCO 18L CORAL,LA,tinta_branca,2026-09-12T13:58:07Z,179.001,179.0
01897,TINTA ACR ECONOMICA CORALAR + DESEMP BRANCO FOSCO 18L CORAL,LA,tinta_branca,2026-09-12T14:17:00Z,198.89,179.0
01885,"TINTA ACR ECONOMICA CORALAR + DESEMP BRANCO FOSCO 3,6L CORAL",GL,tinta_acrilica,2026-09-11T14:58:03Z,47.2,47.17
01885,"TINTA ACR ECONOMICA CORALAR + DESEMP BRANCO FOSCO 3,6L CORAL",GL,tinta_acrilica,2026-09-15T16:30:32Z,53.1,52.8
01885,"TINTA ACR ECONOMICA CORALAR + DESEMP BRANCO FOSCO 3,6L CORAL",GL,tinta_acrilica,2026-09-15T18:43:09Z,59.0,53.07
01885,"TINTA ACR ECONOMICA CORALAR + DESEMP BRANCO FOSCO 3,6L CORAL",GL,tinta_acrilica,2026-09-11T19:03:08Z,53.1,53.1
01885,"TINTA ACR ECONOMICA CORALAR + DESEMP BRANCO FOSCO 3,6L CORAL",GL,tinta_acrilica,2026-09-14T17:48:05Z,53.1,53.1
6731,"TINTA ACR ECONOMICA CORALAR + DESEMP BRANCO FOSCO 3,6L CORAL",GL,tinta_acrilica,2026-09-14T11:53:27Z,65.0,55.05
20920,"TINTA ACR ECONOMICA CORALAR + DESEMP BRANCO FOSCO 3,6L CORAL",UN,tinta_acrilica,2026-09-15T16:18:34Z,59.99,57.59
09245,"TINTA ACR ECONOMICA CORALAR + DESEMP BRANCO FOSCO 3,6L CORAL",GL,tinta_acrilica,2026-09-15T17:41:13Z,59.68,59.68
09245,"TINTA ACR ECONOMICA CORALAR + DESEMP BRANCO FOSCO 3,6L CORAL",GL,tinta_acrilica,2026-09-09T18:08:24Z,60.0,60.0
7891019176120,"TINTA ACR ECONOMICA CORALAR + DESEMP BRANCO FOSCO 3,6L CORAL",GL,tinta_acrilica,2026-09-14T23:28:17Z,67.9,67.9
7891019176120,"TINTA ACR ECONOMICA CORALAR + DESEMP BRANCO FOSCO 3,6L CORAL",GL,tinta_acrilica,2026-09-12T18:45:32Z,67.9,67.9
7891019176120,"TINTA ACR ECONOMICA CORALAR + DESEMP BRANCO FOSCO 3,6L CORAL",GL,tinta_acrilica,2026-09-15T13:19:18Z,67.9,67.9
891675,"TINTA ACR ECONOMICA CORALAR + DESEMP BRANCO FOSCO 3,6L CORAL",GL,tinta_acrilica,2026-09-14T17:23:42Z,69.99,69.99
01885,"TINTA ACR ECONOMICA CORALAR + DESEMP BRANCO FOSCO 3,6L CORAL",GL,tinta_acrilica_branca,2026-09-11T14:58:03Z,47.2,47.17
01885,"TINTA ACR ECONOMICA CORALAR + DESEMP BRANCO FOSCO 3,6L CORAL",GL,tinta_acrilica_branca,2026-09-15T16:30:32Z,53.1,52.8
01885,"TINTA ACR ECONOMICA CORALAR + DESEMP BRANCO FOSCO 3,6L CORAL",GL,tinta_acrilica_branca,2026-09-15T18:43:09Z,59.0,53.07
01885,"TINTA ACR ECONOMICA CORALAR + DESEMP BRANCO FOSCO 3,6L CORAL",GL,tinta_acrilica_branca,2026-09-11T19:03:08Z,53.1,53.1
01885,"TINTA ACR ECONOMICA CORALAR + DESEMP BRANCO FOSCO 3,6L CORAL",GL,tinta_acrilica_branca,2026-09-14T17:48:05Z,53.1,53.1
6731,"TINTA ACR ECONOMICA CORALAR + DESEMP BRANCO FOSCO 3,6L CORAL",GL,tinta_acrilica_branca,2026-09-14T11:53:27Z,65.0,55.05
20920,"TINTA ACR ECONOMICA CORALAR + DESEMP BRANCO FOSCO 3,6L CORAL",UN,tinta_acrilica_branca,2026-09-15T16:18:34Z,59.99,57.59
09245,"TINTA ACR ECONOMICA CORALAR + DESEMP BRANCO FOSCO 3,6L CORAL",GL,tinta_acrilica_branca,2026-09-15T17:41:13Z,59.68,59.68
09245,"TINTA ACR ECONOMICA CORALAR + DESEMP BRANCO FOSCO 3,6L CORAL",GL,tinta_acrilica_branca,2026-09-09T18:08:24Z,60.0,60.0
7891019176120,"TINTA ACR ECONOMICA CORALAR + DESEMP BRANCO FOSCO 3,6L CORAL",GL,tinta_acrilica_branca,2026-09-14T23:28:17Z,67.9,67.9
7891019176120,"TINTA ACR ECONOMICA CORALAR + DESEMP BRANCO FOSCO 3,6L CORAL",GL,tinta_acrilica_branca,2026-09-12T18:45:32Z,67.9,67.9
7891019176120,"TINTA ACR ECONOMICA CORALAR + DESEMP BRANCO FOSCO 3,6L CORAL",GL,tinta_acrilica_branca,2026-09-15T13:19:18Z,67.9,67.9
891675,"TINTA ACR ECONOMICA CORALAR + DESEMP BRANCO FOSCO 3,6L CORAL",GL,tinta_acrilica_branca,2026-09-14T17:23:42Z,69.99,69.99
01885,"TINTA ACR ECONOMICA CORALAR + DESEMP BRANCO FOSCO 3,6L CORAL",GL,tinta_branca,2026-09-11T14:58:03Z,47.2,47.17
01885,"TINTA ACR ECONOMICA CORALAR + DESEMP BRANCO FOSCO 3,6L CORAL",GL,tinta_branca,2026-09-15T16:30:32Z,53.1,52.8
01885,"TINTA ACR ECONOMICA CORALAR + DESEMP BRANCO FOSCO 3,6L CORAL",GL,tinta_branca,2026-09-15T18:43:09Z,59.0,53.07
01885,"TINTA ACR ECONOMICA CORALAR + DESEMP BRANCO FOSCO 3,6L CORAL",GL,tinta_branca,2026-09-11T19:03:08Z,53.1,53.1
01885,"TINTA ACR ECONOMICA CORALAR + DESEMP BRANCO FOSCO 3,6L CORAL",GL,tinta_branca,2026-09-14T17:48:05Z,53.1,53.1
6731,"TINTA ACR ECONOMICA CORALAR + DESEMP BRANCO FOSCO 3,6L CORAL",GL,tinta_branca,2026-09-14T11:53:27Z,65.0,55.05
20920,"TINTA ACR ECONOMICA CORALAR + DESEMP BRANCO FOSCO 3,6L CORAL",UN,tinta_branca,2026-09-15T16:18:34Z,59.99,57.59
09245,"TINTA ACR ECONOMICA CORALAR + DESEMP BRANCO FOSCO 3,6L CORAL",GL,tinta_branca,2026-09-15T17:41:13Z,59.68,59.68
09245,"TINTA ACR ECONOMICA CORALAR + DESEMP BRANCO FOSCO 3,6L CORAL",GL,tinta_branca,2026-09-09T18:08:24Z,60.0,60.0
7891019176120,"TINTA ACR ECONOMICA CORALAR + DESEMP BRANCO FOSCO 3,6L CORAL",GL,tinta_branca,2026-09-14T23:28:17Z,67.9,67.9
7891019176120,"TINTA ACR ECONOMICA CORALAR + DESEMP BRANCO FOSCO 3,6L CORAL",GL,tinta_branca,2026-09-12T18:45:32Z,67.9,67.9
7891019176120,"TINTA ACR ECONOMICA CORALAR + DESEMP BRANCO FOSCO 3,6L CORAL",GL,tinta_branca,2026-09-15T13:19:18Z,67.9,67.9
891675,"TINTA ACR ECONOMICA CORALAR + DESEMP BRANCO FOSCO 3,6L CORAL",GL,tinta_branca,2026-09-14T17:23:42Z,69.99,69.99
01888,"TINTA ACR ECONOMICA CORALAR + DESEMP CAMURCA FOSCO 3,6L CORAL",GL,tinta_acrilica,2026-09-09T14:19:27Z,58.5,58.49
01888,"TINTA ACR ECONOMICA CORALAR + DESEMP CAMURCA FOSCO 3,6L CORAL",GL,tinta_acrilica,2026-09-10T17:11:09Z,58.5,58.5
01892,"TINTA ACR ECONOMICA CORALAR + DESEMP CONCRETO FOSCO 3,6L CORAL",GL,tinta_acrilica,2026-09-09T11:25:27Z,58.5,58.465
01898,TINTA ACR ECONOMICA CORALAR + DESEMP GELO FOSCO 18L CORAL,LA,tinta_acrilica,2026-09-15T15:18:13Z,179.001,178.76
01898,TINTA ACR ECONOMICA CORALAR + DESEMP GELO FOSCO 18L CORAL,LA,tinta_acrilica,2026-09-10T19:21:34Z,198.89,179.0
01898,TINTA ACR ECONOMICA CORALAR + DESEMP GELO FOSCO 18L CORAL,LA,tinta_acrilica,2026-09-11T15:33:42Z,179.001,179.0
013501,TINTA ACR ECONOMICA CORALAR + DESEMP GELO FOSCO 18L CORAL,L,tinta_acrilica,2026-09-14T20:10:20Z,180.0,179.4
8138,TINTA ACR ECONOMICA CORALAR + DESEMP GELO FOSCO 18L CORAL,UN,tinta_acrilica,2026-09-10T19:30:01Z,200.0,200.0
01886,"TINTA ACR ECONOMICA CORALAR + DESEMP GELO FOSCO 3,6L CORAL",GL,tinta_acrilica,2026-09-14T13:12:58Z,59.0,53.0
01886,"TINTA ACR ECONOMICA CORALAR + DESEMP GELO FOSCO 3,6L CORAL",GL,tinta_acrilica,2026-09-10T12:40:36Z,59.0,53.0
01886,"TINTA ACR ECONOMICA CORALAR + DESEMP GELO FOSCO 3,6L CORAL",GL,tinta_acrilica,2026-09-15T17:03:21Z,59.0,53.0
06028,"TINTA ACR ECONOMICA CORALAR + DESEMP GELO FOSCO 3,6L CORAL",GL,tinta_acrilica,2026-09-09T19:19:19Z,59.68,59.68
08866,TINTA ACR ECONOMICA CORALAR + DESEMP LARANJA CITRICO FOSCO 18L CORAL FL,LA,tinta_acrilica,2026-09-10T19:44:11Z,155.4,155.4
00483,"TINTA ACR ECONOMICA CORALAR + DESEMP LARANJA MARACATU FOSCO 3,6L CORAL",GL,tinta_acrilica,2026-09-12T13:24:18Z,58.5,58.5
00474,"TINTA ACR ECONOMICA CORALAR + DESEMP LUA DO SERTAO FOSCO 3,6L CORAL",GL,tinta_acrilica,2026-09-14T17:48:05Z,58.5,58.5
03695,TINTA ACR ECONOMICA CORALAR + DESEMP MARFIM FOSCO 18L CORAL,LA,tinta_acrilica,2026-09-10T19:05:01Z,222.0,199.77
01890,"TINTA ACR ECONOMICA CORALAR + DESEMP MARFIM FOSCO 3,6L CORAL",GL,tinta_acrilica,2026-09-10T18:06:16Z,65.0,55.0
61842,"TINTA ACR ECONOMICA CORALAR + DESEMP MARFIM FOSCO 3,6L CORAL",GL,tinta_acrilica,2026-09-11T12:36:55Z,69.99,69.99
04031,TINTA ACR ECONOMICA CORALAR + DESEMP PALHA FOSCO 18L CORAL,LA,tinta_acrilica,2026-09-09T12:44:28Z,222.0,198.32
04031,TINTA ACR ECONOMICA CORALAR + DESEMP PALHA FOSCO 18L CORAL,LA,tinta_acrilica,2026-09-10T18:56:35Z,199.8,199.8
04508,TINTA ACR ECONOMICA CORALAR + DESEMP PEROLA FOSCO 18L CORAL,LA,tinta_acrilica,2026-09-15T12:36:36Z,222.0,199.79
01894,"TINTA ACR ECONOMICA CORALAR + DESEMP PESSEGO FOSCO 3,6L CORAL",GL,tinta_acrilica,2026-09-12T11:56:30Z,65.0,58.5
01894,"TINTA ACR ECONOMICA CORALAR + DESEMP PESSEGO FOSCO 3,6L CORAL",GL,tinta_acrilica,2026-09-14T11:49:07Z,65.0,59.0
00480,"TINTA ACR ECONOMICA CORALAR + DESEMP VERDE KIWI FOSCO 3,6L CORAL",GL,tinta_acrilica,2026-09-11T15:58:30Z,52.0,52.0
92043,"TINTA ACR ECONOMICA CORALAR + DESEMP VERDE KIWI FOSCO 3,6L CORAL",GL,tinta_acrilica,2026-09-12T13:45:43Z,69.99,69.99
09667,"TINTA ACR ECONOMICA HIPER D+ BRANCO FOSCO 3,6L HIPERCOR",GL,tinta_acrilica,2026-09-10T12:08:13Z,48.0,43.0
09667,"TINTA ACR ECONOMICA HIPER D+ BRANCO FOSCO 3,6L HIPERCOR",GL,tinta_acrilica,2026-09-15T16:09:53Z,43.0,43.0
09667,"TINTA ACR ECONOMICA HIPER D+ BRANCO FOSCO 3,6L HIPERCOR",GL,tinta_acrilica,2026-09-09T15:34:33Z,43.2,43.2
09667,"TINTA ACR ECONOMICA HIPER D+ BRANCO FOSCO 3,6L HIPERCOR",GL,tinta_acrilica_branca,2026-09-10T12:08:13Z,48.0,43.0
09667,"TINTA ACR ECONOMICA HIPER D+ BRANCO FOSCO 3,6L HIPERCOR",GL,tinta_acrilica_branca,2026-09-15T16:09:53Z,43.0,43.0
09667,"TINTA ACR ECONOMICA HIPER D+ BRANCO FOSCO 3,6L HIPERCOR",GL,tinta_acrilica_branca,2026-09-09T15:34:33Z,43.2,43.2
09667,"TINTA ACR ECONOMICA HIPER D+ BRANCO FOSCO 3,6L HIPERCOR",GL,tinta_branca,2026-09-10T12:08:13Z,48.0,43.0
09667,"TINTA ACR ECONOMICA HIPER D+ BRANCO FOSCO 3,6L HIPERCOR",GL,tinta_branca,2026-09-15T16:09:53Z,43.0,43.0
09667,"TINTA ACR ECONOMICA HIPER D+ BRANCO FOSCO 3,6L HIPERCOR",GL,tinta_branca,2026-09-09T15:34:33Z,43.2,43.2
09666,TINTA ACR ECONOMICA HIPER D+ GELO FOSCO 15L HIPERCOR,LA,tinta_acrilica,2026-09-12T15:20:03Z,110.89,99.71
09846,"TINTA ACR ECONOMICA MUDA FACIL ALGODAO EGIPICIO FOSCO 3,6L GLASU",GL,tinta_acrilica,2026-09-14T11:27:21Z,69.0,55.2
09846,"TINTA ACR ECONOMICA MUDA FACIL ALGODAO EGIPICIO FOSCO 3,6L GLASU",GL,tinta_acrilica,2026-09-14T14:00:05Z,62.0,62.0
00433,TINTA ACR ECONOMICA MUDA FACIL AREIA FOSCO 18L GLASU,LA,tinta_acrilica,2026-09-11T18:56:51Z,254.0,228.6
03939,TINTA ACR ECONOMICA MUDA FACIL BRANCO FOSCO 18L GLASU,LA,tinta_acrilica,2026-09-15T20:28:09Z,232.0,208.8
03939,TINTA ACR ECONOMICA MUDA FACIL BRANCO FOSCO 18L GLASU,LA,tinta_acrilica,2026-09-14T17:38:59Z,208.8,208.8
03939,TINTA ACR ECONOMICA MUDA FACIL BRANCO FOSCO 18L GLASU,LA,tinta_acrilica,2026-09-15T11:51:01Z,232.0,208.8
03939,TINTA ACR ECONOMICA MUDA FACIL BRANCO FOSCO 18L GLASU,LA,tinta_acrilica_branca,2026-09-15T20:28:09Z,232.0,208.8
03939,TINTA ACR ECONOMICA MUDA FACIL BRANCO FOSCO 18L GLASU,LA,tinta_acrilica_branca,2026-09-14T17:38:59Z,208.8,208.8
03939,TINTA ACR ECONOMICA MUDA FACIL BRANCO FOSCO 18L GLASU,LA,tinta_acrilica_branca,2026-09-15T11:51:01Z,232.0,208.8
03939,TINTA ACR ECONOMICA MUDA FACIL BRANCO FOSCO 18L GLASU,LA,tinta_branca,2026-09-15T20:28:09Z,232.0,208.8
03939,TINTA ACR ECONOMICA MUDA FACIL BRANCO FOSCO 18L GLASU,LA,tinta_branca,2026-09-14T17:38:59Z,208.8,208.8
03939,TINTA ACR ECONOMICA MUDA FACIL BRANCO FOSCO 18L GLASU,LA,tinta_branca,2026-09-15T11:51:01Z,232.0,208.8
10410,"TINTA ACR ECONOMICA MUDA FACIL BRANCO FOSCO 3,6L GLASU",GL,tinta_acrilica,2026-09-15T11:20:57Z,69.0,62.0
10410,"TINTA ACR ECONOMICA MUDA FACIL BRANCO FOSCO 3,6L GLASU",GL,tinta_acrilica,2026-09-09T14:31:40Z,62.1,62.02
10410,"TINTA ACR ECONOMICA MUDA FACIL BRANCO FOSCO 3,6L GLASU",GL,tinta_acrilica,2026-09-15T20:55:14Z,69.0,62.03666666666667
10410,"TINTA ACR ECONOMICA MUDA FACIL BRANCO FOSCO 3,6L GLASU",GL,tinta_acrilica,2026-09-11T12:54:11Z,62.1,62.04
10410,"TINTA ACR ECONOMICA MUDA FACIL BRANCO FOSCO 3,6L GLASU",GL,tinta_acrilica,2026-09-15T19:25:25Z,69.0,62.07
10410,"TINTA ACR ECONOMICA MUDA FACIL BRANCO FOSCO 3,6L GLASU",GL,tinta_acrilica,2026-09-15T18:21:18Z,62.1,62.1
10410,"TINTA ACR ECONOMICA MUDA FACIL BRANCO FOSCO 3,6L GLASU",GL,tinta_acrilica_branca,2026-09-15T11:20:57Z,69.0,62.0
10410,"TINTA ACR ECONOMICA MUDA FACIL BRANCO FOSCO 3,6L GLASU",GL,tinta_acrilica_branca,2026-09-09T14:31:40Z,62.1,62.02
10410,"TINTA ACR ECONOMICA MUDA FACIL BRANCO FOSCO 3,6L GLASU",GL,tinta_acrilica_branca,2026-09-15T20:55:14Z,69.0,62.03666666666667
10410,"TINTA ACR ECONOMICA MUDA FACIL BRANCO FOSCO 3,6L GLASU",GL,tinta_acrilica_branca,2026-09-11T12:54:11Z,62.1,62.04
10410,"TINTA ACR ECONOMICA MUDA FACIL BRANCO FOSCO 3,6L GLASU",GL,tinta_acrilica_branca,2026-09-15T19:25:25Z,69.0,62.07
10410,"TINTA ACR ECONOMICA MUDA FACIL BRANCO FOSCO 3,6L GLASU",GL,tinta_acrilica_branca,2026-09-15T18:21:18Z,62.1,62.1
10410,"TINTA ACR ECONOMICA MUDA FACIL BRANCO FOSCO 3,6L GLASU",GL,tinta_branca,2026-09-15T11:20:57Z,69.0,62.0
10410,"TINTA ACR ECONOMICA MUDA FACIL BRANCO FOSCO 3,6L GLASU",GL,tinta_branca,2026-09-09T14:31:40Z,62.1,62.02
10410,"TINTA ACR ECONOMICA MUDA FACIL BRANCO FOSCO 3,6L GLASU",GL,tinta_branca,2026-09-15T20:55:14Z,69.0,62.03666666666667
10410,"TINTA ACR ECONOMICA MUDA FACIL BRANCO FOSCO 3,6L GLASU",GL,tinta_branca,2026-09-11T12:54:11Z,62.1,62.04
10410,"TINTA ACR ECONOMICA MUDA FACIL BRANCO FOSCO 3,6L GLASU",GL,tinta_branca,2026-09-15T19:25:25Z,69.0,62.07
10410,"TINTA ACR ECONOMICA MUDA FACIL BRANCO FOSCO 3,6L GLASU",GL,tinta_branca,2026-09-15T18:21:18Z,62.1,62.1
10922,"TINTA ACR ECONOMICA MUDA FACIL CEU CLARO FOSCO 3,6L GLASU",GL,tinta_acrilica,2026-09-09T19:42:33Z,69.0,62.0
10411,"TINTA ACR ECONOMICA MUDA FACIL FOTO ANTIGA FOSCO 3,6L GLASU",GL,tinta_acrilica,2026-09-14T17:42:48Z,69.0,61.57
03941,TINTA ACR ECONOMICA MUDA FACIL GELO FOSCO 18L GLASU,LA,tinta_acrilica,2026-09-12T14:48:02Z,208.8,208.69
03941,TINTA ACR ECONOMICA MUDA FACIL GELO FOSCO 18L GLASU,LA,tinta_acrilica,2026-09-09T13:26:39Z,232.0,208.78
03941,TINTA ACR ECONOMICA MUDA FACIL GELO FOSCO 18L GLASU,LA,tinta_acrilica,2026-09-12T13:28:22Z,208.8,208.8
10412,"TINTA ACR ECONOMICA MUDA FACIL GELO FOSCO 3,6L GLASU",GL,tinta_acrilica,2026-09-12T11:34:53Z,69.0,62.0
10412,"TINTA ACR ECONOMICA MUDA FACIL GELO FOSCO 3,6L GLASU",GL,tinta_acrilica,2026-09-10T20:11:23Z,69.0,62.09
09853,TINTA ACR ECONOMICA MUDA FACIL LAMINA AFIADA FOSCO 18L GLASU,LA,tinta_acrilica,2026-09-11T11:30:02Z,228.6,228.6
11181,"TINTA ACR ECONOMICA MUDA FACIL LAMINA AFIADA FOSCO 3,6L GLASU",GL,tinta_acrilica,2026-09-09T17:13:09Z,69.0,61.71
11181,"TINTA ACR ECONOMICA MUDA FACIL LAMINA AFIADA FOSCO 3,6L GLASU",GL,tinta_acrilica,2026-09-14T17:56:39Z,62.1,62.1
09852,"TINTA ACR ECONOMICA MUDA FACIL LAMINA AFIADA FOSCO 3,6L GLASU FL",GL,tinta_acrilica,2026-09-10T16:34:18Z,69.0,62.0
03943,TINTA ACR ECONOMICA MUDA FACIL MARFIM FOSCO 18L GLASU,LA,tinta_acrilica,2026-09-10T17:50:14Z,254.0,254.0
10491,"TINTA ACR ECONOMICA MUDA FACIL MARFIM FOSCO 3,6L GLASU",GL,tinta_acrilica,2026-09-15T16:28:36Z,69.0,55.2
10491,"TINTA ACR ECONOMICA MUDA FACIL MARFIM FOSCO 3,6L GLASU",GL,tinta_acrilica,2026-09-15T20:55:14Z,69.0,62.03666666666667
10515,"TINTA ACR ECONOMICA MUDA FACIL PALHA FOSCO 3,6L GLASU",GL,tinta_acrilica,2026-09-09T13:27:54Z,69.0,61.5
10515,"TINTA ACR ECONOMICA MUDA FACIL PALHA FOSCO 3,6L GLASU",GL,tinta_acrilica,2026-09-14T18:31:13Z,62.0,62.0
10515,"TINTA ACR ECONOMICA MUDA FACIL PALHA FOSCO 3,6L GLASU",GL,tinta_acrilica,2026-09-14T15:00:44Z,62.1,62.0
10515,"TINTA ACR ECONOMICA MUDA FACIL PALHA FOSCO 3,6L GLASU",GL,tinta_acrilica,2026-09-15T20:07:19Z,69.0,62.1
10519,"TINTA ACR ECONOMICA MUDA FACIL VERDE PISCINA FOSCO 3,6L GLASU",GL,tinta_acrilica,2026-09-15T20:32:00Z,62.1,62.1
10897,TINTA ACR ECONOMICA NACOR+ BRANCO FOSCO 15L IBRATIN,LA,tinta_acrilica,2026-09-15T20:37:28Z,119.0,103.66
10897,TINTA ACR ECONOMICA NACOR+ BRANCO FOSCO 15L IBRATIN,LA,tinta_acrilica,2026-09-15T14:04:21Z,119.0,107.0
10897,TINTA ACR ECONOMICA NACOR+ BRANCO FOSCO 15L IBRATIN,LA,tinta_acrilica,2026-09-15T18:50:48Z,107.1,107.1
10897,TINTA ACR ECONOMICA NACOR+ BRANCO FOSCO 15L IBRATIN,LA,tinta_acrilica,2026-09-11T13:15:53Z,107.1,107.1
10897,TINTA ACR ECONOMICA NACOR+ BRANCO FOSCO 15L IBRATIN,LA,tinta_acrilica,2026-09-14T11:57:05Z,119.0,107.21
10897,TINTA ACR ECONOMICA NACOR+ BRANCO FOSCO 15L IBRATIN,LA,tinta_acrilica_branca,2026-09-15T20:37:28Z,119.0,103.66
10897,TINTA ACR ECONOMICA NACOR+ BRANCO FOSCO 15L IBRATIN,LA,tinta_acrilica_branca,2026-09-15T14:04:21Z,119.0,107.0
10897,TINTA ACR ECONOMICA NACOR+ BRANCO FOSCO 15L IBRATIN,LA,tinta_acrilica_branca,2026-09-15T18:50:48Z,107.1,107.1
10897,TINTA ACR ECONOMICA NACOR+ BRANCO FOSCO 15L IBRATIN,LA,tinta_acrilica_branca,2026-09-11T13:15:53Z,107.1,107.1
10897,TINTA ACR ECONOMICA NACOR+ BRANCO FOSCO 15L IBRATIN,LA,tinta_acrilica_branca,2026-09-14T11:57:05Z,119.0,107.21
10897,TINTA ACR ECONOMICA NACOR+ BRANCO FOSCO 15L IBRATIN,LA,tinta_branca,2026-09-15T20:37:28Z,119.0,103.66
10897,TINTA ACR ECONOMICA NACOR+ BRANCO FOSCO 15L IBRATIN,LA,tinta_branca,2026-09-15T14:04:21Z,119.0,107.0
10897,TINTA ACR ECONOMICA NACOR+ BRANCO FOSCO 15L IBRATIN,LA,tinta_branca,2026-09-15T18:50:48Z,107.1,107.1
10897,TINTA ACR ECONOMICA NACOR+ BRANCO FOSCO 15L IBRATIN,LA,tinta_branca,2026-09-11T13:15:53Z,107.1,107.1
10897,TINTA ACR ECONOMICA NACOR+ BRANCO FOSCO 15L IBRATIN,LA,tinta_branca,2026-09-14T11:57:05Z,119.0,107.21
09029,"TINTA ACR ECONOMICA NACOR+ BRANCO FOSCO 3,6L IBRATIN",GL,tinta_acrilica,2026-09-10T19:45:01Z,43.9,35.5
8301.000010.0,"TINTA ACR ECONOMICA NACOR+ BRANCO FOSCO 3,6L IBRATIN",Peca,tinta_acrilica,2026-09-15T16:58:03Z,38.0,38.0
09029,"TINTA ACR ECONOMICA NACOR+ BRANCO FOSCO 3,6L IBRATIN",GL,tinta_acrilica,2026-09-09T11:55:34Z,43.9,39.42
09029,"TINTA ACR ECONOMICA NACOR+ BRANCO FOSCO 3,6L IBRATIN",GL,tinta_acrilica,2026-09-09T14:19:27Z,39.51,39.51
09029,"TINTA ACR ECONOMICA NACOR+ BRANCO FOSCO 3,6L IBRATIN",GL,tinta_acrilica,2026-09-11T20:25:11Z,39.51,39.51
7899173400341,"TINTA ACR ECONOMICA NACOR+ BRANCO FOSCO 3,6L IBRATIN",UN,tinta_acrilica,2026-09-09T19:11:45Z,42.0,42.0
1304,"TINTA ACR ECONOMICA NACOR+ BRANCO FOSCO 3,6L IBRATIN",UN,tinta_acrilica,2026-09-11T19:01:58Z,44.98,42.73
4014,"TINTA ACR ECONOMICA NACOR+ BRANCO FOSCO 3,6L IBRATIN",UN,tinta_acrilica,2026-09-14T20:03:50Z,44.99,44.99
09029,"TINTA ACR ECONOMICA NACOR+ BRANCO FOSCO 3,6L IBRATIN",GL,tinta_acrilica_branca,2026-09-10T19:45:01Z,43.9,35.5
8301.000010.0,"TINTA ACR ECONOMICA NACOR+ BRANCO FOSCO 3,6L IBRATIN",Peca,tinta_acrilica_branca,2026-09-15T16:58:03Z,38.0,38.0
09029,"TINTA ACR ECONOMICA NACOR+ BRANCO FOSCO 3,6L IBRATIN",GL,tinta_acrilica_branca,2026-09-09T11:55:34Z,43.9,39.42
09029,"TINTA ACR ECONOMICA NACOR+ BRANCO FOSCO 3,6L IBRATIN",GL,tinta_acrilica_branca,2026-09-09T14:19:27Z,39.51,39.51
09029,"TINTA ACR ECONOMICA NACOR+ BRANCO FOSCO 3,6L IBRATIN",GL,tinta_acrilica_branca,2026-09-11T20:25:11Z,39.51,39.51
7899173400341,"TINTA ACR ECONOMICA NACOR+ BRANCO FOSCO 3,6L IBRATIN",UN,tinta_acrilica_branca,2026-09-09T19:11:45Z,42.0,42.0
1304,"TINTA ACR ECONOMICA NACOR+ BRANCO FOSCO 3,6L IBRATIN",UN,tinta_acrilica_branca,2026-09-11T19:01:58Z,44.98,42.73
4014,"TINTA ACR ECONOMICA NACOR+ BRANCO FOSCO 3,6L IBRATIN",UN,tinta_acrilica_branca,2026-09-14T20:03:50Z,44.99,44.99
09029,"TINTA ACR ECONOMICA NACOR+ BRANCO FOSCO 3,6L IBRATIN",GL,tinta_branca,2026-09-10T19:45:01Z,43.9,35.5
8301.000010.0,"TINTA ACR ECONOMICA NACOR+ BRANCO FOSCO 3,6L IBRATIN",Peca,tinta_branca,2026-09-15T16:58:03Z,38.0,38.0
09029,"TINTA ACR ECONOMICA NACOR+ BRANCO FOSCO 3,6L IBRATIN",GL,tinta_branca,2026-09-09T11:55:34Z,43.9,39.42
09029,"TINTA ACR ECONOMICA NACOR+ BRANCO FOSCO 3,6L IBRATIN",GL,tinta_branca,2026-09-09T14:19:27Z,39.51,39.51
09029,"TINTA ACR ECONOMICA NACOR+ BRANCO FOSCO 3,6L IBRATIN",GL,tinta_branca,2026-09-11T20:25:11Z,39.51,39.51
7899173400341,"TINTA ACR ECONOMICA NACOR+ BRANCO FOSCO 3,6L IBRATIN",UN,tinta_branca,2026-09-09T19:11:45Z,42.0,42.0
1304,"TINTA ACR ECONOMICA NACOR+ BRANCO FOSCO 3,6L IBRATIN",UN,tinta_branca,2026-09-11T19:01:58Z,44.98,42.73
4014,"TINTA ACR ECONOMICA NACOR+ BRANCO FOSCO 3,6L IBRATIN",UN,tinta_branca,2026-09-14T20:03:50Z,44.99,44.99
10898,TINTA ACR ECONOMICA NACOR+ GELO FOSCO 15L IBRATIN,LA,tinta_acrilica,2026-09-09T17:15:12Z,107.1,107.1
10898,TINTA ACR ECONOMICA NACOR+ GELO FOSCO 15L IBRATIN,LA,tinta_acrilica,2026-09-14T19:36:39Z,119.0,107.1
7891260561362,"TINTA ACR EMB FOS BR 3,6L FACH PROT SUVINIL",UN,tinta_acrilica,2026-09-14T16:29:39Z,259.9,259.9
7891260561362,"TINTA ACR EMB FOS BR 3,6L FACH PROT SUVINIL",UN,tinta_acrilica_branca,2026-09-14T16:29:39Z,259.9,259.9
7891260561362,"TINTA ACR EMB FOS BR 3,6L FACH PROT SUVINIL",UN,tinta_branca,2026-09-14T16:29:39Z,259.9,259.9
7892948051786,TINTA ACR EMBORRACHADA BASE P 16L FACHADA IQUINE,UN,tinta_acrilica,2026-09-15T21:39:47Z,596.4,596.4
7892948051786,TINTA ACR EMBORRACHADA BASE P 16L FACHADA IQUINE,UN,tinta_acrilica,2026-09-13T20:34:03Z,665.57,665.57
7892948051779,"TINTA ACR EMBORRACHADA BASE P 3,2L FACHADA IQUINE",UN,tinta_acrilica,2026-09-12T13:51:23Z,159.9,159.9
75767,"TINTA ACR FC 0,9L DIAPISO VDFOLH IQUINE",L,tinta_acrilica,2026-09-15T18:14:17Z,35.99,35.99
2815,"TINTA ACR FC 0,9L RED MUIT BR CORAL",L,tinta_acrilica,2026-09-09T17:19:41Z,40.0,38.38
2815,"TINTA ACR FC 0,9L RED MUIT BR CORAL",L,tinta_acrilica_branca,2026-09-09T17:19:41Z,40.0,38.38
2815,"TINTA ACR FC 0,9L RED MUIT BR CORAL",L,tinta_branca,2026-09-09T17:19:41Z,40.0,38.38
984934,TINTA ACR FC 15 HIPER D+ MF HIPERCOR BD0001BD,BD,tinta_acrilica,2026-09-09T20:45:02Z,79.99,79.99
295739,TINTA ACR FC 15L HIPER D+ AREIA HIPERCOR BD0001BD,BD,tinta_acrilica,2026-09-12T16:16:39Z,79.99,79.99
373781,TINTA ACR FC 15L HIPER D+ AREIA HIPERCOR BD0001BD,UN,tinta_acrilica,2026-09-12T14:54:01Z,109.9,109.9
984930,TINTA ACR FC 15L HIPER D+ BR/GL HIPERCOR BD0001BD,BD,tinta_acrilica,2026-09-14T21:42:09Z,79.99,79.99
984930,TINTA ACR FC 15L HIPER D+ BR/GL HIPERCOR BD0001BD,BD,tinta_acrilica_branca,2026-09-14T21:42:09Z,79.99,79.99
984930,TINTA ACR FC 15L HIPER D+ BR/GL HIPERCOR BD0001BD,BD,tinta_branca,2026-09-14T21:42:09Z,79.99,79.99
984929,TINTA ACR FC 15L HIPER D+ BR/NV HIPERCOR BD0001BD,BD,tinta_acrilica,2026-09-15T21:43:23Z,79.99,79.99
09591,TINTA ACR FC 15L HIPER D+ BR/NV HIPERCOR BD0001BD,LA,tinta_acrilica,2026-09-14T17:04:44Z,110.89,98.57
09591,TINTA ACR FC 15L HIPER D+ BR/NV HIPERCOR BD0001BD,LA,tinta_acrilica,2026-09-12T12:25:20Z,110.89,99.79
09591,TINTA ACR FC 15L HIPER D+ BR/NV HIPERCOR BD0001BD,LA,tinta_acrilica,2026-09-14T17:52:00Z,99.801,99.8
09591,TINTA ACR FC 15L HIPER D+ BR/NV HIPERCOR BD0001BD,LA,tinta_acrilica,2026-09-12T12:42:56Z,99.801,99.8
09591,TINTA ACR FC 15L HIPER D+ BR/NV HIPERCOR BD0001BD,LA,tinta_acrilica,2026-09-11T11:12:56Z,110.89,99.8
984929,TINTA ACR FC 15L HIPER D+ BR/NV HIPERCOR BD0001BD,BD,tinta_acrilica_branca,2026-09-15T21:43:23Z,79.99,79.99
09591,TINTA ACR FC 15L HIPER D+ BR/NV HIPERCOR BD0001BD,LA,tinta_acrilica_branca,2026-09-14T17:04:44Z,110.89,98.57
09591,TINTA ACR FC 15L HIPER D+ BR/NV HIPERCOR BD0001BD,LA,tinta_acrilica_branca,2026-09-12T12:25:20Z,110.89,99.79
09591,TINTA ACR FC 15L HIPER D+ BR/NV HIPERCOR BD0001BD,LA,tinta_acrilica_branca,2026-09-14T17:52:00Z,99.801,99.8
09591,TINTA ACR FC 15L HIPER D+ BR/NV HIPERCOR BD0001BD,LA,tinta_acrilica_branca,2026-09-12T12:42:56Z,99.801,99.8
09591,TINTA ACR FC 15L HIPER D+ BR/NV HIPERCOR BD0001BD,LA,tinta_acrilica_branca,2026-09-11T11:12:56Z,110.89,99.8
984929,TINTA ACR FC 15L HIPER D+ BR/NV HIPERCOR BD0001BD,BD,tinta_branca,2026-09-15T21:43:23Z,79.99,79.99
09591,TINTA ACR FC 15L HIPER D+ BR/NV HIPERCOR BD0001BD,LA,tinta_branca,2026-09-14T17:04:44Z,110.89,98.57
09591,TINTA ACR FC 15L HIPER D+ BR/NV HIPERCOR BD0001BD,LA,tinta_branca,2026-09-12T12:25:20Z,110.89,99.79
09591,TINTA ACR FC 15L HIPER D+ BR/NV HIPERCOR BD0001BD,LA,tinta_branca,2026-09-14T17:52:00Z,99.801,99.8
09591,TINTA ACR FC 15L HIPER D+ BR/NV HIPERCOR BD0001BD,LA,tinta_branca,2026-09-12T12:42:56Z,99.801,99.8
09591,TINTA ACR FC 15L HIPER D+ BR/NV HIPERCOR BD0001BD,LA,tinta_branca,2026-09-11T11:12:56Z,110.89,99.8
295738,TINTA ACR FC 15L HIPER D+ PALH HIPERCOR BD0001BD,BD,tinta_acrilica,2026-09-15T21:04:15Z,79.99,79.99
295743,TINTA ACR FC 15L HIPER D+ VD/PM HIPERCOR BD0001BD,BD,tinta_acrilica,2026-09-13T12:31:04Z,79.99,79.99
295949,TINTA ACR FC 15L RT ACABA MOFO BR/NV IQU BD0001BD,BD,tinta_acrilica,2026-09-09T13:01:33Z,259.99,259.99
295949,TINTA ACR FC 15L RT ACABA MOFO BR/NV IQU BD0001BD,BD,tinta_acrilica_branca,2026-09-09T13:01:33Z,259.99,259.99
295949,TINTA ACR FC 15L RT ACABA MOFO BR/NV IQU BD0001BD,BD,tinta_branca,2026-09-09T13:01:33Z,259.99,259.99
295954,TINTA ACR FC 15L RT SEL PINT AREIA IQUIN BD0001BD,BD,tinta_acrilica,2026-09-14T15:00:48Z,289.99,289.99
0001133,TINTA ACR FC 15L RT SEL PINT BR/NV IQUIN,BD,tinta_acrilica,2026-09-11T20:22:05Z,295.0,295.0
0001133,TINTA ACR FC 15L RT SEL PINT BR/NV IQUIN,BD,tinta_acrilica_branca,2026-09-11T20:22:05Z,295.0,295.0
0001133,TINTA ACR FC 15L RT SEL PINT BR/NV IQUIN,BD,tinta_branca,2026-09-11T20:22:05Z,295.0,295.0
295950,TINTA ACR FC 15L RT SEL PINT BR/NV IQUIN BD0001BD,BD,tinta_acrilica,2026-09-15T21:50:05Z,199.99,199.98
295950,TINTA ACR FC 15L RT SEL PINT BR/NV IQUIN BD0001BD,BD,tinta_acrilica_branca,2026-09-15T21:50:05Z,199.99,199.98
295950,TINTA ACR FC 15L RT SEL PINT BR/NV IQUIN BD0001BD,BD,tinta_branca,2026-09-15T21:50:05Z,199.99,199.98
295955,TINTA ACR FC 15L RT SEL PINT CAMUR IQUIN,BD,tinta_acrilica,2026-09-14T20:34:59Z,289.99,289.99
295957,TINTA ACR FC 15L RT SEL PINT MF IQUINE BD0001BD,BD,tinta_acrilica,2026-09-10T20:07:44Z,289.99,258.09
295953,TINTA ACR FC 15L RT SEL PINT PALH IQUINE BD0001BD,BD,tinta_acrilica,2026-09-14T15:00:48Z,289.99,289.99
982802,TINTA ACR FC 16L REND MUIT AM/FV CORAL LT0001LT,L,tinta_acrilica,2026-09-12T15:47:04Z,435.99,392.39
015447,TINTA ACR FC 16L REND MUIT BR/GL CORAL,L,tinta_acrilica,2026-09-12T16:47:18Z,91.5,91.5
10125,TINTA ACR FC 16L REND MUIT BR/GL CORAL,LA,tinta_acrilica,2026-09-15T20:31:40Z,358.2,358.14
02393,TINTA ACR FC 16L REND MUIT BR/GL CORAL,L,tinta_acrilica,2026-09-10T20:23:09Z,426.36,378.4
015447,TINTA ACR FC 16L REND MUIT BR/GL CORAL,L,tinta_acrilica_branca,2026-09-12T16:47:18Z,91.5,91.5
10125,TINTA ACR FC 16L REND MUIT BR/GL CORAL,LA,tinta_acrilica_branca,2026-09-15T20:31:40Z,358.2,358.14
02393,TINTA ACR FC 16L REND MUIT BR/GL CORAL,L,tinta_acrilica_branca,2026-09-10T20:23:09Z,426.36,378.4
015447,TINTA ACR FC 16L REND MUIT BR/GL CORAL,L,tinta_branca,2026-09-12T16:47:18Z,91.5,91.5
10125,TINTA ACR FC 16L REND MUIT BR/GL CORAL,LA,tinta_branca,2026-09-15T20:31:40Z,358.2,358.14
02393,TINTA ACR FC 16L REND MUIT BR/GL CORAL,L,tinta_branca,2026-09-10T20:23:09Z,426.36,378.4
982828,TINTA ACR FC 16L REND MUIT CROM/SV CORA LT0001LT,L,tinta_acrilica,2026-09-14T14:17:53Z,435.99,435.99
982875,TINTA ACR FC 16L REND MUIT VD/KW CORAL LT0001LT,L,tinta_acrilica,2026-09-12T15:12:42Z,435.99,401.11
91854,TINTA ACR FC 18L CORALAR +DES LJ/MT CORA LT0001LT,L,tinta_acrilica,2026-09-09T21:39:30Z,244.99,244.99
75791,TINTA ACR FC 18L DIAPISO AM/DM IQUINE LT0001LT,PC,tinta_acrilica,2026-09-09T11:57:18Z,300.0,300.0
75793,TINTA ACR FC 18L DIAPISO AZ/PF IQUINE LT0001LT,PC,tinta_acrilica,2026-09-15T19:04:07Z,300.0,300.0
321460,TINTA ACR FC 18L DIAPISO AZ/PF IQUINE LT0001LT,L,tinta_acrilica,2026-09-15T16:11:08Z,371.9,371.9
75783,TINTA ACR FC 18L DIAPISO BR IQUINE LT0001LT,PC,tinta_acrilica,2026-09-15T19:04:07Z,300.0,300.0
75783,TINTA ACR FC 18L DIAPISO BR IQUINE LT0001LT,PC,tinta_acrilica_branca,2026-09-15T19:04:07Z,300.0,300.0
75783,TINTA ACR FC 18L DIAPISO BR IQUINE LT0001LT,PC,tinta_branca,2026-09-15T19:04:07Z,300.0,300.0
75785,TINTA ACR FC 18L DIAPISO CONC IQUINE LT0001LT,PC,tinta_acrilica,2026-09-14T22:08:11Z,300.0,300.0
321459,TINTA ACR FC 18L DIAPISO CONC IQUINE LT0001LT,L,tinta_acrilica,2026-09-15T12:26:07Z,371.9,371.9
972720,TINTA ACR FC 18L DIAPISO SAIBRO IQUINE LT0001LT,L,tinta_acrilica,2026-09-09T13:08:15Z,300.0,300.0
296001,TINTA ACR FC 18L MASTER BR CORAL LT0001LT,L,tinta_acrilica,2026-09-11T12:59:22Z,319.9,319.9
296001,TINTA ACR FC 18L MASTER BR CORAL LT0001LT,L,tinta_acrilica_branca,2026-09-11T12:59:22Z,319.9,319.9
296001,TINTA ACR FC 18L MASTER BR CORAL LT0001LT,L,tinta_branca,2026-09-11T12:59:22Z,319.9,319.9
75330,TINTA ACR FC 18L PINTA PISO AM/DM CORAL LT0001LT,L,tinta_acrilica,2026-09-14T14:01:05Z,407.99,407.99
55896,TINTA ACR FC 18L PINTA PISO AZ CORAL LT0001LT,L,tinta_acrilica,2026-09-09T18:07:17Z,407.99,407.99
75332,TINTA ACR FC 18L PINTA PISO BR CORAL LT0001LT,L,tinta_acrilica,2026-09-14T14:01:05Z,407.99,407.99
75332,TINTA ACR FC 18L PINTA PISO BR CORAL LT0001LT,L,tinta_acrilica_branca,2026-09-14T14:01:05Z,407.99,407.99
75332,TINTA ACR FC 18L PINTA PISO BR CORAL LT0001LT,L,tinta_branca,2026-09-14T14:01:05Z,407.99,407.99
69766,TINTA ACR FC 18L PINTA PISO CONC CORAL LT0001LT,L,tinta_acrilica,2026-09-13T11:37:42Z,407.99,407.99
69767,TINTA ACR FC 18L PINTA PISO CZES CORAL,L,tinta_acrilica,2026-09-15T22:30:10Z,407.99,407.99
017201,TINTA ACR FC 18L PINTA PISO PT CORAL,L,tinta_acrilica,2026-09-15T13:08:49Z,80.0,80.0
953086,TINTA ACR FC 18L PINTA PISO VDQUA CORAL,L,tinta_acrilica,2026-09-14T13:52:32Z,407.99,407.99
982807,"TINTA ACR FC 3,2L REND MUIT AREIA CORAL GL0001GL",GL,tinta_acrilica,2026-09-15T21:30:24Z,128.99,128.99
982833,"TINTA ACR FC 3,2L REND MUIT LJMT CORAL",GL,tinta_acrilica,2026-09-15T17:07:20Z,128.99,128.99
982870,"TINTA ACR FC 3,2L REND MUIT PER CORAL GL0001GL",GL,tinta_acrilica,2026-09-14T14:17:53Z,128.99,128.99
982872,"TINTA ACR FC 3,2L REND MUIT VD/AN CORAL GL0001GL",GL,tinta_acrilica,2026-09-10T12:17:46Z,128.99,128.99
012749,"TINTA ACR FC 3,2L RENOVA BR CORAL",UN,tinta_acrilica,2026-09-14T20:10:20Z,80.0,79.73
08296,"TINTA ACR FC 3,2L RENOVA BR CORAL",GL,tinta_acrilica,2026-09-15T19:00:55Z,165.0,140.0
08296,"TINTA ACR FC 3,2L RENOVA BR CORAL",GL,tinta_acrilica,2026-09-12T13:28:42Z,165.0,148.45
012749,"TINTA ACR FC 3,2L RENOVA BR CORAL",UN,tinta_acrilica_branca,2026-09-14T20:10:20Z,80.0,79.73
08296,"TINTA ACR FC 3,2L RENOVA BR CORAL",GL,tinta_acrilica_branca,2026-09-15T19:00:55Z,165.0,140.0
08296,"TINTA ACR FC 3,2L RENOVA BR CORAL",GL,tinta_acrilica_branca,2026-09-12T13:28:42Z,165.0,148.45
012749,"TINTA ACR FC 3,2L RENOVA BR CORAL",UN,tinta_branca,2026-09-14T20:10:20Z,80.0,79.73
08296,"TINTA ACR FC 3,2L RENOVA BR CORAL",GL,tinta_branca,2026-09-15T19:00:55Z,165.0,140.0
08296,"TINTA ACR FC 3,2L RENOVA BR CORAL",GL,tinta_branca,2026-09-12T13:28:42Z,165.0,148.45
992137,"TINTA ACR FC 3,6L CORALAR +DES DIA NUB GL0004GL",GL,tinta_acrilica,2026-09-14T21:00:45Z,69.99,69.99
61841,"TINTA ACR FC 3,6L CORALAR +DES PALH CORA GL0001GL",GL,tinta_acrilica,2026-09-09T15:20:21Z,69.99,69.99
011900,"TINTA ACR FC 3,6L DECORA BR CORAL",BD,tinta_acrilica,2026-09-14T18:58:08Z,113.09,80.0
10623,"TINTA ACR FC 3,6L DECORA BR CORAL",GL,tinta_acrilica,2026-09-14T13:28:09Z,169.99,169.99
011900,"TINTA ACR FC 3,6L DECORA BR CORAL",BD,tinta_acrilica_branca,2026-09-14T18:58:08Z,113.09,80.0
10623,"TINTA ACR FC 3,6L DECORA BR CORAL",GL,tinta_acrilica_branca,2026-09-14T13:28:09Z,169.99,169.99
011900,"TINTA ACR FC 3,6L DECORA BR CORAL",BD,tinta_branca,2026-09-14T18:58:08Z,113.09,80.0
10623,"TINTA ACR FC 3,6L DECORA BR CORAL",GL,tinta_branca,2026-09-14T13:28:09Z,169.99,169.99
75753,"TINTA ACR FC 3,6L DIAPISO VDFOLH IQUNE",GL,tinta_acrilica,2026-09-13T14:38:17Z,99.99,99.99
75748,"TINTA ACR FC 3,6L DIAPISO VM IQUNE GL0001GL",PC,tinta_acrilica,2026-09-13T17:39:08Z,99.99,89.99
295780,"TINTA ACR FC 3,6L HIPER D+ AREIA HIPERCO GL0001GL",BD,tinta_acrilica,2026-09-14T18:15:25Z,43.99,43.99
295779,"TINTA ACR FC 3,6L HIPER D+ PALH HIPERCO GL0001GL",GL,tinta_acrilica,2026-09-15T22:48:31Z,43.99,43.99
295783,"TINTA ACR FC 3,6L HIPER D+ VD/PM HIPERCO GL0001GL",GL,tinta_acrilica,2026-09-15T22:48:31Z,43.99,43.99
296006,"TINTA ACR FC 3,6L MASTER AREIA CORAL GL0004GL",FD,tinta_acrilica,2026-09-09T19:16:18Z,109.99,109.99
295969,"TINTA ACR FC 3,6L MASTER BR CORAL GL0004GL",GL,tinta_acrilica,2026-09-10T13:41:45Z,109.99,109.99
295969,"TINTA ACR FC 3,6L MASTER BR CORAL GL0004GL",GL,tinta_acrilica_branca,2026-09-10T13:41:45Z,109.99,109.99
295969,"TINTA ACR FC 3,6L MASTER BR CORAL GL0004GL",GL,tinta_branca,2026-09-10T13:41:45Z,109.99,109.99
296004,"TINTA ACR FC 3,6L MASTER BR/GL CORAL GL0004GL",FD,tinta_acrilica,2026-09-15T17:47:28Z,109.99,109.99
296004,"TINTA ACR FC 3,6L MASTER BR/GL CORAL GL0004GL",FD,tinta_acrilica_branca,2026-09-15T17:47:28Z,109.99,109.99
296004,"TINTA ACR FC 3,6L MASTER BR/GL CORAL GL0004GL",FD,tinta_branca,2026-09-15T17:47:28Z,109.99,109.99
296007,"TINTA ACR FC 3,6L MASTER TUB/BR CORAL GL0004GL",FD,tinta_acrilica,2026-09-14T20:35:11Z,109.99,109.99
296007,"TINTA ACR FC 3,6L MASTER TUB/BR CORAL GL0004GL",FD,tinta_acrilica_branca,2026-09-14T20:35:11Z,109.99,109.99
296007,"TINTA ACR FC 3,6L MASTER TUB/BR CORAL GL0004GL",FD,tinta_branca,2026-09-14T20:35:11Z,109.99,109.99
64099,"TINTA ACR FC 3,6L PINTA PISO PT CORAL",GL,tinta_acrilica,2026-09-15T20:20:39Z,106.99,106.99
953088,"TINTA ACR FC 3,6L PINTA PISO VDQUA CORA",GL,tinta_acrilica,2026-09-15T21:56:14Z,106.99,106.99
892234,"TINTA ACR FC 3,6L PINTA PISO VM/SEG CORA GL0001GL",GL,tinta_acrilica,2026-09-10T15:00:38Z,106.99,106.99
300447,"TINTA ACR FC 3,6L RT DELANIL BOI/GAR IQU GL0001GL",GL,tinta_acrilica,2026-09-15T12:20:14Z,99.99,99.99
300420,"TINTA ACR FC 3,6L RT DELANIL BR/NV IQUIN GL0001GL",GL,tinta_acrilica,2026-09-11T19:38:40Z,99.99,99.99
300420,"TINTA ACR FC 3,6L RT DELANIL BR/NV IQUIN GL0001GL",GL,tinta_acrilica_branca,2026-09-11T19:38:40Z,99.99,99.99
300420,"TINTA ACR FC 3,6L RT DELANIL BR/NV IQUIN GL0001GL",GL,tinta_branca,2026-09-11T19:38:40Z,99.99,99.99
300442,"TINTA ACR FC 3,6L RT DELANIL RIV IQUINE GL0001GL",GL,tinta_acrilica,2026-09-12T18:34:35Z,99.99,99.99
300461,"TINTA ACR FC 3,6L RT SEL PINT AREIA IQUI GL0001GL",GL,tinta_acrilica,2026-09-13T13:31:17Z,85.99,85.99
300467,"TINTA ACR FC 3,6L RT SEL PINT BR/NV IQUI GL0001GL",GL,tinta_acrilica,2026-09-14T14:17:01Z,85.99,85.99
300467,"TINTA ACR FC 3,6L RT SEL PINT BR/NV IQUI GL0001GL",GL,tinta_acrilica_branca,2026-09-14T14:17:01Z,85.99,85.99
300467,"TINTA ACR FC 3,6L RT SEL PINT BR/NV IQUI GL0001GL",GL,tinta_branca,2026-09-14T14:17:01Z,85.99,85.99
300469,"TINTA ACR FC 3,6L RT SEL PINT CAMUR IQUI GL0001GL",GL,tinta_acrilica,2026-09-09T14:51:10Z,85.99,85.99
305323,"TINTA ACR FC 3,6L RT SEL PINT GESS BR/NV GL0001GL",GL,tinta_acrilica,2026-09-12T15:12:42Z,89.99,82.79
305323,"TINTA ACR FC 3,6L RT SEL PINT GESS BR/NV GL0001GL",GL,tinta_acrilica_branca,2026-09-12T15:12:42Z,89.99,82.79
305323,"TINTA ACR FC 3,6L RT SEL PINT GESS BR/NV GL0001GL",GL,tinta_branca,2026-09-12T15:12:42Z,89.99,82.79
300477,"TINTA ACR FC 3,6L RT SEL PINT PALH IQUIN GL0001GL",GL,tinta_acrilica,2026-09-09T11:59:18Z,85.99,85.99
921042,"TINTA ACR FC 3,6L TOT SOL CHUV AREIA COR GL0001GL",GL,tinta_acrilica,2026-09-15T15:26:13Z,150.0,150.0
967395,TINTA ACR FC BD15L REND MUIT BR CORAL BD0001BD,BD,tinta_acrilica,2026-09-09T14:16:04Z,299.99,209.99
967395,TINTA ACR FC BD15L REND MUIT BR CORAL BD0001BD,BD,tinta_acrilica_branca,2026-09-09T14:16:04Z,299.99,209.99
967395,TINTA ACR FC BD15L REND MUIT BR CORAL BD0001BD,BD,tinta_branca,2026-09-09T14:16:04Z,299.99,209.99
9720,TINTA ACR FC LT15L CORALAR +EC BR/GL CO,L,tinta_acrilica,2026-09-09T13:48:55Z,159.9,159.9
9720,TINTA ACR FC LT15L CORALAR +EC BR/GL CO,L,tinta_acrilica_branca,2026-09-09T13:48:55Z,159.9,159.9
9720,TINTA ACR FC LT15L CORALAR +EC BR/GL CO,L,tinta_branca,2026-09-09T13:48:55Z,159.9,159.9
7891019907069,"TINTA ACR FO BR NEVE DECORA MATTE 3,6L CORAL",GL,tinta_acrilica,2026-09-09T19:44:42Z,169.9,161.44
7891019907069,"TINTA ACR FO BR NEVE DECORA MATTE 3,6L CORAL",GL,tinta_acrilica_branca,2026-09-09T19:44:42Z,169.9,161.44
7891019907069,"TINTA ACR FO BR NEVE DECORA MATTE 3,6L CORAL",GL,tinta_branca,2026-09-09T19:44:42Z,169.9,161.44
7891019907892,TINTA ACR FO BR NEVE RENDE MUITO 20 LITROS CORAL,UN,tinta_acrilica,2026-09-15T23:10:45Z,299.9,285.89
7891019907892,TINTA ACR FO BR NEVE RENDE MUITO 20 LITROS CORAL,UN,tinta_acrilica,2026-09-15T13:08:30Z,299.9,299.9
7891019907892,TINTA ACR FO BR NEVE RENDE MUITO 20 LITROS CORAL,UN,tinta_acrilica,2026-09-15T20:14:09Z,299.9,299.9
7891019907892,TINTA ACR FO BR NEVE RENDE MUITO 20 LITROS CORAL,UN,tinta_acrilica,2026-09-14T22:04:22Z,299.9,299.9
904901,TINTA ACR FO BR NEVE RENDE MUITO 20 LITROS CORAL,BP,tinta_acrilica,2026-09-14T18:13:34Z,299.91,299.91
07089,TINTA ACR FO BR NEVE RENDE MUITO 20 LITROS CORAL,LA,tinta_acrilica,2026-09-15T21:13:54Z,355.0,314.82
07089,TINTA ACR FO BR NEVE RENDE MUITO 20 LITROS CORAL,LA,tinta_acrilica,2026-09-15T11:14:11Z,319.0,319.0
07089,TINTA ACR FO BR NEVE RENDE MUITO 20 LITROS CORAL,LA,tinta_acrilica,2026-09-15T19:32:19Z,355.0,319.085
07089,TINTA ACR FO BR NEVE RENDE MUITO 20 LITROS CORAL,LA,tinta_acrilica,2026-09-09T13:22:58Z,355.0,319.5
07089,TINTA ACR FO BR NEVE RENDE MUITO 20 LITROS CORAL,LA,tinta_acrilica,2026-09-15T19:52:15Z,319.5,319.5
07089,TINTA ACR FO BR NEVE RENDE MUITO 20 LITROS CORAL,LA,tinta_acrilica,2026-09-15T11:33:17Z,355.0,319.58
7891019907892,TINTA ACR FO BR NEVE RENDE MUITO 20 LITROS CORAL,UN,tinta_acrilica,2026-09-15T22:06:15Z,340.32,340.32
7891019907892,TINTA ACR FO BR NEVE RENDE MUITO 20 LITROS CORAL,UN,tinta_acrilica_branca,2026-09-15T23:10:45Z,299.9,285.89
7891019907892,TINTA ACR FO BR NEVE RENDE MUITO 20 LITROS CORAL,UN,tinta_acrilica_branca,2026-09-15T13:08:30Z,299.9,299.9
7891019907892,TINTA ACR FO BR NEVE RENDE MUITO 20 LITROS CORAL,UN,tinta_acrilica_branca,2026-09-15T20:14:09Z,299.9,299.9
7891019907892,TINTA ACR FO BR NEVE RENDE MUITO 20 LITROS CORAL,UN,tinta_acrilica_branca,2026-09-14T22:04:22Z,299.9,299.9
904901,TINTA ACR FO BR NEVE RENDE MUITO 20 LITROS CORAL,BP,tinta_acrilica_branca,2026-09-14T18:13:34Z,299.91,299.91
07089,TINTA ACR FO BR NEVE RENDE MUITO 20 LITROS CORAL,LA,tinta_acrilica_branca,2026-09-15T21:13:54Z,355.0,314.82
07089,TINTA ACR FO BR NEVE RENDE MUITO 20 LITROS CORAL,LA,tinta_acrilica_branca,2026-09-15T11:14:11Z,319.0,319.0
07089,TINTA ACR FO BR NEVE RENDE MUITO 20 LITROS CORAL,LA,tinta_acrilica_branca,2026-09-15T19:32:19Z,355.0,319.085
07089,TINTA ACR FO BR NEVE RENDE MUITO 20 LITROS CORAL,LA,tinta_acrilica_branca,2026-09-09T13:22:58Z,355.0,319.5
07089,TINTA ACR FO BR NEVE RENDE MUITO 20 LITROS CORAL,LA,tinta_acrilica_branca,2026-09-15T19:52:15Z,319.5,319.5
07089,TINTA ACR FO BR NEVE RENDE MUITO 20 LITROS CORAL,LA,tinta_acrilica_branca,2026-09-15T11:33:17Z,355.0,319.58
7891019907892,TINTA ACR FO BR NEVE RENDE MUITO 20 LITROS CORAL,UN,tinta_acrilica_branca,2026-09-15T22:06:15Z,340.32,340.32
7891019907892,TINTA ACR FO BR NEVE RENDE MUITO 20 LITROS CORAL,UN,tinta_branca,2026-09-15T23:10:45Z,299.9,285.89
7891019907892,TINTA ACR FO BR NEVE RENDE MUITO 20 LITROS CORAL,UN,tinta_branca,2026-09-15T13:08:30Z,299.9,299.9
7891019907892,TINTA ACR FO BR NEVE RENDE MUITO 20 LITROS CORAL,UN,tinta_branca,2026-09-15T20:14:09Z,299.9,299.9
7891019907892,TINTA ACR FO BR NEVE RENDE MUITO 20 LITROS CORAL,UN,tinta_branca,2026-09-14T22:04:22Z,299.9,299.9
904901,TINTA ACR FO BR NEVE RENDE MUITO 20 LITROS CORAL,BP,tinta_branca,2026-09-14T18:13:34Z,299.91,299.91
07089,TINTA ACR FO BR NEVE RENDE MUITO 20 LITROS CORAL,LA,tinta_branca,2026-09-15T21:13:54Z,355.0,314.82
07089,TINTA ACR FO BR NEVE RENDE MUITO 20 LITROS CORAL,LA,tinta_branca,2026-09-15T11:14:11Z,319.0,319.0
07089,TINTA ACR FO BR NEVE RENDE MUITO 20 LITROS CORAL,LA,tinta_branca,2026-09-15T19:32:19Z,355.0,319.085
07089,TINTA ACR FO BR NEVE RENDE MUITO 20 LITROS CORAL,LA,tinta_branca,2026-09-09T13:22:58Z,355.0,319.5
07089,TINTA ACR FO BR NEVE RENDE MUITO 20 LITROS CORAL,LA,tinta_branca,2026-09-15T19:52:15Z,319.5,319.5
07089,TINTA ACR FO BR NEVE RENDE MUITO 20 LITROS CORAL,LA,tinta_branca,2026-09-15T11:33:17Z,355.0,319.58
7891019907892,TINTA ACR FO BR NEVE RENDE MUITO 20 LITROS CORAL,UN,tinta_branca,2026-09-15T22:06:15Z,340.32,340.32
7891019915019,TINTA ACR FO IMP BASE T SOL E CHUVA 3.2L CORAL,UN,tinta_acrilica,2026-09-15T19:04:32Z,325.28,286.61
7891260561782,"TINTA ACR FOS 0,8L BASE A2 TOQUE FOSCO SUVINIL",UN,tinta_acrilica,2026-09-14T18:11:27Z,62.59,62.59
7891260561782,"TINTA ACR FOS 0,8L BASE A2 TOQUE FOSCO SUVINIL",UN,tinta_acrilica,2026-09-12T21:36:00Z,63.71,63.71
7891260561843,"TINTA ACR FOS 0,8L BASE C2 TOQUE FOSCO SUVINIL",UN,tinta_acrilica,2026-09-15T13:25:46Z,100.2,100.2
7892948057283,TINTA ACR FOS 15L ARARA AZUL DELANIL IQUINE,UN,tinta_acrilica,2026-09-15T12:30:54Z,395.9,395.9
7892948057078,TINTA ACR FOS 15L AREIA SELA PINTA IQUINE,UN,tinta_acrilica,2026-09-10T13:54:19Z,289.9,246.705
7892948057078,TINTA ACR FOS 15L AREIA SELA PINTA IQUINE,UN,tinta_acrilica,2026-09-15T16:21:36Z,289.9,289.9
7892948043187,TINTA ACR FOS 15L BR NEVE PINTALAR IQUINE,BD,tinta_acrilica,2026-09-14T20:43:12Z,89.9,71.93
7892948043187,TINTA ACR FOS 15L BR NEVE PINTALAR IQUINE,BD,tinta_acrilica,2026-09-15T21:37:19Z,89.9,87.21
7892948043187,TINTA ACR FOS 15L BR NEVE PINTALAR IQUINE,BD,tinta_acrilica,2026-09-15T15:46:14Z,89.9,89.9
7892948043187,TINTA ACR FOS 15L BR NEVE PINTALAR IQUINE,BD,tinta_acrilica,2026-09-15T22:22:12Z,89.9,89.9
924378,TINTA ACR FOS 15L BR NEVE PINTALAR IQUINE,L,tinta_acrilica,2026-09-15T18:20:42Z,109.9,97.81
45175,TINTA ACR FOS 15L BR NEVE PINTALAR IQUINE,UN,tinta_acrilica,2026-09-11T11:36:22Z,109.99,109.99
4941,TINTA ACR FOS 15L BR NEVE PINTALAR IQUINE,UN,tinta_acrilica,2026-09-12T19:50:14Z,119.0,119.0
0000068,TINTA ACR FOS 15L BR NEVE PINTALAR IQUINE,BD,tinta_acrilica,2026-09-14T20:05:01Z,120.0,120.0
000315,TINTA ACR FOS 15L BR NEVE PINTALAR IQUINE,L,tinta_acrilica,2026-09-14T11:42:32Z,120.0,120.0
0002855,TINTA ACR FOS 15L BR NEVE PINTALAR IQUINE,BD,tinta_acrilica,2026-09-15T20:15:55Z,128.8,128.8
006001,TINTA ACR FOS 15L BR NEVE PINTALAR IQUINE,UN,tinta_acrilica,2026-09-12T22:58:29Z,129.0,129.0
002353,TINTA ACR FOS 15L BR NEVE PINTALAR IQUINE,UN,tinta_acrilica,2026-09-12T13:36:33Z,139.9,139.19
924378,TINTA ACR FOS 15L BR NEVE PINTALAR IQUINE,UN,tinta_acrilica,2026-09-12T17:00:09Z,147.5,147.5
7892948043187,TINTA ACR FOS 15L BR NEVE PINTALAR IQUINE,UN,tinta_acrilica,2026-09-15T11:53:52Z,151.25,151.25
7892948043187,TINTA ACR FOS 15L BR NEVE PINTALAR IQUINE,BD,tinta_acrilica_branca,2026-09-14T20:43:12Z,89.9,71.93
7892948043187,TINTA ACR FOS 15L BR NEVE PINTALAR IQUINE,BD,tinta_acrilica_branca,2026-09-15T21:37:19Z,89.9,87.21
7892948043187,TINTA ACR FOS 15L BR NEVE PINTALAR IQUINE,BD,tinta_acrilica_branca,2026-09-15T15:46:14Z,89.9,89.9
7892948043187,TINTA ACR FOS 15L BR NEVE PINTALAR IQUINE,BD,tinta_acrilica_branca,2026-09-15T22:22:12Z,89.9,89.9
924378,TINTA ACR FOS 15L BR NEVE PINTALAR IQUINE,L,tinta_acrilica_branca,2026-09-15T18:20:42Z,109.9,97.81
45175,TINTA ACR FOS 15L BR NEVE PINTALAR IQUINE,UN,tinta_acrilica_branca,2026-09-11T11:36:22Z,109.99,109.99
4941,TINTA ACR FOS 15L BR NEVE PINTALAR IQUINE,UN,tinta_acrilica_branca,2026-09-12T19:50:14Z,119.0,119.0
0000068,TINTA ACR FOS 15L BR NEVE PINTALAR IQUINE,BD,tinta_acrilica_branca,2026-09-14T20:05:01Z,120.0,120.0
000315,TINTA ACR FOS 15L BR NEVE PINTALAR IQUINE,L,tinta_acrilica_branca,2026-09-14T11:42:32Z,120.0,120.0
0002855,TINTA ACR FOS 15L BR NEVE PINTALAR IQUINE,BD,tinta_acrilica_branca,2026-09-15T20:15:55Z,128.8,128.8
006001,TINTA ACR FOS 15L BR NEVE PINTALAR IQUINE,UN,tinta_acrilica_branca,2026-09-12T22:58:29Z,129.0,129.0
002353,TINTA ACR FOS 15L BR NEVE PINTALAR IQUINE,UN,tinta_acrilica_branca,2026-09-12T13:36:33Z,139.9,139.19
924378,TINTA ACR FOS 15L BR NEVE PINTALAR IQUINE,UN,tinta_acrilica_branca,2026-09-12T17:00:09Z,147.5,147.5
7892948043187,TINTA ACR FOS 15L BR NEVE PINTALAR IQUINE,UN,tinta_acrilica_branca,2026-09-15T11:53:52Z,151.25,151.25
7892948043187,TINTA ACR FOS 15L BR NEVE PINTALAR IQUINE,BD,tinta_branca,2026-09-14T20:43:12Z,89.9,71.93
7892948043187,TINTA ACR FOS 15L BR NEVE PINTALAR IQUINE,BD,tinta_branca,2026-09-15T21:37:19Z,89.9,87.21
7892948043187,TINTA ACR FOS 15L BR NEVE PINTALAR IQUINE,BD,tinta_branca,2026-09-15T15:46:14Z,89.9,89.9
7892948043187,TINTA ACR FOS 15L BR NEVE PINTALAR IQUINE,BD,tinta_branca,2026-09-15T22:22:12Z,89.9,89.9
924378,TINTA ACR FOS 15L BR NEVE PINTALAR IQUINE,L,tinta_branca,2026-09-15T18:20:42Z,109.9,97.81
45175,TINTA ACR FOS 15L BR NEVE PINTALAR IQUINE,UN,tinta_branca,2026-09-11T11:36:22Z,109.99,109.99
4941,TINTA ACR FOS 15L BR NEVE PINTALAR IQUINE,UN,tinta_branca,2026-09-12T19:50:14Z,119.0,119.0
0000068,TINTA ACR FOS 15L BR NEVE PINTALAR IQUINE,BD,tinta_branca,2026-09-14T20:05:01Z,120.0,120.0
000315,TINTA ACR FOS 15L BR NEVE PINTALAR IQUINE,L,tinta_branca,2026-09-14T11:42:32Z,120.0,120.0
0002855,TINTA ACR FOS 15L BR NEVE PINTALAR IQUINE,BD,tinta_branca,2026-09-15T20:15:55Z,128.8,128.8
006001,TINTA ACR FOS 15L BR NEVE PINTALAR IQUINE,UN,tinta_branca,2026-09-12T22:58:29Z,129.0,129.0
002353,TINTA ACR FOS 15L BR NEVE PINTALAR IQUINE,UN,tinta_branca,2026-09-12T13:36:33Z,139.9,139.19
924378,TINTA ACR FOS 15L BR NEVE PINTALAR IQUINE,UN,tinta_branca,2026-09-12T17:00:09Z,147.5,147.5
7892948043187,TINTA ACR FOS 15L BR NEVE PINTALAR IQUINE,UN,tinta_branca,2026-09-15T11:53:52Z,151.25,151.25
7892948057245,TINTA ACR FOS 15L CAJU DELANIL IQUINE,UN,tinta_acrilica,2026-09-12T13:41:44Z,395.9,395.9
7892948057344,TINTA ACR FOS 15L CAMURCA SELA PINTA IQUINE,UN,tinta_acrilica,2026-09-12T13:02:10Z,289.9,289.9
7892948057382,TINTA ACR FOS 15L CANJICA SELA PINTA IQUINE,UN,tinta_acrilica,2026-09-10T18:50:00Z,289.9,289.9
7892948057382,TINTA ACR FOS 15L CANJICA SELA PINTA IQUINE,UN,tinta_acrilica,2026-09-10T20:54:58Z,289.9,289.9
7892948057061,TINTA ACR FOS 15L MARFIM SELA PINTA IQUINE,UN,tinta_acrilica,2026-09-11T18:22:32Z,289.9,289.9
7892948057115,TINTA ACR FOS 15L RONDON DELANIL IQUINE,UN,tinta_acrilica,2026-09-13T11:53:05Z,395.9,376.144
7891260561805,TINTA ACR FOS 16L BASE A2 TOQUE FOSCO SUVINIL,UN,tinta_acrilica,2026-09-15T20:08:03Z,591.9,591.9
7891260561805,TINTA ACR FOS 16L BASE A2 TOQUE FOSCO SUVINIL,UN,tinta_acrilica,2026-09-15T14:24:19Z,591.9,591.9
7891019170678,TINTA ACR FOS 16L BASE PM RENDE MUITO CORAL,L,tinta_acrilica,2026-09-13T20:59:18Z,389.9,155.96
7891019170678,TINTA ACR FOS 16L BASE PM RENDE MUITO CORAL,L,tinta_acrilica,2026-09-14T19:51:14Z,389.9,389.9
7891019170678,TINTA ACR FOS 16L BASE PM RENDE MUITO CORAL,L,tinta_acrilica,2026-09-14T19:33:33Z,408.48,408.48
7891019170678,TINTA ACR FOS 16L BASE PM RENDE MUITO CORAL,L,tinta_acrilica,2026-09-10T13:34:01Z,478.46,478.46
7891019169467,TINTA ACR FOS 18L AM FREVO CORALAR CORAL,L,tinta_acrilica,2026-09-14T17:58:25Z,249.9,249.9
7891019138654,TINTA ACR FOS 18L AREIA CORALAR CORAL,L,tinta_acrilica,2026-09-13T17:23:58Z,244.9,244.9
7891019176137,TINTA ACR FOS 18L BR GELO CORALAR CORAL,L,tinta_acrilica,2026-09-13T15:02:24Z,227.9,227.9
7891019176137,TINTA ACR FOS 18L BR GELO CORALAR CORAL,L,tinta_acrilica,2026-09-15T14:45:06Z,227.9,227.9
7891019176137,TINTA ACR FOS 18L BR GELO CORALAR CORAL,L,tinta_acrilica_branca,2026-09-13T15:02:24Z,227.9,227.9
7891019176137,TINTA ACR FOS 18L BR GELO CORALAR CORAL,L,tinta_acrilica_branca,2026-09-15T14:45:06Z,227.9,227.9
7891019176137,TINTA ACR FOS 18L BR GELO CORALAR CORAL,L,tinta_branca,2026-09-13T15:02:24Z,227.9,227.9
7891019176137,TINTA ACR FOS 18L BR GELO CORALAR CORAL,L,tinta_branca,2026-09-15T14:45:06Z,227.9,227.9
7891019176113,TINTA ACR FOS 18L BR NEVE CORALAR CORAL,L,tinta_acrilica,2026-09-13T16:31:20Z,179.9,179.9
7891019176113,TINTA ACR FOS 18L BR NEVE CORALAR CORAL,L,tinta_acrilica,2026-09-12T00:01:52Z,179.9,179.9
7891019176113,TINTA ACR FOS 18L BR NEVE CORALAR CORAL,L,tinta_acrilica_branca,2026-09-13T16:31:20Z,179.9,179.9
7891019176113,TINTA ACR FOS 18L BR NEVE CORALAR CORAL,L,tinta_acrilica_branca,2026-09-12T00:01:52Z,179.9,179.9
7891019176113,TINTA ACR FOS 18L BR NEVE CORALAR CORAL,L,tinta_branca,2026-09-13T16:31:20Z,179.9,179.9
7891019176113,TINTA ACR FOS 18L BR NEVE CORALAR CORAL,L,tinta_branca,2026-09-12T00:01:52Z,179.9,179.9
7891260561737,TINTA ACR FOS 18L BR NEVE TOQUE FOSCO SUVINIL,UN,tinta_acrilica,2026-09-10T20:05:36Z,515.9,493.15
7891260561737,TINTA ACR FOS 18L BR NEVE TOQUE FOSCO SUVINIL,UN,tinta_acrilica_branca,2026-09-10T20:05:36Z,515.9,493.15
7891260561737,TINTA ACR FOS 18L BR NEVE TOQUE FOSCO SUVINIL,UN,tinta_branca,2026-09-10T20:05:36Z,515.9,493.15
7891019138616,TINTA ACR FOS 18L CAMURCA CORALAR CORAL,L,tinta_acrilica,2026-09-14T18:41:33Z,255.9,255.9
7891019138630,TINTA ACR FOS 18L MARFIM CORALAR CORAL,L,tinta_acrilica,2026-09-13T21:36:53Z,233.9,233.9
7891019169535,TINTA ACR FOS 18L VD KIWI CORALAR CORAL,L,tinta_acrilica,2026-09-13T13:29:22Z,235.9,235.9
7892948036240,TINTA ACR FOS 20L BR NEVE DELANIL IQUINE,UN,tinta_acrilica,2026-09-15T13:05:30Z,279.9,271.53
7892948036240,TINTA ACR FOS 20L BR NEVE DELANIL IQUINE,UN,tinta_acrilica,2026-09-10T19:17:41Z,279.9,279.9
7892948036240,TINTA ACR FOS 20L BR NEVE DELANIL IQUINE,UN,tinta_acrilica,2026-09-11T18:12:59Z,279.9,279.9
7892948036240,TINTA ACR FOS 20L BR NEVE DELANIL IQUINE,UN,tinta_acrilica,2026-09-14T13:01:23Z,279.9,279.9
347127,TINTA ACR FOS 20L BR NEVE DELANIL IQUINE,LA,tinta_acrilica,2026-09-14T20:33:15Z,289.9,289.9
347127,TINTA ACR FOS 20L BR NEVE DELANIL IQUINE,LA,tinta_acrilica,2026-09-15T13:37:16Z,289.9,289.9
890334,TINTA ACR FOS 20L BR NEVE DELANIL IQUINE,L,tinta_acrilica,2026-09-14T12:21:50Z,290.0,290.0
12754,TINTA ACR FOS 20L BR NEVE DELANIL IQUINE,BD,tinta_acrilica,2026-09-11T17:59:23Z,299.9,299.9
12754,TINTA ACR FOS 20L BR NEVE DELANIL IQUINE,BD,tinta_acrilica,2026-09-12T12:45:16Z,299.9,299.9
12754,TINTA ACR FOS 20L BR NEVE DELANIL IQUINE,BD,tinta_acrilica,2026-09-12T14:12:20Z,299.9,299.9
7892948036240,TINTA ACR FOS 20L BR NEVE DELANIL IQUINE,UN,tinta_acrilica_branca,2026-09-15T13:05:30Z,279.9,271.53
7892948036240,TINTA ACR FOS 20L BR NEVE DELANIL IQUINE,UN,tinta_acrilica_branca,2026-09-10T19:17:41Z,279.9,279.9
7892948036240,TINTA ACR FOS 20L BR NEVE DELANIL IQUINE,UN,tinta_acrilica_branca,2026-09-11T18:12:59Z,279.9,279.9
7892948036240,TINTA ACR FOS 20L BR NEVE DELANIL IQUINE,UN,tinta_acrilica_branca,2026-09-14T13:01:23Z,279.9,279.9
347127,TINTA ACR FOS 20L BR NEVE DELANIL IQUINE,LA,tinta_acrilica_branca,2026-09-14T20:33:15Z,289.9,289.9
347127,TINTA ACR FOS 20L BR NEVE DELANIL IQUINE,LA,tinta_acrilica_branca,2026-09-15T13:37:16Z,289.9,289.9
890334,TINTA ACR FOS 20L BR NEVE DELANIL IQUINE,L,tinta_acrilica_branca,2026-09-14T12:21:50Z,290.0,290.0
12754,TINTA ACR FOS 20L BR NEVE DELANIL IQUINE,BD,tinta_acrilica_branca,2026-09-11T17:59:23Z,299.9,299.9
12754,TINTA ACR FOS 20L BR NEVE DELANIL IQUINE,BD,tinta_acrilica_branca,2026-09-12T12:45:16Z,299.9,299.9
12754,TINTA ACR FOS 20L BR NEVE DELANIL IQUINE,BD,tinta_acrilica_branca,2026-09-12T14:12:20Z,299.9,299.9
7892948036240,TINTA ACR FOS 20L BR NEVE DELANIL IQUINE,UN,tinta_branca,2026-09-15T13:05:30Z,279.9,271.53
7892948036240,TINTA ACR FOS 20L BR NEVE DELANIL IQUINE,UN,tinta_branca,2026-09-10T19:17:41Z,279.9,279.9
7892948036240,TINTA ACR FOS 20L BR NEVE DELANIL IQUINE,UN,tinta_branca,2026-09-11T18:12:59Z,279.9,279.9
7892948036240,TINTA ACR FOS 20L BR NEVE DELANIL IQUINE,UN,tinta_branca,2026-09-14T13:01:23Z,279.9,279.9
347127,TINTA ACR FOS 20L BR NEVE DELANIL IQUINE,LA,tinta_branca,2026-09-14T20:33:15Z,289.9,289.9
347127,TINTA ACR FOS 20L BR NEVE DELANIL IQUINE,LA,tinta_branca,2026-09-15T13:37:16Z,289.9,289.9
890334,TINTA ACR FOS 20L BR NEVE DELANIL IQUINE,L,tinta_branca,2026-09-14T12:21:50Z,290.0,290.0
12754,TINTA ACR FOS 20L BR NEVE DELANIL IQUINE,BD,tinta_branca,2026-09-11T17:59:23Z,299.9,299.9
12754,TINTA ACR FOS 20L BR NEVE DELANIL IQUINE,BD,tinta_branca,2026-09-12T12:45:16Z,299.9,299.9
12754,TINTA ACR FOS 20L BR NEVE DELANIL IQUINE,BD,tinta_branca,2026-09-12T14:12:20Z,299.9,299.9
7891260560921,"TINTA ACR FOS 3,2L BASE A2 FOSCO COMPLETO SUVINIL",UN,tinta_acrilica,2026-09-11T23:19:42Z,190.29,190.29
7891260561799,"TINTA ACR FOS 3,2L BASE A2 TOQUE FOSCO SUVINIL",UN,tinta_acrilica,2026-09-15T20:08:03Z,165.9,165.9
7891260561799,"TINTA ACR FOS 3,2L BASE A2 TOQUE FOSCO SUVINIL",UN,tinta_acrilica,2026-09-13T17:02:09Z,166.97,166.97
7891260560952,"TINTA ACR FOS 3,2L BASE B2 FOSCO COMPLETO SUVINIL",UN,tinta_acrilica,2026-09-15T19:32:38Z,181.25,181.25
7891260561829,"TINTA ACR FOS 3,2L BASE B2 TOQUE FOSCO SUVINIL",UN,tinta_acrilica,2026-09-12T19:47:07Z,157.06,157.06
7891260561829,"TINTA ACR FOS 3,2L BASE B2 TOQUE FOSCO SUVINIL",UN,tinta_acrilica,2026-09-15T20:08:03Z,182.05,182.05
7891260560983,"TINTA ACR FOS 3,2L BASE C2 FOSCO COMPLETO SUVINIL",UN,tinta_acrilica,2026-09-15T13:25:46Z,261.14,261.14
7891019170654,"TINTA ACR FOS 3,2L BASE PM RENDE MUITO CORAL",GL,tinta_acrilica,2026-09-14T13:16:48Z,133.9,133.9
7891019170654,"TINTA ACR FOS 3,2L BASE PM RENDE MUITO CORAL",GL,tinta_acrilica,2026-09-15T21:13:08Z,133.9,133.9
7891019170654,"TINTA ACR FOS 3,2L BASE PM RENDE MUITO CORAL",GL,tinta_acrilica,2026-09-12T18:28:33Z,133.9,133.9
7891019170654,"TINTA ACR FOS 3,2L BASE PM RENDE MUITO CORAL",GL,tinta_acrilica,2026-09-15T20:37:49Z,137.65,137.65
289136,"TINTA ACR FOS 3,2L BASE PM RENDE MUITO CORAL",GL,tinta_acrilica,2026-09-11T14:04:44Z,142.99,142.99
7892948057634,"TINTA ACR FOS 3,6L ARARA AZUL DELANIL IQUINE",UN,tinta_acrilica,2026-09-14T18:21:45Z,147.9,147.9
7892948057795,"TINTA ACR FOS 3,6L AREIA SELA  PINTA IQUINE",UN,tinta_acrilica,2026-09-15T12:30:54Z,89.9,89.9
7892948057887,"TINTA ACR FOS 3,6L AZUL PETROLEO SELA PINTA IQUI",UN,tinta_acrilica,2026-09-14T18:51:22Z,89.9,89.9
7892948057627,"TINTA ACR FOS 3,6L BOI CAPRICHOSO DELANIL IQUINE",UN,tinta_acrilica,2026-09-11T13:32:11Z,147.9,147.9
7892948057603,"TINTA ACR FOS 3,6L BOI GARANTIDO DELANIL IQUINE",UN,tinta_acrilica,2026-09-12T18:47:11Z,133.9,133.9
7891019176144,"TINTA ACR FOS 3,6L BR GELO CORALAR CORAL",GL,tinta_acrilica,2026-09-15T12:29:45Z,63.9,63.9
7891019176144,"TINTA ACR FOS 3,6L BR GELO CORALAR CORAL",GL,tinta_acrilica,2026-09-11T20:14:56Z,63.9,63.9
7891019176144,"TINTA ACR FOS 3,6L BR GELO CORALAR CORAL",GL,tinta_acrilica_branca,2026-09-15T12:29:45Z,63.9,63.9
7891019176144,"TINTA ACR FOS 3,6L BR GELO CORALAR CORAL",GL,tinta_acrilica_branca,2026-09-11T20:14:56Z,63.9,63.9
7891019176144,"TINTA ACR FOS 3,6L BR GELO CORALAR CORAL",GL,tinta_branca,2026-09-15T12:29:45Z,63.9,63.9
7891019176144,"TINTA ACR FOS 3,6L BR GELO CORALAR CORAL",GL,tinta_branca,2026-09-11T20:14:56Z,63.9,63.9
7892948057771,"TINTA ACR FOS 3,6L BR GELO SELA  PINTA IQUINE",UN,tinta_acrilica,2026-09-14T13:03:41Z,89.9,89.9
7892948057771,"TINTA ACR FOS 3,6L BR GELO SELA  PINTA IQUINE",UN,tinta_acrilica,2026-09-13T15:15:30Z,89.9,89.9
7892948057771,"TINTA ACR FOS 3,6L BR GELO SELA  PINTA IQUINE",UN,tinta_acrilica_branca,2026-09-14T13:03:41Z,89.9,89.9
7892948057771,"TINTA ACR FOS 3,6L BR GELO SELA  PINTA IQUINE",UN,tinta_acrilica_branca,2026-09-13T15:15:30Z,89.9,89.9
7892948057771,"TINTA ACR FOS 3,6L BR GELO SELA  PINTA IQUINE",UN,tinta_branca,2026-09-14T13:03:41Z,89.9,89.9
7892948057771,"TINTA ACR FOS 3,6L BR GELO SELA  PINTA IQUINE",UN,tinta_branca,2026-09-13T15:15:30Z,89.9,89.9
7892948057764,"TINTA ACR FOS 3,6L BR NEVE SELA PINTA IQUINE",UN,tinta_acrilica,2026-09-14T18:36:13Z,89.9,89.9
7892948057764,"TINTA ACR FOS 3,6L BR NEVE SELA PINTA IQUINE",UN,tinta_acrilica,2026-09-14T23:01:34Z,89.9,89.9
7892948057764,"TINTA ACR FOS 3,6L BR NEVE SELA PINTA IQUINE",UN,tinta_acrilica_branca,2026-09-14T18:36:13Z,89.9,89.9
7892948057764,"TINTA ACR FOS 3,6L BR NEVE SELA PINTA IQUINE",UN,tinta_acrilica_branca,2026-09-14T23:01:34Z,89.9,89.9
7892948057764,"TINTA ACR FOS 3,6L BR NEVE SELA PINTA IQUINE",UN,tinta_branca,2026-09-14T18:36:13Z,89.9,89.9
7892948057764,"TINTA ACR FOS 3,6L BR NEVE SELA PINTA IQUINE",UN,tinta_branca,2026-09-14T23:01:34Z,89.9,89.9
7892948057597,"TINTA ACR FOS 3,6L CAJU DELANIL IQUINE",UN,tinta_acrilica,2026-09-12T20:18:36Z,147.9,141.07
7892948057597,"TINTA ACR FOS 3,6L CAJU DELANIL IQUINE",UN,tinta_acrilica,2026-09-14T13:57:17Z,147.9,147.9
7892948057597,"TINTA ACR FOS 3,6L CAJU DELANIL IQUINE",UN,tinta_acrilica,2026-09-11T14:43:33Z,147.9,147.9
7891019138609,"TINTA ACR FOS 3,6L CAMURCA CORALAR CORAL",GL,tinta_acrilica,2026-09-11T16:00:17Z,71.9,68.15
7891019138609,"TINTA ACR FOS 3,6L CAMURCA CORALAR CORAL",GL,tinta_acrilica,2026-09-14T23:19:59Z,71.9,71.9
7892948057863,"TINTA ACR FOS 3,6L CANJICA SELA  PINTA IQUINE",UN,tinta_acrilica,2026-09-10T15:43:10Z,89.9,89.9
7892948057580,"TINTA ACR FOS 3,6L CARANGUEJO DELANIL IQUINE",UN,tinta_acrilica,2026-09-09T19:31:54Z,145.9,145.9
7891019138661,"TINTA ACR FOS 3,6L PALHA CORALAR CORAL",GL,tinta_acrilica,2026-09-14T23:54:37Z,71.9,71.9
7891019138661,"TINTA ACR FOS 3,6L PALHA CORALAR CORAL",GL,tinta_acrilica,2026-09-12T17:31:11Z,71.9,71.9
7892948057702,"TINTA ACR FOS 3,6L RONDON DELANIL IQUINE",UN,tinta_acrilica,2026-09-14T19:33:44Z,145.9,145.9
7892948057702,"TINTA ACR FOS 3,6L RONDON DELANIL IQUINE",UN,tinta_acrilica,2026-09-15T12:22:53Z,145.9,145.9
7891019169528,"TINTA ACR FOS 3,6L VD KIWI CORALAR CORAL",GL,tinta_acrilica,2026-09-13T15:33:50Z,71.9,71.9
7891019162529,"TINTA ACR FOS 3,6L VD VALE CORALAR CORAL",GL,tinta_acrilica,2026-09-10T18:29:31Z,71.9,71.9
7891019101474,TINTA ACR FOS 900ML BR NEVE RENDE MUITO CORAL,L,tinta_acrilica,2026-09-12T14:58:24Z,43.9,43.9
7891019101474,TINTA ACR FOS 900ML BR NEVE RENDE MUITO CORAL,L,tinta_acrilica_branca,2026-09-12T14:58:24Z,43.9,43.9
7891019101474,TINTA ACR FOS 900ML BR NEVE RENDE MUITO CORAL,L,tinta_branca,2026-09-12T14:58:24Z,43.9,43.9
7892948050659,TINTA ACR FOS AREIA 15L BD DIATEX IQUINE,UN,tinta_acrilica,2026-09-11T17:25:23Z,159.9,152.975
7892948050659,TINTA ACR FOS AREIA 15L BD DIATEX IQUINE,UN,tinta_acrilica,2026-09-15T12:22:53Z,159.9,159.9
7892948048878,TINTA ACR FOS BASE C 16L SELA E PINTA IQUINE,UN,tinta_acrilica,2026-09-12T14:56:58Z,409.55,409.55
7892948048878,TINTA ACR FOS BASE C 16L SELA E PINTA IQUINE,UN,tinta_acrilica,2026-09-11T19:42:43Z,471.38,438.87
7892948048878,TINTA ACR FOS BASE C 16L SELA E PINTA IQUINE,UN,tinta_acrilica,2026-09-15T21:47:51Z,493.49,493.49
7892948048861,"TINTA ACR FOS BASE C 3,2L SELA E PINTA IQUINE",UN,tinta_acrilica,2026-09-14T23:03:44Z,83.2,83.2
7892948048861,"TINTA ACR FOS BASE C 3,2L SELA E PINTA IQUINE",UN,tinta_acrilica,2026-09-14T19:58:24Z,112.62,112.62
7892948048854,TINTA ACR FOS BASE M 16L SELA E PINTA IQUINE,UN,tinta_acrilica,2026-09-11T16:37:18Z,378.85,378.85
7892948048847,"TINTA ACR FOS BASE M 3,2L SELA E PINTA IQUINE",UN,tinta_acrilica,2026-09-14T19:58:24Z,93.27,93.27
7892948048830,TINTA ACR FOS BASE P 16L SELA E PINTA IQUINE,UN,tinta_acrilica,2026-09-14T20:15:21Z,279.9,279.9
7892948048830,TINTA ACR FOS BASE P 16L SELA E PINTA IQUINE,UN,tinta_acrilica,2026-09-12T19:47:07Z,286.41,286.41
7892948048830,TINTA ACR FOS BASE P 16L SELA E PINTA IQUINE,UN,tinta_acrilica,2026-09-14T13:52:21Z,298.07,298.07
7892948048830,TINTA ACR FOS BASE P 16L SELA E PINTA IQUINE,UN,tinta_acrilica,2026-09-15T17:14:56Z,298.07,298.07
7892948048823,"TINTA ACR FOS BASE P 3,2L SELA E PINTA IQUINE",UN,tinta_acrilica,2026-09-12T16:21:52Z,89.9,89.9
7892948048823,"TINTA ACR FOS BASE P 3,2L SELA E PINTA IQUINE",UN,tinta_acrilica,2026-09-09T23:46:54Z,91.2,91.2
7892948050581,TINTA ACR FOS BR GELO 15L BD DIATEX IQUINE,UN,tinta_acrilica,2026-09-13T19:39:24Z,139.9,139.9
7892948050581,TINTA ACR FOS BR GELO 15L BD DIATEX IQUINE,UN,tinta_acrilica,2026-09-12T21:52:48Z,139.9,139.9
7892948050581,TINTA ACR FOS BR GELO 15L BD DIATEX IQUINE,UN,tinta_acrilica,2026-09-15T22:42:53Z,139.9,139.9
7892948050581,TINTA ACR FOS BR GELO 15L BD DIATEX IQUINE,UN,tinta_acrilica_branca,2026-09-13T19:39:24Z,139.9,139.9
7892948050581,TINTA ACR FOS BR GELO 15L BD DIATEX IQUINE,UN,tinta_acrilica_branca,2026-09-12T21:52:48Z,139.9,139.9
7892948050581,TINTA ACR FOS BR GELO 15L BD DIATEX IQUINE,UN,tinta_acrilica_branca,2026-09-15T22:42:53Z,139.9,139.9
7892948050581,TINTA ACR FOS BR GELO 15L BD DIATEX IQUINE,UN,tinta_branca,2026-09-13T19:39:24Z,139.9,139.9
7892948050581,TINTA ACR FOS BR GELO 15L BD DIATEX IQUINE,UN,tinta_branca,2026-09-12T21:52:48Z,139.9,139.9
7892948050581,TINTA ACR FOS BR GELO 15L BD DIATEX IQUINE,UN,tinta_branca,2026-09-15T22:42:53Z,139.9,139.9
7892948057160,TINTA ACR FOS BR GELO 15L DELANIL IQUINE,UN,tinta_acrilica,2026-09-10T21:49:09Z,337.9,337.9
7892948057160,TINTA ACR FOS BR GELO 15L DELANIL IQUINE,UN,tinta_acrilica,2026-09-15T22:32:43Z,337.9,337.9
7892948057160,TINTA ACR FOS BR GELO 15L DELANIL IQUINE,UN,tinta_acrilica_branca,2026-09-10T21:49:09Z,337.9,337.9
7892948057160,TINTA ACR FOS BR GELO 15L DELANIL IQUINE,UN,tinta_acrilica_branca,2026-09-15T22:32:43Z,337.9,337.9
7892948057160,TINTA ACR FOS BR GELO 15L DELANIL IQUINE,UN,tinta_branca,2026-09-10T21:49:09Z,337.9,337.9
7892948057160,TINTA ACR FOS BR GELO 15L DELANIL IQUINE,UN,tinta_branca,2026-09-15T22:32:43Z,337.9,337.9
7892948043507,TINTA ACR FOS BR GELO 15L PINTALAR IQUINE,UN,tinta_acrilica,2026-09-15T15:17:30Z,133.9,107.13
7892948043507,TINTA ACR FOS BR GELO 15L PINTALAR IQUINE,UN,tinta_acrilica,2026-09-11T11:28:47Z,133.9,133.9
7892948043507,TINTA ACR FOS BR GELO 15L PINTALAR IQUINE,UN,tinta_acrilica_branca,2026-09-15T15:17:30Z,133.9,107.13
7892948043507,TINTA ACR FOS BR GELO 15L PINTALAR IQUINE,UN,tinta_acrilica_branca,2026-09-11T11:28:47Z,133.9,133.9
7892948043507,TINTA ACR FOS BR GELO 15L PINTALAR IQUINE,UN,tinta_branca,2026-09-15T15:17:30Z,133.9,107.13
7892948043507,TINTA ACR FOS BR GELO 15L PINTALAR IQUINE,UN,tinta_branca,2026-09-11T11:28:47Z,133.9,133.9
7892948057320,TINTA ACR FOS BR GELO 15L SELA E PINTA IQUINE,UN,tinta_acrilica,2026-09-13T19:51:54Z,239.9,239.9
7892948057320,TINTA ACR FOS BR GELO 15L SELA E PINTA IQUINE,UN,tinta_acrilica,2026-09-15T13:15:20Z,239.9,239.9
7892948057320,TINTA ACR FOS BR GELO 15L SELA E PINTA IQUINE,UN,tinta_acrilica_branca,2026-09-13T19:51:54Z,239.9,239.9
7892948057320,TINTA ACR FOS BR GELO 15L SELA E PINTA IQUINE,UN,tinta_acrilica_branca,2026-09-15T13:15:20Z,239.9,239.9
7892948057320,TINTA ACR FOS BR GELO 15L SELA E PINTA IQUINE,UN,tinta_branca,2026-09-13T19:51:54Z,239.9,239.9
7892948057320,TINTA ACR FOS BR GELO 15L SELA E PINTA IQUINE,UN,tinta_branca,2026-09-15T13:15:20Z,239.9,239.9
7892948050574,TINTA ACR FOS BR NEVE 15L BD DIATEX IQUINE,UN,tinta_acrilica,2026-09-13T20:08:46Z,99.9,99.9
7892948050574,TINTA ACR FOS BR NEVE 15L BD DIATEX IQUINE,UN,tinta_acrilica,2026-09-14T21:22:58Z,109.9,109.9
7892948050574,TINTA ACR FOS BR NEVE 15L BD DIATEX IQUINE,UN,tinta_acrilica,2026-09-15T18:36:01Z,109.9,109.9
7892948050574,TINTA ACR FOS BR NEVE 15L BD DIATEX IQUINE,UN,tinta_acrilica,2026-09-15T19:46:52Z,109.9,109.9
972629,TINTA ACR FOS BR NEVE 15L BD DIATEX IQUINE,BD,tinta_acrilica,2026-09-15T16:05:51Z,109.99,109.99
357975,TINTA ACR FOS BR NEVE 15L BD DIATEX IQUINE,L,tinta_acrilica,2026-09-15T17:51:11Z,139.9,139.9
357975,TINTA ACR FOS BR NEVE 15L BD DIATEX IQUINE,L,tinta_acrilica,2026-09-15T17:02:21Z,139.9,139.9
7892948050574,TINTA ACR FOS BR NEVE 15L BD DIATEX IQUINE,UN,tinta_acrilica_branca,2026-09-13T20:08:46Z,99.9,99.9
7892948050574,TINTA ACR FOS BR NEVE 15L BD DIATEX IQUINE,UN,tinta_acrilica_branca,2026-09-14T21:22:58Z,109.9,109.9
7892948050574,TINTA ACR FOS BR NEVE 15L BD DIATEX IQUINE,UN,tinta_acrilica_branca,2026-09-15T18:36:01Z,109.9,109.9
7892948050574,TINTA ACR FOS BR NEVE 15L BD DIATEX IQUINE,UN,tinta_acrilica_branca,2026-09-15T19:46:52Z,109.9,109.9
972629,TINTA ACR FOS BR NEVE 15L BD DIATEX IQUINE,BD,tinta_acrilica_branca,2026-09-15T16:05:51Z,109.99,109.99
357975,TINTA ACR FOS BR NEVE 15L BD DIATEX IQUINE,L,tinta_acrilica_branca,2026-09-15T17:51:11Z,139.9,139.9
357975,TINTA ACR FOS BR NEVE 15L BD DIATEX IQUINE,L,tinta_acrilica_branca,2026-09-15T17:02:21Z,139.9,139.9
7892948050574,TINTA ACR FOS BR NEVE 15L BD DIATEX IQUINE,UN,tinta_branca,2026-09-13T20:08:46Z,99.9,99.9
7892948050574,TINTA ACR FOS BR NEVE 15L BD DIATEX IQUINE,UN,tinta_branca,2026-09-14T21:22:58Z,109.9,109.9
7892948050574,TINTA ACR FOS BR NEVE 15L BD DIATEX IQUINE,UN,tinta_branca,2026-09-15T18:36:01Z,109.9,109.9
7892948050574,TINTA ACR FOS BR NEVE 15L BD DIATEX IQUINE,UN,tinta_branca,2026-09-15T19:46:52Z,109.9,109.9
972629,TINTA ACR FOS BR NEVE 15L BD DIATEX IQUINE,BD,tinta_branca,2026-09-15T16:05:51Z,109.99,109.99
357975,TINTA ACR FOS BR NEVE 15L BD DIATEX IQUINE,L,tinta_branca,2026-09-15T17:51:11Z,139.9,139.9
357975,TINTA ACR FOS BR NEVE 15L BD DIATEX IQUINE,L,tinta_branca,2026-09-15T17:02:21Z,139.9,139.9
7892948057085,TINTA ACR FOS BR NEVE 15L SELA E PINTA IQUINE,UN,tinta_acrilica,2026-09-15T20:59:54Z,199.9,199.9
7892948057085,TINTA ACR FOS BR NEVE 15L SELA E PINTA IQUINE,UN,tinta_acrilica,2026-09-12T18:09:33Z,199.9,199.9
7892948057085,TINTA ACR FOS BR NEVE 15L SELA E PINTA IQUINE,UN,tinta_acrilica_branca,2026-09-15T20:59:54Z,199.9,199.9
7892948057085,TINTA ACR FOS BR NEVE 15L SELA E PINTA IQUINE,UN,tinta_acrilica_branca,2026-09-12T18:09:33Z,199.9,199.9
7892948057085,TINTA ACR FOS BR NEVE 15L SELA E PINTA IQUINE,UN,tinta_branca,2026-09-15T20:59:54Z,199.9,199.9
7892948057085,TINTA ACR FOS BR NEVE 15L SELA E PINTA IQUINE,UN,tinta_branca,2026-09-12T18:09:33Z,199.9,199.9
7892948045044,"TINTA ACR FOS CAJU 3,6L DIATEX IQUINE",UN,tinta_acrilica,2026-09-15T19:16:31Z,59.9,59.9
7892948050789,TINTA ACR FOS CARANGUEJO 15L BD DIATEX IQUINE,UN,tinta_acrilica,2026-09-15T12:58:48Z,119.9,119.9
7892948050611,TINTA ACR FOS CINZA 15L BD DIATEX IQUINE,UN,tinta_acrilica,2026-09-13T17:58:53Z,159.9,159.9
7892948050611,TINTA ACR FOS CINZA 15L BD DIATEX IQUINE,UN,tinta_acrilica,2026-09-10T11:46:50Z,159.9,159.9
7892948050727,TINTA ACR FOS MARFIM 15L BD DIATEX IQUINE,UN,tinta_acrilica,2026-09-15T11:23:29Z,159.9,159.9
7892948050666,TINTA ACR FOS PEROLA 15L BD DIATEX IQUINE,UN,tinta_acrilica,2026-09-12T19:12:45Z,159.9,154.13
7892948050055,TINTA ACR FOS PESSEGO 15L PINTALAR IQUINE,UN,tinta_acrilica,2026-09-09T14:26:23Z,143.9,143.9
7892948044337,"TINTA ACR FOS VD LIMAO 3,6L PINTALAR IQUINE",UN,tinta_acrilica,2026-09-10T13:39:11Z,59.9,59.9
7892948030026,TINTA ACR FOSC 16L ACABA COM BASE P IQUINE,UN,tinta_acrilica,2026-09-13T20:19:14Z,279.9,267.08
7892948030026,TINTA ACR FOSC 16L ACABA COM BASE P IQUINE,UN,tinta_acrilica,2026-09-10T19:22:36Z,279.9,279.9
7892948030026,TINTA ACR FOSC 16L ACABA COM BASE P IQUINE,UN,tinta_acrilica,2026-09-13T22:28:47Z,279.9,279.9
7892948030064,"TINTA ACR FOSC 3,2L ACABA COM BASE C IQUINE",UN,tinta_acrilica,2026-09-11T19:17:10Z,118.76,118.76
7892948030033,"TINTA ACR FOSC 3,2L ACABA COM BASE M IQUINE",UN,tinta_acrilica,2026-09-10T19:22:36Z,88.9,88.9
7892948030002,"TINTA ACR FOSC 3,2L ACABA COM BASE P IQUINE",UN,tinta_acrilica,2026-09-12T18:35:29Z,89.9,89.9
7892948030002,"TINTA ACR FOSC 3,2L ACABA COM BASE P IQUINE",UN,tinta_acrilica,2026-09-12T16:46:50Z,89.9,89.9
7892948003662,"TINTA ACR FOSC 3,6L AREIA DIATEX IQUINE",GL,tinta_acrilica,2026-09-11T00:55:48Z,49.9,49.9
7892948003662,"TINTA ACR FOSC 3,6L AREIA DIATEX IQUINE",GL,tinta_acrilica,2026-09-12T14:19:53Z,62.9,62.9
7892948003730,"TINTA ACR FOSC 3,6L BR GELO DIATEX IQUINE",GL,tinta_acrilica,2026-09-12T12:54:53Z,62.9,62.9
7892948003730,"TINTA ACR FOSC 3,6L BR GELO DIATEX IQUINE",GL,tinta_acrilica_branca,2026-09-12T12:54:53Z,62.9,62.9
7892948003730,"TINTA ACR FOSC 3,6L BR GELO DIATEX IQUINE",GL,tinta_branca,2026-09-12T12:54:53Z,62.9,62.9
7892948013777,"TINTA ACR FOSC 3,6L CZ ESCURO DIAPISO IQUINE",GL,tinta_acrilica,2026-09-11T19:17:10Z,81.9,81.9
7892948013777,"TINTA ACR FOSC 3,6L CZ ESCURO DIAPISO IQUINE",GL,tinta_acrilica,2026-09-09T19:50:33Z,81.9,81.9
7892948003853,"TINTA ACR FOSC 3,6L MARFIM DIATEX IQUINE",GL,tinta_acrilica,2026-09-12T16:18:44Z,62.9,62.9
7892948016921,"TINTA ACR FOSC 3,6L PEROLA DIATEX IQUINE",GL,tinta_acrilica,2026-09-13T19:02:11Z,62.9,62.9
7892948016921,"TINTA ACR FOSC 3,6L PEROLA DIATEX IQUINE",GL,tinta_acrilica,2026-09-13T14:52:33Z,62.9,62.9
7892948029860,"TINTA ACR FOSC BASE C 3,2L DELANIL IQUINE",GL,tinta_acrilica,2026-09-14T19:58:01Z,147.27,132.55
7892948029860,"TINTA ACR FOSC BASE C 3,2L DELANIL IQUINE",GL,tinta_acrilica,2026-09-15T20:14:09Z,138.26,138.26
7892948029860,"TINTA ACR FOSC BASE C 3,2L DELANIL IQUINE",GL,tinta_acrilica,2026-09-15T16:21:36Z,161.19,161.19
7892948026562,TINTA ACR FOSC BASE M 16L DELANIL IQUINE,L,tinta_acrilica,2026-09-14T12:56:03Z,359.9,359.9
7892948029846,"TINTA ACR FOSC BASE M 3,2L DELANIL IQUINE",GL,tinta_acrilica,2026-09-12T20:13:51Z,113.9,113.9
7892948029846,"TINTA ACR FOSC BASE M 3,2L DELANIL IQUINE",GL,tinta_acrilica,2026-09-12T17:12:43Z,120.16,120.16
7892948029846,"TINTA ACR FOSC BASE M 3,2L DELANIL IQUINE",GL,tinta_acrilica,2026-09-09T11:34:34Z,127.63,127.63
7891019906840,TINTA ACR FOSC BASE T 16L DECORA CORAL,UN,tinta_acrilica,2026-09-15T22:46:50Z,579.9,559.24
7891019906857,"TINTA ACR FOSC BASE T 3,2L DECORA MATTE CORAL",UN,tinta_acrilica,2026-09-13T12:44:07Z,326.71,326.71
7892948056521,"TINTA ACR FOSC FACHADA EMB BASE C 3,2L IQUINE",UN,tinta_acrilica,2026-09-14T19:33:33Z,193.05,193.05
7891019993826,TINTA ACR FOSC PROF BASE MF 16L MASTER CORAL,UN,tinta_acrilica,2026-09-14T16:05:34Z,587.23,587.23
7891019993840,TINTA ACR FOSC PROF BASE P 16L MASTER CORAL,UN,tinta_acrilica,2026-09-14T13:41:27Z,559.37,531.4
7891019993840,TINTA ACR FOSC PROF BASE P 16L MASTER CORAL,UN,tinta_acrilica,2026-09-14T16:05:34Z,562.87,562.87
7891019993857,"TINTA ACR FOSC PROF BASE P 3,2L MASTER CORAL",UN,tinta_acrilica,2026-09-12T20:03:07Z,190.27,190.27
7891019993987,TINTA ACR FOSC PROF BASE P 800ML MASTER CORAL,UN,tinta_acrilica,2026-09-15T21:38:14Z,53.25,53.25
7891019993819,TINTA ACR FOSC PROF BASE T 16L MASTER CORAL,UN,tinta_acrilica,2026-09-10T13:01:49Z,724.45,666.84
7891019993963,"TINTA ACR FOSC PROF BASE T 3,2L MASTER CORAL",UN,tinta_acrilica,2026-09-10T22:40:05Z,176.65,176.515
7891019993963,"TINTA ACR FOSC PROF BASE T 3,2L MASTER CORAL",UN,tinta_acrilica,2026-09-13T15:19:15Z,309.32,309.32
01435,TINTA ACR FOSCO BRANCO 18L NOVACOR GESSO E DRYWALL SW,L,tinta_acrilica,2026-09-15T18:05:22Z,356.38,356.38
01435,TINTA ACR FOSCO BRANCO 18L NOVACOR GESSO E DRYWALL SW,L,tinta_acrilica_branca,2026-09-15T18:05:22Z,356.38,356.38
01435,TINTA ACR FOSCO BRANCO 18L NOVACOR GESSO E DRYWALL SW,L,tinta_branca,2026-09-15T18:05:22Z,356.38,356.38
1554,TINTA ACR FOSCO GELO IBRATIN 15L,UN,tinta_acrilica,2026-09-11T13:30:33Z,210.0,210.0
7916,"TINTA ACR GELO 3,6 LTS - IBRATIN",UN,tinta_acrilica,2026-09-15T12:37:05Z,39.0,39.0
2480,TINTA ACR INT GELO 15L GLASURIT,UN,tinta_acrilica,2026-09-10T12:32:47Z,206.0,196.91
1023,TINTA ACR INT PINTALAR 15L BR GELO IQUINE,UN,tinta_acrilica,2026-09-11T17:28:05Z,140.0,140.0
1023,TINTA ACR INT PINTALAR 15L BR GELO IQUINE,UN,tinta_acrilica,2026-09-15T19:41:29Z,250.0,250.0
1023,TINTA ACR INT PINTALAR 15L BR GELO IQUINE,UN,tinta_acrilica_branca,2026-09-11T17:28:05Z,140.0,140.0
1023,TINTA ACR INT PINTALAR 15L BR GELO IQUINE,UN,tinta_acrilica_branca,2026-09-15T19:41:29Z,250.0,250.0
1023,TINTA ACR INT PINTALAR 15L BR GELO IQUINE,UN,tinta_branca,2026-09-11T17:28:05Z,140.0,140.0
1023,TINTA ACR INT PINTALAR 15L BR GELO IQUINE,UN,tinta_branca,2026-09-15T19:41:29Z,250.0,250.0
1024,TINTA ACR INT PINTALAR 15L BR NEVE IQUINE,UN,tinta_acrilica,2026-09-12T11:09:59Z,140.0,140.0
1024,TINTA ACR INT PINTALAR 15L BR NEVE IQUINE,UN,tinta_acrilica_branca,2026-09-12T11:09:59Z,140.0,140.0
1024,TINTA ACR INT PINTALAR 15L BR NEVE IQUINE,UN,tinta_branca,2026-09-12T11:09:59Z,140.0,140.0
1359,TINTA ACR INTERIOR 3L BRANCO FOSCO TINTAX,UN,tinta_acrilica,2026-09-12T14:33:07Z,34.0,32.0
1359,TINTA ACR INTERIOR 3L BRANCO FOSCO TINTAX,UN,tinta_acrilica_branca,2026-09-12T14:33:07Z,34.0,32.0
1359,TINTA ACR INTERIOR 3L BRANCO FOSCO TINTAX,UN,tinta_branca,2026-09-12T14:33:07Z,34.0,32.0
7891019922123,"TINTA ACR MAIS DES DIA NUBLADO 3,6L CORALAR CORAL",UN,tinta_acrilica,2026-09-11T17:22:05Z,71.9,71.9
7891019922154,TINTA ACR MAIS DES NEB PAULISTA 18L CORALAR CORAL,UN,tinta_acrilica,2026-09-11T18:07:52Z,237.9,237.9
7891019922116,TINTA ACR MAIS DESEMP PEDRA PREC 18L CORALAR CORAL,UN,tinta_acrilica,2026-09-12T18:50:46Z,231.9,231.9
7891019915712,TINTA ACR MARMORE BASE DECORA 3L CORAL,UN,tinta_acrilica,2026-09-11T23:19:49Z,199.6,193.63
8910,TINTA ACR PINT ESSE BR GELO LT GLASU 15L 1,L,tinta_acrilica,2026-09-12T14:34:43Z,178.39,178.39
8910,TINTA ACR PINT ESSE BR GELO LT GLASU 15L 1,L,tinta_acrilica_branca,2026-09-12T14:34:43Z,178.39,178.39
8910,TINTA ACR PINT ESSE BR GELO LT GLASU 15L 1,L,tinta_branca,2026-09-12T14:34:43Z,178.39,178.39
8928,TINTA ACR PINTALAR BD PALHA IQUINE 1,L,tinta_acrilica,2026-09-12T11:48:22Z,142.5,142.5
8916,TINTA ACR PINTALAR GL IQUINE BR GELO 1,GL,tinta_acrilica,2026-09-10T15:15:46Z,55.0,55.0
8916,TINTA ACR PINTALAR GL IQUINE BR GELO 1,GL,tinta_acrilica_branca,2026-09-10T15:15:46Z,55.0,55.0
8916,TINTA ACR PINTALAR GL IQUINE BR GELO 1,GL,tinta_branca,2026-09-10T15:15:46Z,55.0,55.0
8926,TINTA ACR PINTALAR LT BR GELO IQUINE 1,L,tinta_acrilica,2026-09-12T13:23:20Z,133.95,133.95
8926,TINTA ACR PINTALAR LT BR GELO IQUINE 1,L,tinta_acrilica_branca,2026-09-12T13:23:20Z,133.95,133.95
8926,TINTA ACR PINTALAR LT BR GELO IQUINE 1,L,tinta_branca,2026-09-12T13:23:20Z,133.95,133.95
7892948013708,TINTA ACR PISO 18L AM DEMARC DIAPISO IQUINE,L,tinta_acrilica,2026-09-14T19:51:14Z,299.9,299.9
7892948013647,TINTA ACR PISO 18L BR DIAPISO IQUINE,L,tinta_acrilica,2026-09-11T16:53:30Z,299.9,294.065
7892948013647,TINTA ACR PISO 18L BR DIAPISO IQUINE,L,tinta_acrilica_branca,2026-09-11T16:53:30Z,299.9,294.065
7892948013647,TINTA ACR PISO 18L BR DIAPISO IQUINE,L,tinta_branca,2026-09-11T16:53:30Z,299.9,294.065
7892948013739,TINTA ACR PISO 18L CONCRETO DIAPISO IQUINE,L,tinta_acrilica,2026-09-13T13:41:52Z,299.9,299.9
7892948013760,TINTA ACR PISO 18L CZ ESCURO DIAPISO IQUINE,L,tinta_acrilica,2026-09-14T19:56:29Z,299.9,288.73
7892948013760,TINTA ACR PISO 18L CZ ESCURO DIAPISO IQUINE,L,tinta_acrilica,2026-09-11T22:42:05Z,299.9,299.9
7892948013760,TINTA ACR PISO 18L CZ ESCURO DIAPISO IQUINE,L,tinta_acrilica,2026-09-15T21:54:41Z,299.9,299.9
7892948013678,TINTA ACR PISO 18L CZ MEDIO DIAPISO IQUINE,L,tinta_acrilica,2026-09-12T21:47:24Z,299.9,281.22
7892948013678,TINTA ACR PISO 18L CZ MEDIO DIAPISO IQUINE,L,tinta_acrilica,2026-09-14T21:46:26Z,299.9,292.1
7892948013678,TINTA ACR PISO 18L CZ MEDIO DIAPISO IQUINE,L,tinta_acrilica,2026-09-14T14:45:41Z,299.9,299.9
7892948013678,TINTA ACR PISO 18L CZ MEDIO DIAPISO IQUINE,L,tinta_acrilica,2026-09-12T14:49:34Z,299.9,299.9
75788,TINTA ACR PISO 18L CZ MEDIO DIAPISO IQUINE,L,tinta_acrilica,2026-09-13T15:05:58Z,299.99,299.99
7892948013791,TINTA ACR PISO 18L VD FOLHA DIAPISO IQUINE,L,tinta_acrilica,2026-09-13T17:34:43Z,299.9,299.9
7892948013715,"TINTA ACR PISO 3,6L AM DEMARC DIAPISO IQUINE",GL,tinta_acrilica,2026-09-09T12:28:32Z,81.9,81.9
7892948013890,"TINTA ACR PISO 3,6L AZ PROFUNDO DIAPISO IQUINE",GL,tinta_acrilica,2026-09-13T18:44:57Z,81.9,81.9
7892948013890,"TINTA ACR PISO 3,6L AZ PROFUNDO DIAPISO IQUINE",GL,tinta_acrilica,2026-09-13T18:29:20Z,81.9,81.9
7892948013654,"TINTA ACR PISO 3,6L BR NEVE DIAPISO IQUINE",GL,tinta_acrilica,2026-09-10T19:51:51Z,81.9,81.9
7892948013654,"TINTA ACR PISO 3,6L BR NEVE DIAPISO IQUINE",GL,tinta_acrilica,2026-09-15T11:55:24Z,81.9,81.9
7892948013654,"TINTA ACR PISO 3,6L BR NEVE DIAPISO IQUINE",GL,tinta_acrilica_branca,2026-09-10T19:51:51Z,81.9,81.9
7892948013654,"TINTA ACR PISO 3,6L BR NEVE DIAPISO IQUINE",GL,tinta_acrilica_branca,2026-09-15T11:55:24Z,81.9,81.9
7892948013654,"TINTA ACR PISO 3,6L BR NEVE DIAPISO IQUINE",GL,tinta_branca,2026-09-10T19:51:51Z,81.9,81.9
7892948013654,"TINTA ACR PISO 3,6L BR NEVE DIAPISO IQUINE",GL,tinta_branca,2026-09-15T11:55:24Z,81.9,81.9
7892948017065,"TINTA ACR PISO 3,6L CERAMICA DIAPISO IQUINE",GL,tinta_acrilica,2026-09-10T22:46:37Z,81.9,81.9
7892948013746,"TINTA ACR PISO 3,6L CONCRETO DIAPISO IQUINE",GL,tinta_acrilica,2026-09-12T23:14:07Z,81.9,81.9
7892948013746,"TINTA ACR PISO 3,6L CONCRETO DIAPISO IQUINE",GL,tinta_acrilica,2026-09-12T14:12:26Z,81.9,81.9
7892948013685,"TINTA ACR PISO 3,6L CZ MEDIO DIAPISO IQUINE",GL,tinta_acrilica,2026-09-12T18:29:17Z,81.9,81.9
7892948013685,"TINTA ACR PISO 3,6L CZ MEDIO DIAPISO IQUINE",GL,tinta_acrilica,2026-09-10T22:32:40Z,81.9,81.9
7892948013685,"TINTA ACR PISO 3,6L CZ MEDIO DIAPISO IQUINE",GL,tinta_acrilica,2026-09-13T15:15:30Z,81.9,81.9
7892948013685,"TINTA ACR PISO 3,6L CZ MEDIO DIAPISO IQUINE",GL,tinta_acrilica,2026-09-13T22:18:41Z,81.9,81.9
75749,"TINTA ACR PISO 3,6L CZ MEDIO DIAPISO IQUINE",GL,tinta_acrilica,2026-09-15T16:12:03Z,99.99,99.99
7892948013869,"TINTA ACR PISO 3,6L PT DIAPISO IQUINE",GL,tinta_acrilica,2026-09-12T18:35:29Z,81.9,81.9
7892948013807,"TINTA ACR PISO 3,6L VD FOLHA DIAPISO IQUINE",GL,tinta_acrilica,2026-09-13T11:29:03Z,81.9,81.9
7892948013661,TINTA ACR PISO 900ML BR NEVE DIAPISO IQUINE,L,tinta_acrilica,2026-09-15T20:20:26Z,39.9,39.9
7892948013661,TINTA ACR PISO 900ML BR NEVE DIAPISO IQUINE,L,tinta_acrilica_branca,2026-09-15T20:20:26Z,39.9,39.9
7892948013661,TINTA ACR PISO 900ML BR NEVE DIAPISO IQUINE,L,tinta_branca,2026-09-15T20:20:26Z,39.9,39.9
4614,TINTA ACR PISO CINZA CLARO 3L - MEGAO,UN,tinta_acrilica,2026-09-15T13:28:39Z,69.99,69.99
2696,TINTA ACR PLUS 15L - AM MILHO,UN,tinta_acrilica,2026-09-12T19:13:18Z,225.0,210.0
10951,"TINTA ACR PREMIUM CORAL MASTER AREIA FOSCO 3,6L CORAL",GL,tinta_acrilica,2026-09-09T18:21:01Z,128.7,128.7
10935,"TINTA ACR PREMIUM CORAL MASTER BRANCO FOSCO 0,9L CORAL",L,tinta_acrilica,2026-09-14T17:12:39Z,43.0,36.97
10935,"TINTA ACR PREMIUM CORAL MASTER BRANCO FOSCO 0,9L CORAL",L,tinta_acrilica,2026-09-12T13:37:17Z,43.0,37.84
10935,"TINTA ACR PREMIUM CORAL MASTER BRANCO FOSCO 0,9L CORAL",L,tinta_acrilica,2026-09-11T17:01:03Z,38.7,38.7
10935,"TINTA ACR PREMIUM CORAL MASTER BRANCO FOSCO 0,9L CORAL",L,tinta_acrilica,2026-09-10T16:54:08Z,38.7,38.7
10935,"TINTA ACR PREMIUM CORAL MASTER BRANCO FOSCO 0,9L CORAL",L,tinta_acrilica,2026-09-10T14:57:02Z,38.7,38.7
10935,"TINTA ACR PREMIUM CORAL MASTER BRANCO FOSCO 0,9L CORAL",L,tinta_acrilica_branca,2026-09-14T17:12:39Z,43.0,36.97
10935,"TINTA ACR PREMIUM CORAL MASTER BRANCO FOSCO 0,9L CORAL",L,tinta_acrilica_branca,2026-09-12T13:37:17Z,43.0,37.84
10935,"TINTA ACR PREMIUM CORAL MASTER BRANCO FOSCO 0,9L CORAL",L,tinta_acrilica_branca,2026-09-11T17:01:03Z,38.7,38.7
10935,"TINTA ACR PREMIUM CORAL MASTER BRANCO FOSCO 0,9L CORAL",L,tinta_acrilica_branca,2026-09-10T16:54:08Z,38.7,38.7
10935,"TINTA ACR PREMIUM CORAL MASTER BRANCO FOSCO 0,9L CORAL",L,tinta_acrilica_branca,2026-09-10T14:57:02Z,38.7,38.7
10935,"TINTA ACR PREMIUM CORAL MASTER BRANCO FOSCO 0,9L CORAL",L,tinta_branca,2026-09-14T17:12:39Z,43.0,36.97
10935,"TINTA ACR PREMIUM CORAL MASTER BRANCO FOSCO 0,9L CORAL",L,tinta_branca,2026-09-12T13:37:17Z,43.0,37.84
10935,"TINTA ACR PREMIUM CORAL MASTER BRANCO FOSCO 0,9L CORAL",L,tinta_branca,2026-09-11T17:01:03Z,38.7,38.7
10935,"TINTA ACR PREMIUM CORAL MASTER BRANCO FOSCO 0,9L CORAL",L,tinta_branca,2026-09-10T16:54:08Z,38.7,38.7
10935,"TINTA ACR PREMIUM CORAL MASTER BRANCO FOSCO 0,9L CORAL",L,tinta_branca,2026-09-10T14:57:02Z,38.7,38.7
10937,TINTA ACR PREMIUM CORAL MASTER BRANCO FOSCO 18L CORAL,LA,tinta_acrilica,2026-09-15T19:45:14Z,319.5,319.5
10937,TINTA ACR PREMIUM CORAL MASTER BRANCO FOSCO 18L CORAL,LA,tinta_acrilica,2026-09-12T13:07:57Z,399.0,359.73
10937,TINTA ACR PREMIUM CORAL MASTER BRANCO FOSCO 18L CORAL,LA,tinta_acrilica_branca,2026-09-15T19:45:14Z,319.5,319.5
10937,TINTA ACR PREMIUM CORAL MASTER BRANCO FOSCO 18L CORAL,LA,tinta_acrilica_branca,2026-09-12T13:07:57Z,399.0,359.73
10937,TINTA ACR PREMIUM CORAL MASTER BRANCO FOSCO 18L CORAL,LA,tinta_branca,2026-09-15T19:45:14Z,319.5,319.5
10937,TINTA ACR PREMIUM CORAL MASTER BRANCO FOSCO 18L CORAL,LA,tinta_branca,2026-09-12T13:07:57Z,399.0,359.73
10936,"TINTA ACR PREMIUM CORAL MASTER BRANCO FOSCO 3,6L CORAL",GL,tinta_acrilica,2026-09-15T19:27:24Z,143.0,128.7
10936,"TINTA ACR PREMIUM CORAL MASTER BRANCO FOSCO 3,6L CORAL",GL,tinta_acrilica,2026-09-15T12:10:31Z,143.0,128.7
10936,"TINTA ACR PREMIUM CORAL MASTER BRANCO FOSCO 3,6L CORAL",GL,tinta_acrilica_branca,2026-09-15T19:27:24Z,143.0,128.7
10936,"TINTA ACR PREMIUM CORAL MASTER BRANCO FOSCO 3,6L CORAL",GL,tinta_acrilica_branca,2026-09-15T12:10:31Z,143.0,128.7
10936,"TINTA ACR PREMIUM CORAL MASTER BRANCO FOSCO 3,6L CORAL",GL,tinta_branca,2026-09-15T19:27:24Z,143.0,128.7
10936,"TINTA ACR PREMIUM CORAL MASTER BRANCO FOSCO 3,6L CORAL",GL,tinta_branca,2026-09-15T12:10:31Z,143.0,128.7
10947,"TINTA ACR PREMIUM CORAL MASTER GELO FOSCO 3,6L CORAL",GL,tinta_acrilica,2026-09-12T12:24:22Z,128.7,128.5
10947,"TINTA ACR PREMIUM CORAL MASTER GELO FOSCO 3,6L CORAL",GL,tinta_acrilica,2026-09-11T12:16:34Z,143.0,128.7
10954,TINTA ACR PREMIUM CORAL MASTER TUBARAO BRANCO FOSCO 18L CORAL,LA,tinta_acrilica,2026-09-10T14:44:12Z,498.0,447.74
10954,TINTA ACR PREMIUM CORAL MASTER TUBARAO BRANCO FOSCO 18L CORAL,LA,tinta_acrilica,2026-09-15T20:26:03Z,498.0,498.0
10954,TINTA ACR PREMIUM CORAL MASTER TUBARAO BRANCO FOSCO 18L CORAL,LA,tinta_acrilica_branca,2026-09-10T14:44:12Z,498.0,447.74
10954,TINTA ACR PREMIUM CORAL MASTER TUBARAO BRANCO FOSCO 18L CORAL,LA,tinta_acrilica_branca,2026-09-15T20:26:03Z,498.0,498.0
10954,TINTA ACR PREMIUM CORAL MASTER TUBARAO BRANCO FOSCO 18L CORAL,LA,tinta_branca,2026-09-10T14:44:12Z,498.0,447.74
10954,TINTA ACR PREMIUM CORAL MASTER TUBARAO BRANCO FOSCO 18L CORAL,LA,tinta_branca,2026-09-15T20:26:03Z,498.0,498.0
06812,"TINTA ACR PREMIUM DECORA DIAMANTE GELO SEMI BRILHO 3,6L CORAL",GL,tinta_acrilica,2026-09-10T17:25:11Z,262.0,222.93
06812,"TINTA ACR PREMIUM DECORA DIAMANTE GELO SEMI BRILHO 3,6L CORAL",GL,tinta_acrilica,2026-09-15T12:10:31Z,262.0,235.8
09428,"TINTA ACR PREMIUM DECORA DIAMANTE GELO SEMI BRILHO 3,6L CORAL",GL,tinta_acrilica,2026-09-12T14:18:43Z,251.4,251.4
05977,TINTA ACR PREMIUM DECORA SEDA BRANCO ACETINADO 18L CORAL,LA,tinta_acrilica,2026-09-15T19:48:25Z,776.0,678.84
05977,TINTA ACR PREMIUM DECORA SEDA BRANCO ACETINADO 18L CORAL,LA,tinta_acrilica_branca,2026-09-15T19:48:25Z,776.0,678.84
05977,TINTA ACR PREMIUM DECORA SEDA BRANCO ACETINADO 18L CORAL,LA,tinta_branca,2026-09-15T19:48:25Z,776.0,678.84
08295,TINTA ACR PREMIUM RENOVA PAREDES E TETOS BRANCO FOSCO 16L CORAL,LA,tinta_acrilica,2026-09-15T11:42:17Z,459.0,459.0
08295,TINTA ACR PREMIUM RENOVA PAREDES E TETOS BRANCO FOSCO 16L CORAL,LA,tinta_acrilica_branca,2026-09-15T11:42:17Z,459.0,459.0
08295,TINTA ACR PREMIUM RENOVA PAREDES E TETOS BRANCO FOSCO 16L CORAL,LA,tinta_branca,2026-09-15T11:42:17Z,459.0,459.0
10693,"TINTA ACR PREMIUM SEMPRE LIMPO BRANCO FOSCO 3,6L SUVINIL",GL,tinta_acrilica,2026-09-10T20:33:35Z,276.0,240.35
10693,"TINTA ACR PREMIUM SEMPRE LIMPO BRANCO FOSCO 3,6L SUVINIL",GL,tinta_acrilica,2026-09-10T11:26:27Z,276.0,246.24
10693,"TINTA ACR PREMIUM SEMPRE LIMPO BRANCO FOSCO 3,6L SUVINIL",GL,tinta_acrilica,2026-09-15T16:25:03Z,276.0,248.38
10693,"TINTA ACR PREMIUM SEMPRE LIMPO BRANCO FOSCO 3,6L SUVINIL",GL,tinta_acrilica_branca,2026-09-10T20:33:35Z,276.0,240.35
10693,"TINTA ACR PREMIUM SEMPRE LIMPO BRANCO FOSCO 3,6L SUVINIL",GL,tinta_acrilica_branca,2026-09-10T11:26:27Z,276.0,246.24
10693,"TINTA ACR PREMIUM SEMPRE LIMPO BRANCO FOSCO 3,6L SUVINIL",GL,tinta_acrilica_branca,2026-09-15T16:25:03Z,276.0,248.38
10693,"TINTA ACR PREMIUM SEMPRE LIMPO BRANCO FOSCO 3,6L SUVINIL",GL,tinta_branca,2026-09-10T20:33:35Z,276.0,240.35
10693,"TINTA ACR PREMIUM SEMPRE LIMPO BRANCO FOSCO 3,6L SUVINIL",GL,tinta_branca,2026-09-10T11:26:27Z,276.0,246.24
10693,"TINTA ACR PREMIUM SEMPRE LIMPO BRANCO FOSCO 3,6L SUVINIL",GL,tinta_branca,2026-09-15T16:25:03Z,276.0,248.38
10730,"TINTA ACR PREMIUM TOQUE BRILHO BRANCO SEMI BRILHO 0,9L SUVINIL",L,tinta_acrilica,2026-09-15T11:58:37Z,74.7,74.7
10730,"TINTA ACR PREMIUM TOQUE BRILHO BRANCO SEMI BRILHO 0,9L SUVINIL",L,tinta_acrilica,2026-09-12T14:04:39Z,83.0,74.77
10730,"TINTA ACR PREMIUM TOQUE BRILHO BRANCO SEMI BRILHO 0,9L SUVINIL",L,tinta_acrilica_branca,2026-09-15T11:58:37Z,74.7,74.7
10730,"TINTA ACR PREMIUM TOQUE BRILHO BRANCO SEMI BRILHO 0,9L SUVINIL",L,tinta_acrilica_branca,2026-09-12T14:04:39Z,83.0,74.77
10730,"TINTA ACR PREMIUM TOQUE BRILHO BRANCO SEMI BRILHO 0,9L SUVINIL",L,tinta_branca,2026-09-15T11:58:37Z,74.7,74.7
10730,"TINTA ACR PREMIUM TOQUE BRILHO BRANCO SEMI BRILHO 0,9L SUVINIL",L,tinta_branca,2026-09-12T14:04:39Z,83.0,74.77
10729,"TINTA ACR PREMIUM TOQUE BRILHO BRANCO SEMI BRILHO 3,6L PLASTICO SUVINI",GL,tinta_acrilica,2026-09-14T17:54:32Z,215.05,215.05
10729,"TINTA ACR PREMIUM TOQUE BRILHO BRANCO SEMI BRILHO 3,6L PLASTICO SUVINI",GL,tinta_acrilica,2026-09-14T12:35:24Z,227.7,227.7
10729,"TINTA ACR PREMIUM TOQUE BRILHO BRANCO SEMI BRILHO 3,6L PLASTICO SUVINI",GL,tinta_acrilica,2026-09-10T15:03:25Z,227.7,227.7
10729,"TINTA ACR PREMIUM TOQUE BRILHO BRANCO SEMI BRILHO 3,6L PLASTICO SUVINI",GL,tinta_acrilica,2026-09-15T17:14:48Z,253.0,227.7
10729,"TINTA ACR PREMIUM TOQUE BRILHO BRANCO SEMI BRILHO 3,6L PLASTICO SUVINI",GL,tinta_acrilica_branca,2026-09-14T17:54:32Z,215.05,215.05
10729,"TINTA ACR PREMIUM TOQUE BRILHO BRANCO SEMI BRILHO 3,6L PLASTICO SUVINI",GL,tinta_acrilica_branca,2026-09-14T12:35:24Z,227.7,227.7
10729,"TINTA ACR PREMIUM TOQUE BRILHO BRANCO SEMI BRILHO 3,6L PLASTICO SUVINI",GL,tinta_acrilica_branca,2026-09-10T15:03:25Z,227.7,227.7
10729,"TINTA ACR PREMIUM TOQUE BRILHO BRANCO SEMI BRILHO 3,6L PLASTICO SUVINI",GL,tinta_acrilica_branca,2026-09-15T17:14:48Z,253.0,227.7
10729,"TINTA ACR PREMIUM TOQUE BRILHO BRANCO SEMI BRILHO 3,6L PLASTICO SUVINI",GL,tinta_branca,2026-09-14T17:54:32Z,215.05,215.05
10729,"TINTA ACR PREMIUM TOQUE BRILHO BRANCO SEMI BRILHO 3,6L PLASTICO SUVINI",GL,tinta_branca,2026-09-14T12:35:24Z,227.7,227.7
10729,"TINTA ACR PREMIUM TOQUE BRILHO BRANCO SEMI BRILHO 3,6L PLASTICO SUVINI",GL,tinta_branca,2026-09-10T15:03:25Z,227.7,227.7
10729,"TINTA ACR PREMIUM TOQUE BRILHO BRANCO SEMI BRILHO 3,6L PLASTICO SUVINI",GL,tinta_branca,2026-09-15T17:14:48Z,253.0,227.7
10732,"TINTA ACR PREMIUM TOQUE BRILHO ELEFANTE SEMI BRILHO 3,6L SUVINIL",GL,tinta_acrilica,2026-09-12T14:32:30Z,253.0,215.05
10750,"TINTA ACR PREMIUM TOQUE FOSCO (CLASSICA) BRANCO FOSCO 0,9L SUVINIL",L,tinta_acrilica,2026-09-12T14:17:05Z,54.0,48.13
10750,"TINTA ACR PREMIUM TOQUE FOSCO (CLASSICA) BRANCO FOSCO 0,9L SUVINIL",L,tinta_acrilica,2026-09-12T11:15:42Z,54.0,48.32
10750,"TINTA ACR PREMIUM TOQUE FOSCO (CLASSICA) BRANCO FOSCO 0,9L SUVINIL",L,tinta_acrilica,2026-09-11T14:39:43Z,54.0,48.58
10750,"TINTA ACR PREMIUM TOQUE FOSCO (CLASSICA) BRANCO FOSCO 0,9L SUVINIL",L,tinta_acrilica,2026-09-12T14:35:41Z,54.0,49.1
10750,"TINTA ACR PREMIUM TOQUE FOSCO (CLASSICA) BRANCO FOSCO 0,9L SUVINIL",L,tinta_acrilica_branca,2026-09-12T14:17:05Z,54.0,48.13
10750,"TINTA ACR PREMIUM TOQUE FOSCO (CLASSICA) BRANCO FOSCO 0,9L SUVINIL",L,tinta_acrilica_branca,2026-09-12T11:15:42Z,54.0,48.32
10750,"TINTA ACR PREMIUM TOQUE FOSCO (CLASSICA) BRANCO FOSCO 0,9L SUVINIL",L,tinta_acrilica_branca,2026-09-11T14:39:43Z,54.0,48.58
10750,"TINTA ACR PREMIUM TOQUE FOSCO (CLASSICA) BRANCO FOSCO 0,9L SUVINIL",L,tinta_acrilica_branca,2026-09-12T14:35:41Z,54.0,49.1
10750,"TINTA ACR PREMIUM TOQUE FOSCO (CLASSICA) BRANCO FOSCO 0,9L SUVINIL",L,tinta_branca,2026-09-12T14:17:05Z,54.0,48.13
10750,"TINTA ACR PREMIUM TOQUE FOSCO (CLASSICA) BRANCO FOSCO 0,9L SUVINIL",L,tinta_branca,2026-09-12T11:15:42Z,54.0,48.32
10750,"TINTA ACR PREMIUM TOQUE FOSCO (CLASSICA) BRANCO FOSCO 0,9L SUVINIL",L,tinta_branca,2026-09-11T14:39:43Z,54.0,48.58
10750,"TINTA ACR PREMIUM TOQUE FOSCO (CLASSICA) BRANCO FOSCO 0,9L SUVINIL",L,tinta_branca,2026-09-12T14:35:41Z,54.0,49.1
10748,TINTA ACR PREMIUM TOQUE FOSCO (CLASSICA) BRANCO FOSCO 18L SUVINIL,LA,tinta_acrilica,2026-09-14T10:06:31Z,465.0,418.5
10748,TINTA ACR PREMIUM TOQUE FOSCO (CLASSICA) BRANCO FOSCO 18L SUVINIL,LA,tinta_acrilica,2026-09-15T11:16:27Z,418.5,418.5
10748,TINTA ACR PREMIUM TOQUE FOSCO (CLASSICA) BRANCO FOSCO 18L SUVINIL,LA,tinta_acrilica,2026-09-11T11:25:25Z,465.0,418.5
10748,TINTA ACR PREMIUM TOQUE FOSCO (CLASSICA) BRANCO FOSCO 18L SUVINIL,LA,tinta_acrilica_branca,2026-09-14T10:06:31Z,465.0,418.5
10748,TINTA ACR PREMIUM TOQUE FOSCO (CLASSICA) BRANCO FOSCO 18L SUVINIL,LA,tinta_acrilica_branca,2026-09-15T11:16:27Z,418.5,418.5
10748,TINTA ACR PREMIUM TOQUE FOSCO (CLASSICA) BRANCO FOSCO 18L SUVINIL,LA,tinta_acrilica_branca,2026-09-11T11:25:25Z,465.0,418.5
10748,TINTA ACR PREMIUM TOQUE FOSCO (CLASSICA) BRANCO FOSCO 18L SUVINIL,LA,tinta_branca,2026-09-14T10:06:31Z,465.0,418.5
10748,TINTA ACR PREMIUM TOQUE FOSCO (CLASSICA) BRANCO FOSCO 18L SUVINIL,LA,tinta_branca,2026-09-15T11:16:27Z,418.5,418.5
10748,TINTA ACR PREMIUM TOQUE FOSCO (CLASSICA) BRANCO FOSCO 18L SUVINIL,LA,tinta_branca,2026-09-11T11:25:25Z,465.0,418.5
10749,"TINTA ACR PREMIUM TOQUE FOSCO (CLASSICA) BRANCO FOSCO 3,6L PLASTICO SUVINIL",GL,tinta_acrilica,2026-09-14T14:01:12Z,139.5,139.5
10749,"TINTA ACR PREMIUM TOQUE FOSCO (CLASSICA) BRANCO FOSCO 3,6L PLASTICO SUVINIL",GL,tinta_acrilica,2026-09-15T18:49:56Z,139.5,139.5
10749,"TINTA ACR PREMIUM TOQUE FOSCO (CLASSICA) BRANCO FOSCO 3,6L PLASTICO SUVINIL",GL,tinta_acrilica,2026-09-10T15:03:25Z,139.5,139.5
10749,"TINTA ACR PREMIUM TOQUE FOSCO (CLASSICA) BRANCO FOSCO 3,6L PLASTICO SUVINIL",GL,tinta_acrilica_branca,2026-09-14T14:01:12Z,139.5,139.5
10749,"TINTA ACR PREMIUM TOQUE FOSCO (CLASSICA) BRANCO FOSCO 3,6L PLASTICO SUVINIL",GL,tinta_acrilica_branca,2026-09-15T18:49:56Z,139.5,139.5
10749,"TINTA ACR PREMIUM TOQUE FOSCO (CLASSICA) BRANCO FOSCO 3,6L PLASTICO SUVINIL",GL,tinta_acrilica_branca,2026-09-10T15:03:25Z,139.5,139.5
10749,"TINTA ACR PREMIUM TOQUE FOSCO (CLASSICA) BRANCO FOSCO 3,6L PLASTICO SUVINIL",GL,tinta_branca,2026-09-14T14:01:12Z,139.5,139.5
10749,"TINTA ACR PREMIUM TOQUE FOSCO (CLASSICA) BRANCO FOSCO 3,6L PLASTICO SUVINIL",GL,tinta_branca,2026-09-15T18:49:56Z,139.5,139.5
10749,"TINTA ACR PREMIUM TOQUE FOSCO (CLASSICA) BRANCO FOSCO 3,6L PLASTICO SUVINIL",GL,tinta_branca,2026-09-10T15:03:25Z,139.5,139.5
10757,"TINTA ACR PREMIUM TOQUE FOSCO (CLASSICA) CROMIO FOSCO 3,6L SUVINIL",GL,tinta_acrilica,2026-09-14T17:31:20Z,139.5,139.5
10759,"TINTA ACR PREMIUM TOQUE FOSCO (CLASSICA) GELO FOSCO 3,6L SUVINIL",GL,tinta_acrilica,2026-09-15T12:09:55Z,139.5,139.5
10699,"TINTA ACR PREMIUM TOQUE FOSCO COMPLETO BRANCO FOSCO 3,6L SUVINIL",GL,tinta_acrilica,2026-09-12T11:31:52Z,208.0,186.42
10699,"TINTA ACR PREMIUM TOQUE FOSCO COMPLETO BRANCO FOSCO 3,6L SUVINIL",GL,tinta_acrilica_branca,2026-09-12T11:31:52Z,208.0,186.42
10699,"TINTA ACR PREMIUM TOQUE FOSCO COMPLETO BRANCO FOSCO 3,6L SUVINIL",GL,tinta_branca,2026-09-12T11:31:52Z,208.0,186.42
10700,TINTA ACR PREMIUM TOQUE FOSCO COMPLETO CROMIO FOSCO 18L SUVINIL,LA,tinta_acrilica,2026-09-11T19:25:18Z,765.0,687.13
10788,"TINTA ACR PREMIUM TOQUE SEDA BRANCO ACETINADO 0,9L SUVINIL",L,tinta_acrilica,2026-09-15T13:16:40Z,71.0,71.0
10788,"TINTA ACR PREMIUM TOQUE SEDA BRANCO ACETINADO 0,9L SUVINIL",L,tinta_acrilica_branca,2026-09-15T13:16:40Z,71.0,71.0
10788,"TINTA ACR PREMIUM TOQUE SEDA BRANCO ACETINADO 0,9L SUVINIL",L,tinta_branca,2026-09-15T13:16:40Z,71.0,71.0
10786,TINTA ACR PREMIUM TOQUE SEDA BRANCO ACETINADO 18L SUVINIL,LA,tinta_acrilica,2026-09-10T12:03:36Z,698.4,698.4
10786,TINTA ACR PREMIUM TOQUE SEDA BRANCO ACETINADO 18L SUVINIL,LA,tinta_acrilica,2026-09-10T12:32:12Z,698.4,698.4
10786,TINTA ACR PREMIUM TOQUE SEDA BRANCO ACETINADO 18L SUVINIL,LA,tinta_acrilica,2026-09-14T14:48:40Z,776.0,698.4
10786,TINTA ACR PREMIUM TOQUE SEDA BRANCO ACETINADO 18L SUVINIL,LA,tinta_acrilica_branca,2026-09-10T12:03:36Z,698.4,698.4
10786,TINTA ACR PREMIUM TOQUE SEDA BRANCO ACETINADO 18L SUVINIL,LA,tinta_acrilica_branca,2026-09-10T12:32:12Z,698.4,698.4
10786,TINTA ACR PREMIUM TOQUE SEDA BRANCO ACETINADO 18L SUVINIL,LA,tinta_acrilica_branca,2026-09-14T14:48:40Z,776.0,698.4
10786,TINTA ACR PREMIUM TOQUE SEDA BRANCO ACETINADO 18L SUVINIL,LA,tinta_branca,2026-09-10T12:03:36Z,698.4,698.4
10786,TINTA ACR PREMIUM TOQUE SEDA BRANCO ACETINADO 18L SUVINIL,LA,tinta_branca,2026-09-10T12:32:12Z,698.4,698.4
10786,TINTA ACR PREMIUM TOQUE SEDA BRANCO ACETINADO 18L SUVINIL,LA,tinta_branca,2026-09-14T14:48:40Z,776.0,698.4
10787,"TINTA ACR PREMIUM TOQUE SEDA BRANCO ACETINADO 3,6L PLASTICO SUVINIL",GL,tinta_acrilica,2026-09-15T18:49:56Z,198.0,198.0
10787,"TINTA ACR PREMIUM TOQUE SEDA BRANCO ACETINADO 3,6L PLASTICO SUVINIL",GL,tinta_acrilica,2026-09-14T18:06:55Z,233.0,208.35
10787,"TINTA ACR PREMIUM TOQUE SEDA BRANCO ACETINADO 3,6L PLASTICO SUVINIL",GL,tinta_acrilica,2026-09-15T19:57:59Z,233.0,209.68
10787,"TINTA ACR PREMIUM TOQUE SEDA BRANCO ACETINADO 3,6L PLASTICO SUVINIL",GL,tinta_acrilica_branca,2026-09-15T18:49:56Z,198.0,198.0
10787,"TINTA ACR PREMIUM TOQUE SEDA BRANCO ACETINADO 3,6L PLASTICO SUVINIL",GL,tinta_acrilica_branca,2026-09-14T18:06:55Z,233.0,208.35
10787,"TINTA ACR PREMIUM TOQUE SEDA BRANCO ACETINADO 3,6L PLASTICO SUVINIL",GL,tinta_acrilica_branca,2026-09-15T19:57:59Z,233.0,209.68
10787,"TINTA ACR PREMIUM TOQUE SEDA BRANCO ACETINADO 3,6L PLASTICO SUVINIL",GL,tinta_branca,2026-09-15T18:49:56Z,198.0,198.0
10787,"TINTA ACR PREMIUM TOQUE SEDA BRANCO ACETINADO 3,6L PLASTICO SUVINIL",GL,tinta_branca,2026-09-14T18:06:55Z,233.0,208.35
10787,"TINTA ACR PREMIUM TOQUE SEDA BRANCO ACETINADO 3,6L PLASTICO SUVINIL",GL,tinta_branca,2026-09-15T19:57:59Z,233.0,209.68
10792,"TINTA ACR PREMIUM TOQUE SEDA CROMIO ACETINADO 3,6L SUVINIL",GL,tinta_acrilica,2026-09-14T17:34:43Z,209.7,209.7
10790,"TINTA ACR PREMIUM TOQUE SEDA ELEFANTE ACETINADO 3,6L SUVINIL",GL,tinta_acrilica,2026-09-09T14:10:10Z,198.05,198.0
7892948003273,"TINTA ACR SB  GELO 3,6L SB LAVAVEL PREMIUM IQUINE",GL,tinta_acrilica,2026-09-14T22:57:24Z,245.9,245.9
7891260559291,"TINTA ACR SB 0,8L BASE B2 TOQUE BRILHO SUVINIL",UN,tinta_acrilica,2026-09-10T20:01:51Z,54.02,54.02
7891260559291,"TINTA ACR SB 0,8L BASE B2 TOQUE BRILHO SUVINIL",UN,tinta_acrilica,2026-09-11T19:35:20Z,84.24,84.24
7892948057139,TINTA ACR SB 15L BR GELO LIMPA FACIL IQUINE,UN,tinta_acrilica,2026-09-12T21:42:54Z,389.9,389.9
7892948057139,TINTA ACR SB 15L BR GELO LIMPA FACIL IQUINE,UN,tinta_acrilica_branca,2026-09-12T21:42:54Z,389.9,389.9
7892948057139,TINTA ACR SB 15L BR GELO LIMPA FACIL IQUINE,UN,tinta_branca,2026-09-12T21:42:54Z,389.9,389.9
7892948057122,TINTA ACR SB 15L BR NEVE LIMPA FACIL IQUINE,UN,tinta_acrilica,2026-09-10T13:01:49Z,389.9,358.94
7892948057122,TINTA ACR SB 15L BR NEVE LIMPA FACIL IQUINE,UN,tinta_acrilica,2026-09-13T19:57:29Z,389.9,389.9
7892948057122,TINTA ACR SB 15L BR NEVE LIMPA FACIL IQUINE,UN,tinta_acrilica_branca,2026-09-10T13:01:49Z,389.9,358.94
7892948057122,TINTA ACR SB 15L BR NEVE LIMPA FACIL IQUINE,UN,tinta_acrilica_branca,2026-09-13T19:57:29Z,389.9,389.9
7892948057122,TINTA ACR SB 15L BR NEVE LIMPA FACIL IQUINE,UN,tinta_branca,2026-09-10T13:01:49Z,389.9,358.94
7892948057122,TINTA ACR SB 15L BR NEVE LIMPA FACIL IQUINE,UN,tinta_branca,2026-09-13T19:57:29Z,389.9,389.9
7892948057146,TINTA ACR SB 15L PALHA LIMPA FACIL IQUINE,UN,tinta_acrilica,2026-09-11T23:22:05Z,389.9,377.6166666666667
7892948057153,TINTA ACR SB 15L PEROLA LIMPA FACIL IQUINE,UN,tinta_acrilica,2026-09-14T20:57:48Z,389.9,378.24
295924,TINTA ACR SB 15L RT LIMPA FACIL PER IQUI BD0001BD,BD,tinta_acrilica,2026-09-15T14:24:38Z,389.9,370.41
7891019170616,TINTA ACR SB 16L BASE PM BRILHO E PROTECAO CORAL,L,tinta_acrilica,2026-09-14T13:58:42Z,432.1,416.3
7891019170616,TINTA ACR SB 16L BASE PM BRILHO E PROTECAO CORAL,L,tinta_acrilica,2026-09-15T20:17:14Z,434.04,421.02
7891019170616,TINTA ACR SB 16L BASE PM BRILHO E PROTECAO CORAL,L,tinta_acrilica,2026-09-13T13:15:13Z,430.54,430.54
06465,TINTA ACR SB 16L BASE PM BRILHO E PROTECAO CORAL,LA,tinta_acrilica,2026-09-11T16:16:38Z,483.7808,448.94
896867,TINTA ACR SB 16L BASE PM BRILHO E PROTECAO CORAL,L,tinta_acrilica,2026-09-11T17:45:53Z,590.99,590.99
7891019170609,TINTA ACR SB 18L BR BRILHO E PROTECAO CORAL,L,tinta_acrilica,2026-09-15T21:08:17Z,389.9,389.9
7891019170609,TINTA ACR SB 18L BR BRILHO E PROTECAO CORAL,L,tinta_acrilica,2026-09-11T23:35:41Z,419.9,419.9
7891019170609,TINTA ACR SB 18L BR BRILHO E PROTECAO CORAL,L,tinta_acrilica,2026-09-12T20:25:20Z,419.9,419.9
7891019170609,TINTA ACR SB 18L BR BRILHO E PROTECAO CORAL,L,tinta_acrilica_branca,2026-09-15T21:08:17Z,389.9,389.9
7891019170609,TINTA ACR SB 18L BR BRILHO E PROTECAO CORAL,L,tinta_acrilica_branca,2026-09-11T23:35:41Z,419.9,419.9
7891019170609,TINTA ACR SB 18L BR BRILHO E PROTECAO CORAL,L,tinta_acrilica_branca,2026-09-12T20:25:20Z,419.9,419.9
7891019170609,TINTA ACR SB 18L BR BRILHO E PROTECAO CORAL,L,tinta_branca,2026-09-15T21:08:17Z,389.9,389.9
7891019170609,TINTA ACR SB 18L BR BRILHO E PROTECAO CORAL,L,tinta_branca,2026-09-11T23:35:41Z,419.9,419.9
7891019170609,TINTA ACR SB 18L BR BRILHO E PROTECAO CORAL,L,tinta_branca,2026-09-12T20:25:20Z,419.9,419.9
7891260058770,TINTA ACR SB 18L BR GELO GLASURIT SUVINIL,L,tinta_acrilica,2026-09-12T13:57:10Z,497.9,483.015
7891260058770,TINTA ACR SB 18L BR GELO GLASURIT SUVINIL,L,tinta_acrilica,2026-09-15T18:49:43Z,497.9,497.9
7891260058770,TINTA ACR SB 18L BR GELO GLASURIT SUVINIL,L,tinta_acrilica,2026-09-14T22:59:56Z,497.9,497.9
7891260058770,TINTA ACR SB 18L BR GELO GLASURIT SUVINIL,L,tinta_acrilica_branca,2026-09-12T13:57:10Z,497.9,483.015
7891260058770,TINTA ACR SB 18L BR GELO GLASURIT SUVINIL,L,tinta_acrilica_branca,2026-09-15T18:49:43Z,497.9,497.9
7891260058770,TINTA ACR SB 18L BR GELO GLASURIT SUVINIL,L,tinta_acrilica_branca,2026-09-14T22:59:56Z,497.9,497.9
7891260058770,TINTA ACR SB 18L BR GELO GLASURIT SUVINIL,L,tinta_branca,2026-09-12T13:57:10Z,497.9,483.015
7891260058770,TINTA ACR SB 18L BR GELO GLASURIT SUVINIL,L,tinta_branca,2026-09-15T18:49:43Z,497.9,497.9
7891260058770,TINTA ACR SB 18L BR GELO GLASURIT SUVINIL,L,tinta_branca,2026-09-14T22:59:56Z,497.9,497.9
7891260058749,TINTA ACR SB 18L BR NEVE GLASURIT SUVINIL,L,tinta_acrilica,2026-09-14T20:32:53Z,429.9,413.86
7891260058749,TINTA ACR SB 18L BR NEVE GLASURIT SUVINIL,L,tinta_acrilica,2026-09-15T15:08:51Z,429.9,429.9
7891260058749,TINTA ACR SB 18L BR NEVE GLASURIT SUVINIL,L,tinta_acrilica,2026-09-15T17:11:59Z,429.9,429.9
7891260058749,TINTA ACR SB 18L BR NEVE GLASURIT SUVINIL,L,tinta_acrilica_branca,2026-09-14T20:32:53Z,429.9,413.86
7891260058749,TINTA ACR SB 18L BR NEVE GLASURIT SUVINIL,L,tinta_acrilica_branca,2026-09-15T15:08:51Z,429.9,429.9
7891260058749,TINTA ACR SB 18L BR NEVE GLASURIT SUVINIL,L,tinta_acrilica_branca,2026-09-15T17:11:59Z,429.9,429.9
7891260058749,TINTA ACR SB 18L BR NEVE GLASURIT SUVINIL,L,tinta_branca,2026-09-14T20:32:53Z,429.9,413.86
7891260058749,TINTA ACR SB 18L BR NEVE GLASURIT SUVINIL,L,tinta_branca,2026-09-15T15:08:51Z,429.9,429.9
7891260058749,TINTA ACR SB 18L BR NEVE GLASURIT SUVINIL,L,tinta_branca,2026-09-15T17:11:59Z,429.9,429.9
7891019907021,"TINTA ACR SB 3,2 BASE P DECORA DIAMANTE CORAL",GL,tinta_acrilica,2026-09-12T13:47:14Z,239.9,239.9
7891019907021,"TINTA ACR SB 3,2 BASE P DECORA DIAMANTE CORAL",GL,tinta_acrilica,2026-09-13T19:30:35Z,248.13,248.13
903027,"TINTA ACR SB 3,2 BASE P DECORA DIAMANTE CORAL",GL,tinta_acrilica,2026-09-11T14:21:38Z,256.99,256.99
15650,"TINTA ACR SB 3,2 BASE P DECORA DIAMANTE CORAL",GL,tinta_acrilica,2026-09-15T21:33:05Z,260.0,260.0
7891260559253,"TINTA ACR SB 3,2L BASE A2 TOQUE BRILHO SUVINIL",UN,tinta_acrilica,2026-09-11T14:44:16Z,240.65,240.65
7891260559284,"TINTA ACR SB 3,2L BASE B2 TOQUE BRILHO SUVINIL",UN,tinta_acrilica,2026-09-11T19:35:20Z,254.42,254.42
7891260559284,"TINTA ACR SB 3,2L BASE B2 TOQUE BRILHO SUVINIL",UN,tinta_acrilica,2026-09-10T17:34:32Z,256.82,256.82
7891260559314,"TINTA ACR SB 3,2L BASE C2 TOQUE BRILHO SUVINIL",UN,tinta_acrilica,2026-09-11T15:27:47Z,267.57,267.57
7891260559314,"TINTA ACR SB 3,2L BASE C2 TOQUE BRILHO SUVINIL",UN,tinta_acrilica,2026-09-13T15:15:30Z,273.27,273.27
7891019177943,"TINTA ACR SB 3,2L BASE MF DECORA DIAMANTE CORAL",GL,tinta_acrilica,2026-09-14T13:08:42Z,272.55,272.55
7891019177943,"TINTA ACR SB 3,2L BASE MF DECORA DIAMANTE CORAL",GL,tinta_acrilica,2026-09-15T19:29:57Z,280.55,280.55
7891019170586,"TINTA ACR SB 3,2L BASE PM BRILHO E PROTECAO CORAL",GL,tinta_acrilica,2026-09-15T13:19:06Z,119.9,102.43
7891019170586,"TINTA ACR SB 3,2L BASE PM BRILHO E PROTECAO CORAL",GL,tinta_acrilica,2026-09-11T19:52:45Z,122.4,122.4
7891019170586,"TINTA ACR SB 3,2L BASE PM BRILHO E PROTECAO CORAL",GL,tinta_acrilica,2026-09-10T16:22:26Z,156.79,152.085
7891019906994,"TINTA ACR SB 3,2L BASE T DECORA DIAMANTE CORAL",GL,tinta_acrilica,2026-09-15T13:19:06Z,368.06,314.43
7892948057450,"TINTA ACR SB 3,6L BR GELO LIMPA FACIL IQUINE",UN,tinta_acrilica,2026-09-09T20:01:25Z,109.9,109.9
7892948057450,"TINTA ACR SB 3,6L BR GELO LIMPA FACIL IQUINE",UN,tinta_acrilica,2026-09-15T13:27:37Z,109.9,109.9
7892948057450,"TINTA ACR SB 3,6L BR GELO LIMPA FACIL IQUINE",UN,tinta_acrilica,2026-09-15T20:43:30Z,109.9,109.9
7892948057450,"TINTA ACR SB 3,6L BR GELO LIMPA FACIL IQUINE",UN,tinta_acrilica,2026-09-11T13:13:33Z,109.9,109.9
7892948057450,"TINTA ACR SB 3,6L BR GELO LIMPA FACIL IQUINE",UN,tinta_acrilica_branca,2026-09-09T20:01:25Z,109.9,109.9
7892948057450,"TINTA ACR SB 3,6L BR GELO LIMPA FACIL IQUINE",UN,tinta_acrilica_branca,2026-09-15T13:27:37Z,109.9,109.9
7892948057450,"TINTA ACR SB 3,6L BR GELO LIMPA FACIL IQUINE",UN,tinta_acrilica_branca,2026-09-15T20:43:30Z,109.9,109.9
7892948057450,"TINTA ACR SB 3,6L BR GELO LIMPA FACIL IQUINE",UN,tinta_acrilica_branca,2026-09-11T13:13:33Z,109.9,109.9
7892948057450,"TINTA ACR SB 3,6L BR GELO LIMPA FACIL IQUINE",UN,tinta_branca,2026-09-09T20:01:25Z,109.9,109.9
7892948057450,"TINTA ACR SB 3,6L BR GELO LIMPA FACIL IQUINE",UN,tinta_branca,2026-09-15T13:27:37Z,109.9,109.9
7892948057450,"TINTA ACR SB 3,6L BR GELO LIMPA FACIL IQUINE",UN,tinta_branca,2026-09-15T20:43:30Z,109.9,109.9
7892948057450,"TINTA ACR SB 3,6L BR GELO LIMPA FACIL IQUINE",UN,tinta_branca,2026-09-11T13:13:33Z,109.9,109.9
7891019906925,"TINTA ACR SB 3,6L BR NEVE DECORA DIAMANTE CORAL",GL,tinta_acrilica,2026-09-13T14:39:20Z,219.9,219.9
7891019906925,"TINTA ACR SB 3,6L BR NEVE DECORA DIAMANTE CORAL",GL,tinta_acrilica,2026-09-11T23:20:03Z,219.9,219.9
7891019906925,"TINTA ACR SB 3,6L BR NEVE DECORA DIAMANTE CORAL",GL,tinta_acrilica,2026-09-12T20:03:07Z,219.9,219.9
06811,"TINTA ACR SB 3,6L BR NEVE DECORA DIAMANTE CORAL",GL,tinta_acrilica,2026-09-15T18:08:34Z,262.0,228.57
06811,"TINTA ACR SB 3,6L BR NEVE DECORA DIAMANTE CORAL",GL,tinta_acrilica,2026-09-09T15:14:47Z,228.6,228.6
06811,"TINTA ACR SB 3,6L BR NEVE DECORA DIAMANTE CORAL",GL,tinta_acrilica,2026-09-15T12:18:07Z,262.0,235.8
09252,"TINTA ACR SB 3,6L BR NEVE DECORA DIAMANTE CORAL",GL,tinta_acrilica,2026-09-14T12:23:31Z,251.4,251.4
7891019906925,"TINTA ACR SB 3,6L BR NEVE DECORA DIAMANTE CORAL",GL,tinta_acrilica_branca,2026-09-13T14:39:20Z,219.9,219.9
7891019906925,"TINTA ACR SB 3,6L BR NEVE DECORA DIAMANTE CORAL",GL,tinta_acrilica_branca,2026-09-11T23:20:03Z,219.9,219.9
7891019906925,"TINTA ACR SB 3,6L BR NEVE DECORA DIAMANTE CORAL",GL,tinta_acrilica_branca,2026-09-12T20:03:07Z,219.9,219.9
06811,"TINTA ACR SB 3,6L BR NEVE DECORA DIAMANTE CORAL",GL,tinta_acrilica_branca,2026-09-15T18:08:34Z,262.0,228.57
06811,"TINTA ACR SB 3,6L BR NEVE DECORA DIAMANTE CORAL",GL,tinta_acrilica_branca,2026-09-09T15:14:47Z,228.6,228.6
06811,"TINTA ACR SB 3,6L BR NEVE DECORA DIAMANTE CORAL",GL,tinta_acrilica_branca,2026-09-15T12:18:07Z,262.0,235.8
09252,"TINTA ACR SB 3,6L BR NEVE DECORA DIAMANTE CORAL",GL,tinta_acrilica_branca,2026-09-14T12:23:31Z,251.4,251.4
7891019906925,"TINTA ACR SB 3,6L BR NEVE DECORA DIAMANTE CORAL",GL,tinta_branca,2026-09-13T14:39:20Z,219.9,219.9
7891019906925,"TINTA ACR SB 3,6L BR NEVE DECORA DIAMANTE CORAL",GL,tinta_branca,2026-09-11T23:20:03Z,219.9,219.9
7891019906925,"TINTA ACR SB 3,6L BR NEVE DECORA DIAMANTE CORAL",GL,tinta_branca,2026-09-12T20:03:07Z,219.9,219.9
06811,"TINTA ACR SB 3,6L BR NEVE DECORA DIAMANTE CORAL",GL,tinta_branca,2026-09-15T18:08:34Z,262.0,228.57
06811,"TINTA ACR SB 3,6L BR NEVE DECORA DIAMANTE CORAL",GL,tinta_branca,2026-09-09T15:14:47Z,228.6,228.6
06811,"TINTA ACR SB 3,6L BR NEVE DECORA DIAMANTE CORAL",GL,tinta_branca,2026-09-15T12:18:07Z,262.0,235.8
09252,"TINTA ACR SB 3,6L BR NEVE DECORA DIAMANTE CORAL",GL,tinta_branca,2026-09-14T12:23:31Z,251.4,251.4
7891260532706,"TINTA ACR SB 3,6L BR NEVE GLASURIT SUVINIL",UN,tinta_acrilica,2026-09-13T18:11:39Z,129.9,129.9
7891260532706,"TINTA ACR SB 3,6L BR NEVE GLASURIT SUVINIL",UN,tinta_acrilica_branca,2026-09-13T18:11:39Z,129.9,129.9
7891260532706,"TINTA ACR SB 3,6L BR NEVE GLASURIT SUVINIL",UN,tinta_branca,2026-09-13T18:11:39Z,129.9,129.9
7892948057443,"TINTA ACR SB 3,6L BR NEVE LIMPA FACIL IQUINE",UN,tinta_acrilica,2026-09-15T16:53:10Z,109.9,109.9
7892948057443,"TINTA ACR SB 3,6L BR NEVE LIMPA FACIL IQUINE",UN,tinta_acrilica,2026-09-14T18:52:35Z,109.9,109.9
7892948057443,"TINTA ACR SB 3,6L BR NEVE LIMPA FACIL IQUINE",UN,tinta_acrilica_branca,2026-09-15T16:53:10Z,109.9,109.9
7892948057443,"TINTA ACR SB 3,6L BR NEVE LIMPA FACIL IQUINE",UN,tinta_acrilica_branca,2026-09-14T18:52:35Z,109.9,109.9
7892948057443,"TINTA ACR SB 3,6L BR NEVE LIMPA FACIL IQUINE",UN,tinta_branca,2026-09-15T16:53:10Z,109.9,109.9
7892948057443,"TINTA ACR SB 3,6L BR NEVE LIMPA FACIL IQUINE",UN,tinta_branca,2026-09-14T18:52:35Z,109.9,109.9
7892948057467,"TINTA ACR SB 3,6L PALHA LIMPA FACIL IQUINE",UN,tinta_acrilica,2026-09-09T17:53:11Z,109.9,109.9
7892948057474,"TINTA ACR SB 3,6L PEROLA LIMPA FACIL IQUINE",UN,tinta_acrilica,2026-09-12T13:51:51Z,109.9,109.9
74550,"TINTA ACR SB 3,6L SUP LAV BR/GL IQUINE GL0001GL",GL,tinta_acrilica,2026-09-10T13:26:23Z,199.99,199.99
74550,"TINTA ACR SB 3,6L SUP LAV BR/GL IQUINE GL0001GL",GL,tinta_acrilica_branca,2026-09-10T13:26:23Z,199.99,199.99
74550,"TINTA ACR SB 3,6L SUP LAV BR/GL IQUINE GL0001GL",GL,tinta_branca,2026-09-10T13:26:23Z,199.99,199.99
7891019907038,TINTA ACR SB 800ML BASE P DECORA DIAMANTECORAL,L,tinta_acrilica,2026-09-11T20:12:52Z,93.83,93.83
7891260532737,"TINTA ACR SB AREIA 3,6L GLASURIT SUVINIL",UN,tinta_acrilica,2026-09-15T00:54:42Z,135.9,135.9
7892948029617,"TINTA ACR SB BASE C 3,2L SB LAVAVEL PREMIUM IQUINE",GL,tinta_acrilica,2026-09-13T19:39:42Z,218.43,218.43
7892948029587,"TINTA ACR SB BASE M 3,2L SB LAVAVEL PREMIUM IQUINE",GL,tinta_acrilica,2026-09-12T14:03:09Z,197.67,197.67
7892948029587,"TINTA ACR SB BASE M 3,2L SB LAVAVEL PREMIUM IQUINE",GL,tinta_acrilica,2026-09-13T16:55:02Z,202.53,198.7
7892948029587,"TINTA ACR SB BASE M 3,2L SB LAVAVEL PREMIUM IQUINE",GL,tinta_acrilica,2026-09-10T15:30:24Z,226.52,226.52
7892948029556,"TINTA ACR SB BASE P 3,2L SB LAVAVEL PREMIUM IQUINE",GL,tinta_acrilica,2026-09-12T16:40:06Z,194.74,194.74
7892948044177,TINTA ACR SB LIMPA FACIL BASE C 16L IQUINE,UN,tinta_acrilica,2026-09-13T16:36:30Z,614.13,595.77
7892948044177,TINTA ACR SB LIMPA FACIL BASE C 16L IQUINE,UN,tinta_acrilica,2026-09-14T18:51:48Z,649.18,649.18
7892948044177,TINTA ACR SB LIMPA FACIL BASE C 16L IQUINE,UN,tinta_acrilica,2026-09-14T19:44:54Z,656.72,656.72
7892948044160,"TINTA ACR SB LIMPA FACIL BASE C 3,2L IQUINE",UN,tinta_acrilica,2026-09-15T17:51:36Z,143.92,143.92
7892948044153,TINTA ACR SB LIMPA FACIL BASE M 16L IQUINE,UN,tinta_acrilica,2026-09-11T23:22:05Z,500.99,485.32
7892948044146,"TINTA ACR SB LIMPA FACIL BASE M 3,2L IQUINE",UN,tinta_acrilica,2026-09-11T22:01:40Z,136.17,129.03
7892948044146,"TINTA ACR SB LIMPA FACIL BASE M 3,2L IQUINE",UN,tinta_acrilica,2026-09-14T18:51:48Z,144.33,144.33
7892948043231,"TINTA ACR SB LIMPA FACIL BASE P 3,2L IQUINE",UN,tinta_acrilica,2026-09-13T15:15:30Z,133.9,133.9
7892948043231,"TINTA ACR SB LIMPA FACIL BASE P 3,2L IQUINE",UN,tinta_acrilica,2026-09-12T18:19:07Z,140.4,140.4
2165,TINTA ACR SELA E PINTA CORES 18L IQUINE,UN,tinta_acrilica,2026-09-14T14:21:43Z,345.0,345.0
7892948057429,TINTA ACR SELA E PINTA GESSO BR NEVE 15L IQUINE,UN,tinta_acrilica,2026-09-14T13:41:27Z,285.9,271.605
7892948057429,TINTA ACR SELA E PINTA GESSO BR NEVE 15L IQUINE,UN,tinta_acrilica,2026-09-14T19:56:29Z,285.9,275.25
7892948057429,TINTA ACR SELA E PINTA GESSO BR NEVE 15L IQUINE,UN,tinta_acrilica,2026-09-14T23:59:18Z,285.9,285.9
7892948057429,TINTA ACR SELA E PINTA GESSO BR NEVE 15L IQUINE,UN,tinta_acrilica_branca,2026-09-14T13:41:27Z,285.9,271.605
7892948057429,TINTA ACR SELA E PINTA GESSO BR NEVE 15L IQUINE,UN,tinta_acrilica_branca,2026-09-14T19:56:29Z,285.9,275.25
7892948057429,TINTA ACR SELA E PINTA GESSO BR NEVE 15L IQUINE,UN,tinta_acrilica_branca,2026-09-14T23:59:18Z,285.9,285.9
7892948057429,TINTA ACR SELA E PINTA GESSO BR NEVE 15L IQUINE,UN,tinta_branca,2026-09-14T13:41:27Z,285.9,271.605
7892948057429,TINTA ACR SELA E PINTA GESSO BR NEVE 15L IQUINE,UN,tinta_branca,2026-09-14T19:56:29Z,285.9,275.25
7892948057429,TINTA ACR SELA E PINTA GESSO BR NEVE 15L IQUINE,UN,tinta_branca,2026-09-14T23:59:18Z,285.9,285.9
7892948058112,"TINTA ACR SELA E PINTA GESSO BR NEVE 3,6L IQUINE",UN,tinta_acrilica,2026-09-09T17:28:22Z,113.9,110.28
7892948058112,"TINTA ACR SELA E PINTA GESSO BR NEVE 3,6L IQUINE",UN,tinta_acrilica,2026-09-14T20:15:21Z,113.9,113.9
7892948058112,"TINTA ACR SELA E PINTA GESSO BR NEVE 3,6L IQUINE",UN,tinta_acrilica,2026-09-12T14:53:50Z,113.9,113.9
7892948058112,"TINTA ACR SELA E PINTA GESSO BR NEVE 3,6L IQUINE",UN,tinta_acrilica_branca,2026-09-09T17:28:22Z,113.9,110.28
7892948058112,"TINTA ACR SELA E PINTA GESSO BR NEVE 3,6L IQUINE",UN,tinta_acrilica_branca,2026-09-14T20:15:21Z,113.9,113.9
7892948058112,"TINTA ACR SELA E PINTA GESSO BR NEVE 3,6L IQUINE",UN,tinta_acrilica_branca,2026-09-12T14:53:50Z,113.9,113.9
7892948058112,"TINTA ACR SELA E PINTA GESSO BR NEVE 3,6L IQUINE",UN,tinta_branca,2026-09-09T17:28:22Z,113.9,110.28
7892948058112,"TINTA ACR SELA E PINTA GESSO BR NEVE 3,6L IQUINE",UN,tinta_branca,2026-09-14T20:15:21Z,113.9,113.9
7892948058112,"TINTA ACR SELA E PINTA GESSO BR NEVE 3,6L IQUINE",UN,tinta_branca,2026-09-12T14:53:50Z,113.9,113.9
1440,TINTA ACR SEMI BRILHO PALHA 18L FUTURA,UN,tinta_acrilica,2026-09-14T18:34:22Z,418.0,418.0
1946,TINTA ACR SOFT 15L - BRANCO GELO MEGA O,UN,tinta_acrilica,2026-09-12T12:18:44Z,95.0,92.89
792,TINTA ACR SOFT 15L - BRANCO GELO MEGA O,UN,tinta_acrilica,2026-09-14T17:32:48Z,119.99,116.95
1946,TINTA ACR SOFT 15L - BRANCO GELO MEGA O,UN,tinta_acrilica_branca,2026-09-12T12:18:44Z,95.0,92.89
792,TINTA ACR SOFT 15L - BRANCO GELO MEGA O,UN,tinta_acrilica_branca,2026-09-14T17:32:48Z,119.99,116.95
1946,TINTA ACR SOFT 15L - BRANCO GELO MEGA O,UN,tinta_branca,2026-09-12T12:18:44Z,95.0,92.89
792,TINTA ACR SOFT 15L - BRANCO GELO MEGA O,UN,tinta_branca,2026-09-14T17:32:48Z,119.99,116.95
1947,TINTA ACR SOFT 15L - BRANCO NEVE MEGA O,UN,tinta_acrilica,2026-09-11T16:05:41Z,95.0,90.3675
1947,TINTA ACR SOFT 15L - BRANCO NEVE MEGA O,UN,tinta_acrilica_branca,2026-09-11T16:05:41Z,95.0,90.3675
1947,TINTA ACR SOFT 15L - BRANCO NEVE MEGA O,UN,tinta_branca,2026-09-11T16:05:41Z,95.0,90.3675
3576,TINTA ACR SOFT 15L - CINZA MEDIO,UN,tinta_acrilica,2026-09-14T15:41:17Z,90.0,90.0
5135,TINTA ACR SOFT 15L - MELANCIA,UN,tinta_acrilica,2026-09-09T17:33:24Z,119.99,119.99
0000000003115,TINTA ACR SOFT 15L CINZA MEDIO,UN,tinta_acrilica,2026-09-14T16:52:29Z,126.5,124.67
25,TINTA ACR SOFT 3L - BRANCO GELO,UN,tinta_acrilica,2026-09-11T14:32:05Z,35.0,35.0
25,TINTA ACR SOFT 3L - BRANCO GELO,UN,tinta_acrilica_branca,2026-09-11T14:32:05Z,35.0,35.0
25,TINTA ACR SOFT 3L - BRANCO GELO,UN,tinta_branca,2026-09-11T14:32:05Z,35.0,35.0
5853,TINTA ACR SOFT 3L - BRANCO NEVE,UN,tinta_acrilica,2026-09-10T20:35:54Z,45.6,45.6
5853,TINTA ACR SOFT 3L - BRANCO NEVE,UN,tinta_acrilica_branca,2026-09-10T20:35:54Z,45.6,45.6
5853,TINTA ACR SOFT 3L - BRANCO NEVE,UN,tinta_branca,2026-09-10T20:35:54Z,45.6,45.6
2774,TINTA ACR SOFT 3L - CHOCOLATE,UN,tinta_acrilica,2026-09-11T12:52:44Z,35.0,35.0
5440,TINTA ACR SOFT 3L - MARINE,UN,tinta_acrilica,2026-09-12T20:48:49Z,40.0,40.0
5440,TINTA ACR SOFT 3L - MARINE,UN,tinta_acrilica,2026-09-12T13:06:58Z,99.99,99.99
4518,TINTA ACR SOFT 3L- VERDE PISCINA MEGAO,UN,tinta_acrilica,2026-09-15T16:43:41Z,40.0,40.0
3276007449426,TINTA ACR STA INT FOS CREAM 36L LUXENS,UN,tinta_acrilica,2026-09-10T00:17:35Z,102.02,102.02
09845,TINTA ACR STANDARD BRILHO PRATICO ALGODAO EGIPI SEMI BRILHO 18L GLASU,LA,tinta_acrilica,2026-09-15T21:13:54Z,522.0,462.905
09844,"TINTA ACR STANDARD BRILHO PRATICO ALGODAO EGIPI SEMI BRILHO 3,6L GLASU",GL,tinta_acrilica,2026-09-14T16:54:36Z,128.7,128.7
10834,"TINTA ACR STANDARD BRILHO PRATICO AMARELO OURO SEMI BRILHO 3,6L GLASU",GL,tinta_acrilica,2026-09-15T11:36:24Z,143.0,128.39
10834,"TINTA ACR STANDARD BRILHO PRATICO AMARELO OURO SEMI BRILHO 3,6L GLASU",GL,tinta_acrilica,2026-09-15T19:10:48Z,143.0,128.63
10834,"TINTA ACR STANDARD BRILHO PRATICO AMARELO OURO SEMI BRILHO 3,6L GLASU",GL,tinta_acrilica,2026-09-15T17:22:02Z,128.7,128.7
01620,TINTA ACR STANDARD BRILHO PRATICO BRANCO SEMI BRILHO 18L GLASU,LA,tinta_acrilica,2026-09-15T11:28:31Z,476.0,428.4
01620,TINTA ACR STANDARD BRILHO PRATICO BRANCO SEMI BRILHO 18L GLASU,LA,tinta_acrilica,2026-09-11T18:21:12Z,476.0,428.4
01620,TINTA ACR STANDARD BRILHO PRATICO BRANCO SEMI BRILHO 18L GLASU,LA,tinta_acrilica,2026-09-15T12:37:01Z,428.4,428.4
01620,TINTA ACR STANDARD BRILHO PRATICO BRANCO SEMI BRILHO 18L GLASU,LA,tinta_acrilica,2026-09-09T19:31:20Z,428.4,428.4
01620,TINTA ACR STANDARD BRILHO PRATICO BRANCO SEMI BRILHO 18L GLASU,LA,tinta_acrilica_branca,2026-09-15T11:28:31Z,476.0,428.4
01620,TINTA ACR STANDARD BRILHO PRATICO BRANCO SEMI BRILHO 18L GLASU,LA,tinta_acrilica_branca,2026-09-11T18:21:12Z,476.0,428.4
01620,TINTA ACR STANDARD BRILHO PRATICO BRANCO SEMI BRILHO 18L GLASU,LA,tinta_acrilica_branca,2026-09-15T12:37:01Z,428.4,428.4
01620,TINTA ACR STANDARD BRILHO PRATICO BRANCO SEMI BRILHO 18L GLASU,LA,tinta_acrilica_branca,2026-09-09T19:31:20Z,428.4,428.4
01620,TINTA ACR STANDARD BRILHO PRATICO BRANCO SEMI BRILHO 18L GLASU,LA,tinta_branca,2026-09-15T11:28:31Z,476.0,428.4
01620,TINTA ACR STANDARD BRILHO PRATICO BRANCO SEMI BRILHO 18L GLASU,LA,tinta_branca,2026-09-11T18:21:12Z,476.0,428.4
01620,TINTA ACR STANDARD BRILHO PRATICO BRANCO SEMI BRILHO 18L GLASU,LA,tinta_branca,2026-09-15T12:37:01Z,428.4,428.4
01620,TINTA ACR STANDARD BRILHO PRATICO BRANCO SEMI BRILHO 18L GLASU,LA,tinta_branca,2026-09-09T19:31:20Z,428.4,428.4
10414,"TINTA ACR STANDARD BRILHO PRATICO BRANCO SEMI BRILHO 3,6L GLASU",GL,tinta_acrilica,2026-09-14T12:27:05Z,143.0,128.5
10414,"TINTA ACR STANDARD BRILHO PRATICO BRANCO SEMI BRILHO 3,6L GLASU",GL,tinta_acrilica,2026-09-14T19:18:04Z,143.0,128.68
10414,"TINTA ACR STANDARD BRILHO PRATICO BRANCO SEMI BRILHO 3,6L GLASU",GL,tinta_acrilica,2026-09-11T12:42:09Z,143.0,128.7
10414,"TINTA ACR STANDARD BRILHO PRATICO BRANCO SEMI BRILHO 3,6L GLASU",GL,tinta_acrilica,2026-09-15T16:29:58Z,143.0,128.7
10414,"TINTA ACR STANDARD BRILHO PRATICO BRANCO SEMI BRILHO 3,6L GLASU",GL,tinta_acrilica,2026-09-11T14:05:52Z,128.7,128.7
10414,"TINTA ACR STANDARD BRILHO PRATICO BRANCO SEMI BRILHO 3,6L GLASU",GL,tinta_acrilica,2026-09-15T17:22:02Z,128.7,128.7
10414,"TINTA ACR STANDARD BRILHO PRATICO BRANCO SEMI BRILHO 3,6L GLASU",GL,tinta_acrilica_branca,2026-09-14T12:27:05Z,143.0,128.5
10414,"TINTA ACR STANDARD BRILHO PRATICO BRANCO SEMI BRILHO 3,6L GLASU",GL,tinta_acrilica_branca,2026-09-14T19:18:04Z,143.0,128.68
10414,"TINTA ACR STANDARD BRILHO PRATICO BRANCO SEMI BRILHO 3,6L GLASU",GL,tinta_acrilica_branca,2026-09-11T12:42:09Z,143.0,128.7
10414,"TINTA ACR STANDARD BRILHO PRATICO BRANCO SEMI BRILHO 3,6L GLASU",GL,tinta_acrilica_branca,2026-09-15T16:29:58Z,143.0,128.7
10414,"TINTA ACR STANDARD BRILHO PRATICO BRANCO SEMI BRILHO 3,6L GLASU",GL,tinta_acrilica_branca,2026-09-11T14:05:52Z,128.7,128.7
10414,"TINTA ACR STANDARD BRILHO PRATICO BRANCO SEMI BRILHO 3,6L GLASU",GL,tinta_acrilica_branca,2026-09-15T17:22:02Z,128.7,128.7
10414,"TINTA ACR STANDARD BRILHO PRATICO BRANCO SEMI BRILHO 3,6L GLASU",GL,tinta_branca,2026-09-14T12:27:05Z,143.0,128.5
10414,"TINTA ACR STANDARD BRILHO PRATICO BRANCO SEMI BRILHO 3,6L GLASU",GL,tinta_branca,2026-09-14T19:18:04Z,143.0,128.68
10414,"TINTA ACR STANDARD BRILHO PRATICO BRANCO SEMI BRILHO 3,6L GLASU",GL,tinta_branca,2026-09-11T12:42:09Z,143.0,128.7
10414,"TINTA ACR STANDARD BRILHO PRATICO BRANCO SEMI BRILHO 3,6L GLASU",GL,tinta_branca,2026-09-15T16:29:58Z,143.0,128.7
10414,"TINTA ACR STANDARD BRILHO PRATICO BRANCO SEMI BRILHO 3,6L GLASU",GL,tinta_branca,2026-09-11T14:05:52Z,128.7,128.7
10414,"TINTA ACR STANDARD BRILHO PRATICO BRANCO SEMI BRILHO 3,6L GLASU",GL,tinta_branca,2026-09-15T17:22:02Z,128.7,128.7
09838,"TINTA ACR STANDARD BRILHO PRATICO FOTO ANTIGA SEMI BRILHO 3,6L GLASU",GL,tinta_acrilica,2026-09-09T17:05:57Z,128.7,128.7
01623,TINTA ACR STANDARD BRILHO PRATICO GELO SEMI BRILHO 18L GLASU,LA,tinta_acrilica,2026-09-12T16:19:43Z,476.0,428.03
01623,TINTA ACR STANDARD BRILHO PRATICO GELO SEMI BRILHO 18L GLASU,LA,tinta_acrilica,2026-09-15T21:00:04Z,428.4,428.4
01623,TINTA ACR STANDARD BRILHO PRATICO GELO SEMI BRILHO 18L GLASU,LA,tinta_acrilica,2026-09-14T11:23:29Z,428.4,428.4
10426,"TINTA ACR STANDARD BRILHO PRATICO GELO SEMI BRILHO 3,6L GLASU",GL,tinta_acrilica,2026-09-14T14:02:56Z,114.4,114.4
10426,"TINTA ACR STANDARD BRILHO PRATICO GELO SEMI BRILHO 3,6L GLASU",GL,tinta_acrilica,2026-09-12T14:04:46Z,143.0,128.5
10426,"TINTA ACR STANDARD BRILHO PRATICO GELO SEMI BRILHO 3,6L GLASU",GL,tinta_acrilica,2026-09-15T20:28:57Z,128.7,128.7
09851,TINTA ACR STANDARD BRILHO PRATICO LAMINA AFIADA SEMI BRILHO 18L GLASU,LA,tinta_acrilica,2026-09-12T16:19:43Z,522.0,469.41
09850,"TINTA ACR STANDARD BRILHO PRATICO LAMINA AFIADA SEMI BRILHO 3,6L GLASU",GL,tinta_acrilica,2026-09-11T11:16:45Z,114.4,114.4
09850,"TINTA ACR STANDARD BRILHO PRATICO LAMINA AFIADA SEMI BRILHO 3,6L GLASU",GL,tinta_acrilica,2026-09-10T11:28:23Z,128.7,128.7
08718,TINTA ACR STANDARD BRILHO PRATICO MARFIM SEMI BRILHO 18L GLASU,LA,tinta_acrilica,2026-09-14T16:05:41Z,469.8,469.8
7891260059067,TINTA ACR STANDARD BRILHO PRATICO MARFIM SEMI BRILHO 18L GLASU,L,tinta_acrilica,2026-09-15T18:44:09Z,581.9,581.9
10424,"TINTA ACR STANDARD BRILHO PRATICO MARFIM SEMI BRILHO 3,6L GLASU",GL,tinta_acrilica,2026-09-12T11:38:14Z,128.0,128.0
09540,TINTA ACR STANDARD BRILHO PRATICO OCEANO SEMI BRILHO 18L GLASU,LA,tinta_acrilica,2026-09-09T19:31:20Z,469.8,469.8
08721,TINTA ACR STANDARD BRILHO PRATICO PALHA SEMI BRILHO 18L GLASU,LA,tinta_acrilica,2026-09-14T16:09:19Z,469.8,469.8
06462,TINTA ACR STANDARD CORALAR + BRILHO E PROTECAO BRANCO SEMI BRILHO 18L CORAL,LA,tinta_acrilica,2026-09-14T11:28:16Z,454.0,408.6
896866,TINTA ACR STANDARD CORALAR + BRILHO E PROTECAO BRANCO SEMI BRILHO 18L CORAL,L,tinta_acrilica,2026-09-11T16:18:02Z,419.92,419.92
06462,TINTA ACR STANDARD CORALAR + BRILHO E PROTECAO BRANCO SEMI BRILHO 18L CORAL,LA,tinta_acrilica_branca,2026-09-14T11:28:16Z,454.0,408.6
896866,TINTA ACR STANDARD CORALAR + BRILHO E PROTECAO BRANCO SEMI BRILHO 18L CORAL,L,tinta_acrilica_branca,2026-09-11T16:18:02Z,419.92,419.92
06462,TINTA ACR STANDARD CORALAR + BRILHO E PROTECAO BRANCO SEMI BRILHO 18L CORAL,LA,tinta_branca,2026-09-14T11:28:16Z,454.0,408.6
896866,TINTA ACR STANDARD CORALAR + BRILHO E PROTECAO BRANCO SEMI BRILHO 18L CORAL,L,tinta_branca,2026-09-11T16:18:02Z,419.92,419.92
06461,"TINTA ACR STANDARD CORALAR + BRILHO E PROTECAO BRANCO SEMI BRILHO 3,6L CORAL",GL,tinta_acrilica,2026-09-15T18:49:46Z,118.8,118.8
06461,"TINTA ACR STANDARD CORALAR + BRILHO E PROTECAO BRANCO SEMI BRILHO 3,6L CORAL",GL,tinta_acrilica,2026-09-15T20:01:25Z,118.8,118.8
7891019170579,"TINTA ACR STANDARD CORALAR + BRILHO E PROTECAO BRANCO SEMI BRILHO 3,6L CORAL",GL,tinta_acrilica,2026-09-11T20:37:56Z,119.9,119.9
7891019170579,"TINTA ACR STANDARD CORALAR + BRILHO E PROTECAO BRANCO SEMI BRILHO 3,6L CORAL",GL,tinta_acrilica,2026-09-11T17:08:25Z,119.9,119.9
1710,"TINTA ACR STANDARD CORALAR + BRILHO E PROTECAO BRANCO SEMI BRILHO 3,6L CORAL",UN,tinta_acrilica,2026-09-14T12:52:44Z,130.0,130.0
896865,"TINTA ACR STANDARD CORALAR + BRILHO E PROTECAO BRANCO SEMI BRILHO 3,6L CORAL",GL,tinta_acrilica,2026-09-15T14:20:35Z,133.99,133.99
06461,"TINTA ACR STANDARD CORALAR + BRILHO E PROTECAO BRANCO SEMI BRILHO 3,6L CORAL",GL,tinta_acrilica_branca,2026-09-15T18:49:46Z,118.8,118.8
06461,"TINTA ACR STANDARD CORALAR + BRILHO E PROTECAO BRANCO SEMI BRILHO 3,6L CORAL",GL,tinta_acrilica_branca,2026-09-15T20:01:25Z,118.8,118.8
7891019170579,"TINTA ACR STANDARD CORALAR + BRILHO E PROTECAO BRANCO SEMI BRILHO 3,6L CORAL",GL,tinta_acrilica_branca,2026-09-11T20:37:56Z,119.9,119.9
7891019170579,"TINTA ACR STANDARD CORALAR + BRILHO E PROTECAO BRANCO SEMI BRILHO 3,6L CORAL",GL,tinta_acrilica_branca,2026-09-11T17:08:25Z,119.9,119.9
1710,"TINTA ACR STANDARD CORALAR + BRILHO E PROTECAO BRANCO SEMI BRILHO 3,6L CORAL",UN,tinta_acrilica_branca,2026-09-14T12:52:44Z,130.0,130.0
896865,"TINTA ACR STANDARD CORALAR + BRILHO E PROTECAO BRANCO SEMI BRILHO 3,6L CORAL",GL,tinta_acrilica_branca,2026-09-15T14:20:35Z,133.99,133.99
06461,"TINTA ACR STANDARD CORALAR + BRILHO E PROTECAO BRANCO SEMI BRILHO 3,6L CORAL",GL,tinta_branca,2026-09-15T18:49:46Z,118.8,118.8
06461,"TINTA ACR STANDARD CORALAR + BRILHO E PROTECAO BRANCO SEMI BRILHO 3,6L CORAL",GL,tinta_branca,2026-09-15T20:01:25Z,118.8,118.8
7891019170579,"TINTA ACR STANDARD CORALAR + BRILHO E PROTECAO BRANCO SEMI BRILHO 3,6L CORAL",GL,tinta_branca,2026-09-11T20:37:56Z,119.9,119.9
7891019170579,"TINTA ACR STANDARD CORALAR + BRILHO E PROTECAO BRANCO SEMI BRILHO 3,6L CORAL",GL,tinta_branca,2026-09-11T17:08:25Z,119.9,119.9
1710,"TINTA ACR STANDARD CORALAR + BRILHO E PROTECAO BRANCO SEMI BRILHO 3,6L CORAL",UN,tinta_branca,2026-09-14T12:52:44Z,130.0,130.0
896865,"TINTA ACR STANDARD CORALAR + BRILHO E PROTECAO BRANCO SEMI BRILHO 3,6L CORAL",GL,tinta_branca,2026-09-15T14:20:35Z,133.99,133.99
06516,TINTA ACR STANDARD CORALAR + RESISTENTE AMARELO FREVO FOSCO 18L CORAL,LA,tinta_acrilica,2026-09-15T14:39:20Z,295.2,295.2
06516,TINTA ACR STANDARD CORALAR + RESISTENTE AMARELO FREVO FOSCO 18L CORAL,LA,tinta_acrilica,2026-09-15T19:33:47Z,295.2,295.2
889221,TINTA ACR STANDARD CORALAR + RESISTENTE AMARELO FREVO FOSCO 18L CORAL,L,tinta_acrilica,2026-09-13T11:40:05Z,336.99,336.99
06519,"TINTA ACR STANDARD CORALAR + RESISTENTE AMARELO FREVO FOSCO 3,6L CORAL",GL,tinta_acrilica,2026-09-09T13:44:27Z,92.0,80.0
07306,TINTA ACR STANDARD CORALAR + RESISTENTE AREIA FOSCO 18L CORAL,LA,tinta_acrilica,2026-09-11T13:32:58Z,295.2,295.2
07305,"TINTA ACR STANDARD CORALAR + RESISTENTE AREIA FOSCO 3,6L CORAL",GL,tinta_acrilica,2026-09-14T15:36:06Z,78.2,78.0
07305,"TINTA ACR STANDARD CORALAR + RESISTENTE AREIA FOSCO 3,6L CORAL",GL,tinta_acrilica,2026-09-11T12:37:05Z,92.0,82.53
05524,"TINTA ACR STANDARD CORALAR + RESISTENTE BRANCO FOSCO 3,6L CORAL",GL,tinta_acrilica,2026-09-10T11:48:38Z,69.6,69.6
05524,"TINTA ACR STANDARD CORALAR + RESISTENTE BRANCO FOSCO 3,6L CORAL",GL,tinta_acrilica,2026-09-15T16:41:36Z,78.0,78.0
05524,"TINTA ACR STANDARD CORALAR + RESISTENTE BRANCO FOSCO 3,6L CORAL",GL,tinta_acrilica,2026-09-10T16:32:14Z,78.3,78.3
05524,"TINTA ACR STANDARD CORALAR + RESISTENTE BRANCO FOSCO 3,6L CORAL",GL,tinta_acrilica_branca,2026-09-10T11:48:38Z,69.6,69.6
05524,"TINTA ACR STANDARD CORALAR + RESISTENTE BRANCO FOSCO 3,6L CORAL",GL,tinta_acrilica_branca,2026-09-15T16:41:36Z,78.0,78.0
05524,"TINTA ACR STANDARD CORALAR + RESISTENTE BRANCO FOSCO 3,6L CORAL",GL,tinta_acrilica_branca,2026-09-10T16:32:14Z,78.3,78.3
05524,"TINTA ACR STANDARD CORALAR + RESISTENTE BRANCO FOSCO 3,6L CORAL",GL,tinta_branca,2026-09-10T11:48:38Z,69.6,69.6
05524,"TINTA ACR STANDARD CORALAR + RESISTENTE BRANCO FOSCO 3,6L CORAL",GL,tinta_branca,2026-09-15T16:41:36Z,78.0,78.0
05524,"TINTA ACR STANDARD CORALAR + RESISTENTE BRANCO FOSCO 3,6L CORAL",GL,tinta_branca,2026-09-10T16:32:14Z,78.3,78.3
07303,TINTA ACR STANDARD CORALAR + RESISTENTE LRJ MARACATU FOSCO 18L CORAL,LA,tinta_acrilica,2026-09-15T12:09:55Z,295.0,295.0
07302,"TINTA ACR STANDARD CORALAR + RESISTENTE LRJ MARACATU FOSCO 3,6L CORAL",GL,tinta_acrilica,2026-09-09T13:44:27Z,92.0,80.0
07302,"TINTA ACR STANDARD CORALAR + RESISTENTE LRJ MARACATU FOSCO 3,6L CORAL",GL,tinta_acrilica,2026-09-15T20:31:11Z,92.0,82.8
07301,TINTA ACR STANDARD CORALAR + RESISTENTE OCEANO FOSCO 18L CORAL,LA,tinta_acrilica,2026-09-11T15:11:56Z,328.0,295.13
07301,TINTA ACR STANDARD CORALAR + RESISTENTE OCEANO FOSCO 18L CORAL,LA,tinta_acrilica,2026-09-14T13:05:53Z,295.2,295.2
09849,TINTA ACR STANDARD MAXIMA EFICIENCIA ALGODAO EGIPICIO FOSCO 18L GLASU,LA,tinta_acrilica,2026-09-14T14:45:24Z,396.0,356.4
09849,TINTA ACR STANDARD MAXIMA EFICIENCIA ALGODAO EGIPICIO FOSCO 18L GLASU,LA,tinta_acrilica,2026-09-09T18:40:26Z,396.0,396.0
08742,"TINTA ACR STANDARD MAXIMA EFICIENCIA AREIA FOSCO 3,6L GLASU",GL,tinta_acrilica,2026-09-12T12:00:15Z,109.0,98.0
09943,"TINTA ACR STANDARD MAXIMA EFICIENCIA CEU CLARO FOSCO 3,6L GLASU",GL,tinta_acrilica,2026-09-09T20:49:30Z,98.1,98.1
09842,"TINTA ACR STANDARD MAXIMA EFICIENCIA FOTO ANTIGA FOSCO 3,6L GLASU",GL,tinta_acrilica,2026-09-09T14:31:40Z,98.1,97.98
09854,"TINTA ACR STANDARD MAXIMA EFICIENCIA LAMINA AFIADA FOSCO 3,6L GLASU",GL,tinta_acrilica,2026-09-09T11:19:55Z,87.2,87.2
04013,TINTA ACR STANDARD MAXIMA EFICIENCIA MARFIM FOSCO 18L GLASU,LA,tinta_acrilica,2026-09-09T19:04:00Z,356.4,356.38
04013,TINTA ACR STANDARD MAXIMA EFICIENCIA MARFIM FOSCO 18L GLASU,LA,tinta_acrilica,2026-09-14T18:52:50Z,356.4,356.4
08750,"TINTA ACR STANDARD MAXIMA EFICIENCIA PALHA FOSCO 3,6L GLASU",GL,tinta_acrilica,2026-09-12T14:32:30Z,109.0,92.65
09543,TINTA ACR STANDARD MAXIMA EFICIENCIA TREVO DA SORTE FOSCO 18L GLASU,LA,tinta_acrilica,2026-09-11T18:48:41Z,356.4,356.4
10917,TINTA ACR STANDARD NACOR+ BRANCO FOSCO 15L IBRATIN,LA,tinta_acrilica,2026-09-12T12:30:31Z,219.0,196.97
10917,TINTA ACR STANDARD NACOR+ BRANCO FOSCO 15L IBRATIN,LA,tinta_acrilica,2026-09-11T12:42:54Z,197.1,197.1
10917,TINTA ACR STANDARD NACOR+ BRANCO FOSCO 15L IBRATIN,LA,tinta_acrilica_branca,2026-09-12T12:30:31Z,219.0,196.97
10917,TINTA ACR STANDARD NACOR+ BRANCO FOSCO 15L IBRATIN,LA,tinta_acrilica_branca,2026-09-11T12:42:54Z,197.1,197.1
10917,TINTA ACR STANDARD NACOR+ BRANCO FOSCO 15L IBRATIN,LA,tinta_branca,2026-09-12T12:30:31Z,219.0,196.97
10917,TINTA ACR STANDARD NACOR+ BRANCO FOSCO 15L IBRATIN,LA,tinta_branca,2026-09-11T12:42:54Z,197.1,197.1
05442,TINTA ACR STANDARD RENDE E COBRE MUITO AREIA FOSCO 18L SUVINIL,LA,tinta_acrilica,2026-09-09T19:43:09Z,423.0,380.47
05444,TINTA ACR STANDARD RENDE E COBRE MUITO BRANCO FOSCO 18L SUVINIL,LA,tinta_acrilica,2026-09-11T12:30:59Z,309.006,309.01
05444,TINTA ACR STANDARD RENDE E COBRE MUITO BRANCO FOSCO 18L SUVINIL,LA,tinta_acrilica,2026-09-15T11:56:05Z,309.006,309.01
05444,TINTA ACR STANDARD RENDE E COBRE MUITO BRANCO FOSCO 18L SUVINIL,LA,tinta_acrilica_branca,2026-09-11T12:30:59Z,309.006,309.01
05444,TINTA ACR STANDARD RENDE E COBRE MUITO BRANCO FOSCO 18L SUVINIL,LA,tinta_acrilica_branca,2026-09-15T11:56:05Z,309.006,309.01
05444,TINTA ACR STANDARD RENDE E COBRE MUITO BRANCO FOSCO 18L SUVINIL,LA,tinta_branca,2026-09-11T12:30:59Z,309.006,309.01
05444,TINTA ACR STANDARD RENDE E COBRE MUITO BRANCO FOSCO 18L SUVINIL,LA,tinta_branca,2026-09-15T11:56:05Z,309.006,309.01
11182,"TINTA ACR STANDARD RENDE E COBRE MUITO BRANCO FOSCO 3,6L PLASTICO SUVINIL",GL,tinta_acrilica,2026-09-15T16:45:04Z,132.0,118.8
11182,"TINTA ACR STANDARD RENDE E COBRE MUITO BRANCO FOSCO 3,6L PLASTICO SUVINIL",GL,tinta_acrilica,2026-09-15T17:14:48Z,132.0,118.8
11182,"TINTA ACR STANDARD RENDE E COBRE MUITO BRANCO FOSCO 3,6L PLASTICO SUVINIL",GL,tinta_acrilica_branca,2026-09-15T16:45:04Z,132.0,118.8
11182,"TINTA ACR STANDARD RENDE E COBRE MUITO BRANCO FOSCO 3,6L PLASTICO SUVINIL",GL,tinta_acrilica_branca,2026-09-15T17:14:48Z,132.0,118.8
11182,"TINTA ACR STANDARD RENDE E COBRE MUITO BRANCO FOSCO 3,6L PLASTICO SUVINIL",GL,tinta_branca,2026-09-15T16:45:04Z,132.0,118.8
11182,"TINTA ACR STANDARD RENDE E COBRE MUITO BRANCO FOSCO 3,6L PLASTICO SUVINIL",GL,tinta_branca,2026-09-15T17:14:48Z,132.0,118.8
05446,TINTA ACR STANDARD RENDE E COBRE MUITO GELO FOSCO 18L SUVINIL,LA,tinta_acrilica,2026-09-11T15:03:28Z,309.006,308.81
05446,TINTA ACR STANDARD RENDE E COBRE MUITO GELO FOSCO 18L SUVINIL,LA,tinta_acrilica,2026-09-09T20:30:15Z,309.006,309.005
05446,TINTA ACR STANDARD RENDE E COBRE MUITO GELO FOSCO 18L SUVINIL,LA,tinta_acrilica,2026-09-09T17:20:30Z,309.006,309.01
11183,"TINTA ACR STANDARD RENDE E COBRE MUITO GELO FOSCO 3,6L PLASTICO SUVINIL",GL,tinta_acrilica,2026-09-14T12:21:03Z,132.0,118.75
05450,"TINTA ACR STANDARD RENDE E COBRE MUITO UVA VERDE FOSCO 3,6L SUVINIL FL",GL,tinta_acrilica,2026-09-15T17:37:40Z,92.4,92.4
04765,TINTA ACR STANDARD RENDE MUITO BRANCO FOSCO 18L CORAL,LA,tinta_acrilica,2026-09-10T18:02:16Z,315.0,315.0
04765,TINTA ACR STANDARD RENDE MUITO BRANCO FOSCO 18L CORAL,LA,tinta_acrilica_branca,2026-09-10T18:02:16Z,315.0,315.0
04765,TINTA ACR STANDARD RENDE MUITO BRANCO FOSCO 18L CORAL,LA,tinta_branca,2026-09-10T18:02:16Z,315.0,315.0
04768,"TINTA ACR STANDARD RENDE MUITO BRANCO FOSCO 3,6L CORAL",GL,tinta_acrilica,2026-09-14T19:21:41Z,96.8,96.8
7891019101467,"TINTA ACR STANDARD RENDE MUITO BRANCO FOSCO 3,6L CORAL",GL,tinta_acrilica,2026-09-15T13:44:02Z,99.9,99.9
7891019101467,"TINTA ACR STANDARD RENDE MUITO BRANCO FOSCO 3,6L CORAL",GL,tinta_acrilica,2026-09-15T00:25:55Z,99.9,99.9
7891019101467,"TINTA ACR STANDARD RENDE MUITO BRANCO FOSCO 3,6L CORAL",GL,tinta_acrilica,2026-09-15T20:30:05Z,99.9,99.9
04768,"TINTA ACR STANDARD RENDE MUITO BRANCO FOSCO 3,6L CORAL",GL,tinta_acrilica,2026-09-15T17:07:32Z,102.85,102.85
04768,"TINTA ACR STANDARD RENDE MUITO BRANCO FOSCO 3,6L CORAL",GL,tinta_acrilica,2026-09-15T18:51:49Z,121.0,108.5
04768,"TINTA ACR STANDARD RENDE MUITO BRANCO FOSCO 3,6L CORAL",GL,tinta_acrilica,2026-09-14T14:25:48Z,108.9,108.9
04768,"TINTA ACR STANDARD RENDE MUITO BRANCO FOSCO 3,6L CORAL",GL,tinta_acrilica,2026-09-15T20:33:24Z,121.0,108.9
04768,"TINTA ACR STANDARD RENDE MUITO BRANCO FOSCO 3,6L CORAL",GL,tinta_acrilica,2026-09-11T11:34:21Z,121.0,108.94
1687,"TINTA ACR STANDARD RENDE MUITO BRANCO FOSCO 3,6L CORAL",UN,tinta_acrilica,2026-09-12T16:01:43Z,113.0,113.0
07236,"TINTA ACR STANDARD RENDE MUITO BRANCO FOSCO 3,6L CORAL",GL,tinta_acrilica,2026-09-11T12:34:01Z,115.02,115.02
61435,"TINTA ACR STANDARD RENDE MUITO BRANCO FOSCO 3,6L CORAL",GL,tinta_acrilica,2026-09-11T12:15:44Z,122.99,122.99
07236,"TINTA ACR STANDARD RENDE MUITO BRANCO FOSCO 3,6L CORAL",GL,tinta_acrilica,2026-09-15T18:50:13Z,123.68,123.68
7891019101467,"TINTA ACR STANDARD RENDE MUITO BRANCO FOSCO 3,6L CORAL",UN,tinta_acrilica,2026-09-14T13:13:35Z,132.87,124.91
85137325,"TINTA ACR STANDARD RENDE MUITO BRANCO FOSCO 3,6L CORAL",UN,tinta_acrilica,2026-09-13T14:24:19Z,132.87,132.87
04768,"TINTA ACR STANDARD RENDE MUITO BRANCO FOSCO 3,6L CORAL",GL,tinta_acrilica_branca,2026-09-14T19:21:41Z,96.8,96.8
7891019101467,"TINTA ACR STANDARD RENDE MUITO BRANCO FOSCO 3,6L CORAL",GL,tinta_acrilica_branca,2026-09-15T13:44:02Z,99.9,99.9
7891019101467,"TINTA ACR STANDARD RENDE MUITO BRANCO FOSCO 3,6L CORAL",GL,tinta_acrilica_branca,2026-09-15T00:25:55Z,99.9,99.9
7891019101467,"TINTA ACR STANDARD RENDE MUITO BRANCO FOSCO 3,6L CORAL",GL,tinta_acrilica_branca,2026-09-15T20:30:05Z,99.9,99.9
04768,"TINTA ACR STANDARD RENDE MUITO BRANCO FOSCO 3,6L CORAL",GL,tinta_acrilica_branca,2026-09-15T17:07:32Z,102.85,102.85
04768,"TINTA ACR STANDARD RENDE MUITO BRANCO FOSCO 3,6L CORAL",GL,tinta_acrilica_branca,2026-09-15T18:51:49Z,121.0,108.5
04768,"TINTA ACR STANDARD RENDE MUITO BRANCO FOSCO 3,6L CORAL",GL,tinta_acrilica_branca,2026-09-14T14:25:48Z,108.9,108.9
04768,"TINTA ACR STANDARD RENDE MUITO BRANCO FOSCO 3,6L CORAL",GL,tinta_acrilica_branca,2026-09-15T20:33:24Z,121.0,108.9
04768,"TINTA ACR STANDARD RENDE MUITO BRANCO FOSCO 3,6L CORAL",GL,tinta_acrilica_branca,2026-09-11T11:34:21Z,121.0,108.94
1687,"TINTA ACR STANDARD RENDE MUITO BRANCO FOSCO 3,6L CORAL",UN,tinta_acrilica_branca,2026-09-12T16:01:43Z,113.0,113.0
07236,"TINTA ACR STANDARD RENDE MUITO BRANCO FOSCO 3,6L CORAL",GL,tinta_acrilica_branca,2026-09-11T12:34:01Z,115.02,115.02
61435,"TINTA ACR STANDARD RENDE MUITO BRANCO FOSCO 3,6L CORAL",GL,tinta_acrilica_branca,2026-09-11T12:15:44Z,122.99,122.99
07236,"TINTA ACR STANDARD RENDE MUITO BRANCO FOSCO 3,6L CORAL",GL,tinta_acrilica_branca,2026-09-15T18:50:13Z,123.68,123.68
7891019101467,"TINTA ACR STANDARD RENDE MUITO BRANCO FOSCO 3,6L CORAL",UN,tinta_acrilica_branca,2026-09-14T13:13:35Z,132.87,124.91
85137325,"TINTA ACR STANDARD RENDE MUITO BRANCO FOSCO 3,6L CORAL",UN,tinta_acrilica_branca,2026-09-13T14:24:19Z,132.87,132.87
04768,"TINTA ACR STANDARD RENDE MUITO BRANCO FOSCO 3,6L CORAL",GL,tinta_branca,2026-09-14T19:21:41Z,96.8,96.8
7891019101467,"TINTA ACR STANDARD RENDE MUITO BRANCO FOSCO 3,6L CORAL",GL,tinta_branca,2026-09-15T13:44:02Z,99.9,99.9
7891019101467,"TINTA ACR STANDARD RENDE MUITO BRANCO FOSCO 3,6L CORAL",GL,tinta_branca,2026-09-15T00:25:55Z,99.9,99.9
7891019101467,"TINTA ACR STANDARD RENDE MUITO BRANCO FOSCO 3,6L CORAL",GL,tinta_branca,2026-09-15T20:30:05Z,99.9,99.9
04768,"TINTA ACR STANDARD RENDE MUITO BRANCO FOSCO 3,6L CORAL",GL,tinta_branca,2026-09-15T17:07:32Z,102.85,102.85
04768,"TINTA ACR STANDARD RENDE MUITO BRANCO FOSCO 3,6L CORAL",GL,tinta_branca,2026-09-15T18:51:49Z,121.0,108.5
04768,"TINTA ACR STANDARD RENDE MUITO BRANCO FOSCO 3,6L CORAL",GL,tinta_branca,2026-09-14T14:25:48Z,108.9,108.9
04768,"TINTA ACR STANDARD RENDE MUITO BRANCO FOSCO 3,6L CORAL",GL,tinta_branca,2026-09-15T20:33:24Z,121.0,108.9
04768,"TINTA ACR STANDARD RENDE MUITO BRANCO FOSCO 3,6L CORAL",GL,tinta_branca,2026-09-11T11:34:21Z,121.0,108.94
1687,"TINTA ACR STANDARD RENDE MUITO BRANCO FOSCO 3,6L CORAL",UN,tinta_branca,2026-09-12T16:01:43Z,113.0,113.0
07236,"TINTA ACR STANDARD RENDE MUITO BRANCO FOSCO 3,6L CORAL",GL,tinta_branca,2026-09-11T12:34:01Z,115.02,115.02
61435,"TINTA ACR STANDARD RENDE MUITO BRANCO FOSCO 3,6L CORAL",GL,tinta_branca,2026-09-11T12:15:44Z,122.99,122.99
07236,"TINTA ACR STANDARD RENDE MUITO BRANCO FOSCO 3,6L CORAL",GL,tinta_branca,2026-09-15T18:50:13Z,123.68,123.68
7891019101467,"TINTA ACR STANDARD RENDE MUITO BRANCO FOSCO 3,6L CORAL",UN,tinta_branca,2026-09-14T13:13:35Z,132.87,124.91
85137325,"TINTA ACR STANDARD RENDE MUITO BRANCO FOSCO 3,6L CORAL",UN,tinta_branca,2026-09-13T14:24:19Z,132.87,132.87
10318,TINTA ACR STANDARD RENDE MUITO CINZA ALPINO FOSCO 16L CORAL,LA,tinta_acrilica,2026-09-15T21:13:54Z,398.0,352.95
10126,"TINTA ACR STANDARD RENDE MUITO GELO FOSCO 3,2L CORAL",GL,tinta_acrilica,2026-09-11T15:21:16Z,96.8,96.8
10126,"TINTA ACR STANDARD RENDE MUITO GELO FOSCO 3,2L CORAL",GL,tinta_acrilica,2026-09-10T17:22:54Z,121.0,108.61
10321,"TINTA ACR STANDARD RENDE MUITO TUBARAO BRANCO FOSCO 3,2L CORAL",GL,tinta_acrilica,2026-09-10T12:04:11Z,121.0,108.82
10321,"TINTA ACR STANDARD RENDE MUITO TUBARAO BRANCO FOSCO 3,2L CORAL",GL,tinta_acrilica_branca,2026-09-10T12:04:11Z,121.0,108.82
10321,"TINTA ACR STANDARD RENDE MUITO TUBARAO BRANCO FOSCO 3,2L CORAL",GL,tinta_branca,2026-09-10T12:04:11Z,121.0,108.82
3276007449693,TINTA ACR STD INT FOS BRANCA 10L LUXENS,UN,tinta_acrilica,2026-09-09T22:35:14Z,35.0,35.0
3276007449693,TINTA ACR STD INT FOS BRANCA 10L LUXENS,UN,tinta_acrilica_branca,2026-09-09T22:35:14Z,35.0,35.0
3276007449693,TINTA ACR STD INT FOS BRANCA 10L LUXENS,UN,tinta_branca,2026-09-09T22:35:14Z,35.0,35.0
3276008050843,TINTA ACR STD INT FOS CREAM 20L LUXENS,UN,tinta_acrilica,2026-09-14T15:28:14Z,382.87,382.87
7891019909070,TINTA ACR TOTAL FO BASE T SOL E CHUVA 3.2L CORAL,UN,tinta_acrilica,2026-09-13T16:56:44Z,265.46,263.045
54997,"TINTA ACR.F.M.FACIL BR NEVE 3,6L GLASU",UN,tinta_acrilica,2026-09-13T15:00:33Z,69.99,69.99
54997,"TINTA ACR.F.M.FACIL BR NEVE 3,6L GLASU",UN,tinta_acrilica_branca,2026-09-13T15:00:33Z,69.99,69.99
54997,"TINTA ACR.F.M.FACIL BR NEVE 3,6L GLASU",UN,tinta_branca,2026-09-13T15:00:33Z,69.99,69.99
55007,"TINTA ACR.F.PINT.ESSE.BR GELO 3,6L GLASU",UN,tinta_acrilica,2026-09-15T16:31:00Z,59.99,59.99
55007,"TINTA ACR.F.PINT.ESSE.BR GELO 3,6L GLASU",UN,tinta_acrilica_branca,2026-09-15T16:31:00Z,59.99,59.99
55007,"TINTA ACR.F.PINT.ESSE.BR GELO 3,6L GLASU",UN,tinta_branca,2026-09-15T16:31:00Z,59.99,59.99
56315,TINTA ACR.SEMI BRILHO 15LT AREIA IBRATIN - 95138493,UN,tinta_acrilica,2026-09-12T13:49:12Z,399.99,399.99
54138,TINTA ACR.SEMI BRILHO 15LT BR IBRATIN,UN,tinta_acrilica,2026-09-12T13:49:12Z,399.99,399.99
54138,TINTA ACR.SEMI BRILHO 15LT BR IBRATIN,UN,tinta_acrilica_branca,2026-09-12T13:49:12Z,399.99,399.99
54138,TINTA ACR.SEMI BRILHO 15LT BR IBRATIN,UN,tinta_branca,2026-09-12T13:49:12Z,399.99,399.99
52435,TINTA ACR.STANDARD 15L AZ OCEANO IBRATIN,BD,tinta_acrilica,2026-09-10T13:01:42Z,229.99,220.79
52432,TINTA ACR.STANDARD 15L BR GELO IBRATIN,BD,tinta_acrilica,2026-09-14T16:01:54Z,199.99,192.0
52432,TINTA ACR.STANDARD 15L BR GELO IBRATIN,BD,tinta_acrilica_branca,2026-09-14T16:01:54Z,199.99,192.0
52432,TINTA ACR.STANDARD 15L BR GELO IBRATIN,BD,tinta_branca,2026-09-14T16:01:54Z,199.99,192.0
52431,TINTA ACR.STANDARD 15L BR IBRATIN,BD,tinta_acrilica,2026-09-14T16:39:43Z,229.99,229.99
52431,TINTA ACR.STANDARD 15L BR IBRATIN,BD,tinta_acrilica_branca,2026-09-14T16:39:43Z,229.99,229.99
52431,TINTA ACR.STANDARD 15L BR IBRATIN,BD,tinta_branca,2026-09-14T16:39:43Z,229.99,229.99
56849,TINTA ACR.STANDARD 15L CONCRETO IBRATIN,BD,tinta_acrilica,2026-09-12T17:03:33Z,229.99,229.99
52438,TINTA ACR.STANDARD 15L LJ IBRATIN,BD,tinta_acrilica,2026-09-12T14:09:49Z,229.99,221.0
7891019920235,TINTA ACRAL PREM INT ALGODAO EGAPCIO 18L     DE54245 POR50995,UN,tinta_acrilica,2026-09-15T22:32:14Z,542.45,509.95
0000095,TINTA ACRI EXT COR E PAR 15L AM OURO HID,UN,tinta_acrilica,2026-09-14T20:06:01Z,270.0,270.0
5786,TINTA ACRI EXT COR E PAR 15L CARANGUE HI,UN,tinta_acrilica,2026-09-09T19:35:00Z,286.0,286.0
291,TINTA ACRI INT PINTALAR 15L BR GELO IQUI,L,tinta_acrilica,2026-09-09T19:27:16Z,120.0,110.0
91,TINTA ACRI INT PINTALAR 15L BR GELO IQUI,UN,tinta_acrilica,2026-09-14T12:50:42Z,110.0,110.0
45174,TINTA ACRI INT PINTALAR 15L BR GELO IQUI,UN,tinta_acrilica,2026-09-15T20:51:12Z,119.99,119.99
924380,TINTA ACRI INT PINTALAR 15L BR GELO IQUI,L,tinta_acrilica,2026-09-15T15:58:05Z,124.99,124.99
008363,TINTA ACRI INT PINTALAR 15L BR GELO IQUI,UN,tinta_acrilica,2026-09-15T20:51:45Z,129.0,129.0
5530,TINTA ACRI INT PINTALAR 15L BR GELO IQUI,L,tinta_acrilica,2026-09-12T15:12:56Z,140.0,140.0
291,TINTA ACRI INT PINTALAR 15L BR GELO IQUI,L,tinta_acrilica_branca,2026-09-09T19:27:16Z,120.0,110.0
91,TINTA ACRI INT PINTALAR 15L BR GELO IQUI,UN,tinta_acrilica_branca,2026-09-14T12:50:42Z,110.0,110.0
45174,TINTA ACRI INT PINTALAR 15L BR GELO IQUI,UN,tinta_acrilica_branca,2026-09-15T20:51:12Z,119.99,119.99
924380,TINTA ACRI INT PINTALAR 15L BR GELO IQUI,L,tinta_acrilica_branca,2026-09-15T15:58:05Z,124.99,124.99
008363,TINTA ACRI INT PINTALAR 15L BR GELO IQUI,UN,tinta_acrilica_branca,2026-09-15T20:51:45Z,129.0,129.0
5530,TINTA ACRI INT PINTALAR 15L BR GELO IQUI,L,tinta_acrilica_branca,2026-09-12T15:12:56Z,140.0,140.0
291,TINTA ACRI INT PINTALAR 15L BR GELO IQUI,L,tinta_branca,2026-09-09T19:27:16Z,120.0,110.0
91,TINTA ACRI INT PINTALAR 15L BR GELO IQUI,UN,tinta_branca,2026-09-14T12:50:42Z,110.0,110.0
45174,TINTA ACRI INT PINTALAR 15L BR GELO IQUI,UN,tinta_branca,2026-09-15T20:51:12Z,119.99,119.99
924380,TINTA ACRI INT PINTALAR 15L BR GELO IQUI,L,tinta_branca,2026-09-15T15:58:05Z,124.99,124.99
008363,TINTA ACRI INT PINTALAR 15L BR GELO IQUI,UN,tinta_branca,2026-09-15T20:51:45Z,129.0,129.0
5530,TINTA ACRI INT PINTALAR 15L BR GELO IQUI,L,tinta_branca,2026-09-12T15:12:56Z,140.0,140.0
0007431,TINTA ACRI INT PINTALAR 15L RONDON IQUIN,L,tinta_acrilica,2026-09-15T20:15:55Z,128.8,128.8
0000000006931,TINTA ACRI PINTALAR 15 L VERDE PISCINA IQUINE,UN,tinta_acrilica,2026-09-12T11:36:36Z,119.9,112.4
0000000000097,TINTA ACRI PINTALAR 15L BRANCO NEVE IQUINE,UN,tinta_acrilica,2026-09-14T20:19:18Z,119.9,115.775
0000000000097,TINTA ACRI PINTALAR 15L BRANCO NEVE IQUINE,UN,tinta_acrilica_branca,2026-09-14T20:19:18Z,119.9,115.775
0000000000097,TINTA ACRI PINTALAR 15L BRANCO NEVE IQUINE,UN,tinta_branca,2026-09-14T20:19:18Z,119.9,115.775
32875,"TINTA ACRI.SEMI BR.3,6L AREIA IBRATIN",UN,tinta_acrilica,2026-09-09T18:34:23Z,119.99,119.99
32875,"TINTA ACRI.SEMI BR.3,6L AREIA IBRATIN",UN,tinta_acrilica_branca,2026-09-09T18:34:23Z,119.99,119.99
32875,"TINTA ACRI.SEMI BR.3,6L AREIA IBRATIN",UN,tinta_branca,2026-09-09T18:34:23Z,119.99,119.99
7891019022335,TINTA ACRIL DECORA SEDA AC BASE MF 3.2L CORAL,UN,tinta_acrilica,2026-09-14T20:47:21Z,249.9,249.9
7891019022335,TINTA ACRIL DECORA SEDA AC BASE MF 3.2L CORAL,UN,tinta_acrilica,2026-09-10T15:50:21Z,249.9,249.9
7891019139712,TINTA ACRIL ECON FO BRANC 36L GESSODRY       DE12223 POR11489,UN,tinta_acrilica,2026-09-15T19:54:13Z,122.23,114.89
7891019139712,TINTA ACRIL ECON FO BRANC 36L GESSODRY       DE12223 POR11489,GL,tinta_acrilica,2026-09-15T18:01:56Z,114.9,114.9
7891019139712,TINTA ACRIL ECON FO BRANC 36L GESSODRY       DE12223 POR11489,GL,tinta_acrilica,2026-09-15T21:58:07Z,114.9,114.9
7891019166350,TINTA ACRIL FO BRANCO 36L CHEGA DE MOFO,UN,tinta_acrilica,2026-09-11T00:08:24Z,212.66,212.66
7891019166350,TINTA ACRIL FO BRANCO 36L CHEGA DE MOFO,UN,tinta_acrilica_branca,2026-09-11T00:08:24Z,212.66,212.66
7891019166350,TINTA ACRIL FO BRANCO 36L CHEGA DE MOFO,UN,tinta_branca,2026-09-11T00:08:24Z,212.66,212.66
7891260179116,TINTA ACRIL FO NEVE 09L TETO                 DE17638 POR15480,UN,tinta_acrilica,2026-09-12T17:53:51Z,88.19,77.4
7897866404065,TINTA ACRIL IMPERALL BASE P LT 18KG CORAL,UN,tinta_acrilica,2026-09-15T17:51:13Z,393.9,393.9
9000000005334,TINTA ACRIL INTERIOR BRANCO 3L,UN,tinta_acrilica,2026-09-11T19:21:31Z,25.0,25.0
9000000005334,TINTA ACRIL INTERIOR BRANCO 3L,UN,tinta_acrilica,2026-09-12T14:51:58Z,31.99,28.95
9000000005334,TINTA ACRIL INTERIOR BRANCO 3L,UN,tinta_acrilica_branca,2026-09-11T19:21:31Z,25.0,25.0
9000000005334,TINTA ACRIL INTERIOR BRANCO 3L,UN,tinta_acrilica_branca,2026-09-12T14:51:58Z,31.99,28.95
9000000005334,TINTA ACRIL INTERIOR BRANCO 3L,UN,tinta_branca,2026-09-11T19:21:31Z,25.0,25.0
9000000005334,TINTA ACRIL INTERIOR BRANCO 3L,UN,tinta_branca,2026-09-12T14:51:58Z,31.99,28.95
7891019177165,TINTA ACRIL PREM AC GELO 36L DECORA          DE24457 POR24069,UN,tinta_acrilica,2026-09-14T18:14:38Z,244.57,240.69
7891019908202,TINTA ACRIL PREM FO GELO 36L SUPE LAVAV,UN,tinta_acrilica,2026-09-14T19:10:27Z,244.57,244.57
7891019919895,TINTA ACRIL STAN REND MTO AREIA 32L          DE13287 POR10287,UN,tinta_acrilica,2026-09-15T17:21:34Z,132.87,102.87
7891019919895,TINTA ACRIL STAN REND MTO AREIA 32L          DE13287 POR10287,UN,tinta_acrilica,2026-09-13T12:53:35Z,133.9,133.9
7891019919802,TINTA ACRIL STAN REND MTO AZ D ADES 32L,UN,tinta_acrilica,2026-09-13T13:47:53Z,132.87,132.87
7891019919932,TINTA ACRIL STAN REND MTO CAMURAA 32L        DE11691 POR10991,UN,tinta_acrilica,2026-09-15T16:47:24Z,116.91,109.91
7891019919932,TINTA ACRIL STAN REND MTO CAMURAA 32L        DE11691 POR10991,UN,tinta_acrilica,2026-09-14T21:26:45Z,123.9,120.41
7891019919932,TINTA ACRIL STAN REND MTO CAMURAA 32L        DE11691 POR10991,UN,tinta_acrilica,2026-09-13T17:23:58Z,123.9,123.9
2110,"TINTA ACRILICA 0,9L REND MUIT BR CORAL",L,tinta_acrilica,2026-09-11T21:35:43Z,42.0,41.61
2110,"TINTA ACRILICA 0,9L REND MUIT BR CORAL",L,tinta_acrilica_branca,2026-09-11T21:35:43Z,42.0,41.61
2110,"TINTA ACRILICA 0,9L REND MUIT BR CORAL",L,tinta_branca,2026-09-11T21:35:43Z,42.0,41.61
0000000002768,TINTA ACRILICA 18L BRANCO CORALAR,UN,tinta_acrilica,2026-09-11T12:28:05Z,221.9,221.9
0000000002768,TINTA ACRILICA 18L BRANCO CORALAR,UN,tinta_acrilica_branca,2026-09-11T12:28:05Z,221.9,221.9
0000000002768,TINTA ACRILICA 18L BRANCO CORALAR,UN,tinta_branca,2026-09-11T12:28:05Z,221.9,221.9
7898415881528,TINTA ACRILICA 20ML,UN,tinta_acrilica,2026-09-15T15:51:48Z,8.25,8.25
74169,"TINTA ACRILICA 3,6L BRANCO NEVE PINTALAR",GP,tinta_acrilica,2026-09-15T16:15:11Z,51.99,51.99
8915,"TINTA ACRILICA 3,6L BRANCO NEVE PINTALAR",GL,tinta_acrilica,2026-09-10T21:42:30Z,54.05,54.05
8915,"TINTA ACRILICA 3,6L BRANCO NEVE PINTALAR",GL,tinta_acrilica,2026-09-15T18:46:00Z,57.5003,54.24
0000593,"TINTA ACRILICA 3,6L BRANCO NEVE PINTALAR",GP,tinta_acrilica,2026-09-11T20:22:05Z,55.0,55.0
377,"TINTA ACRILICA 3,6L BRANCO NEVE PINTALAR",UN,tinta_acrilica,2026-09-14T19:14:23Z,55.0,55.0
1559,"TINTA ACRILICA 3,6L BRANCO NEVE PINTALAR",UN,tinta_acrilica,2026-09-09T19:11:54Z,58.0,58.0
74169,"TINTA ACRILICA 3,6L BRANCO NEVE PINTALAR",GP,tinta_acrilica_branca,2026-09-15T16:15:11Z,51.99,51.99
8915,"TINTA ACRILICA 3,6L BRANCO NEVE PINTALAR",GL,tinta_acrilica_branca,2026-09-10T21:42:30Z,54.05,54.05
8915,"TINTA ACRILICA 3,6L BRANCO NEVE PINTALAR",GL,tinta_acrilica_branca,2026-09-15T18:46:00Z,57.5003,54.24
0000593,"TINTA ACRILICA 3,6L BRANCO NEVE PINTALAR",GP,tinta_acrilica_branca,2026-09-11T20:22:05Z,55.0,55.0
377,"TINTA ACRILICA 3,6L BRANCO NEVE PINTALAR",UN,tinta_acrilica_branca,2026-09-14T19:14:23Z,55.0,55.0
1559,"TINTA ACRILICA 3,6L BRANCO NEVE PINTALAR",UN,tinta_acrilica_branca,2026-09-09T19:11:54Z,58.0,58.0
74169,"TINTA ACRILICA 3,6L BRANCO NEVE PINTALAR",GP,tinta_branca,2026-09-15T16:15:11Z,51.99,51.99
8915,"TINTA ACRILICA 3,6L BRANCO NEVE PINTALAR",GL,tinta_branca,2026-09-10T21:42:30Z,54.05,54.05
8915,"TINTA ACRILICA 3,6L BRANCO NEVE PINTALAR",GL,tinta_branca,2026-09-15T18:46:00Z,57.5003,54.24
0000593,"TINTA ACRILICA 3,6L BRANCO NEVE PINTALAR",GP,tinta_branca,2026-09-11T20:22:05Z,55.0,55.0
377,"TINTA ACRILICA 3,6L BRANCO NEVE PINTALAR",UN,tinta_branca,2026-09-14T19:14:23Z,55.0,55.0
1559,"TINTA ACRILICA 3,6L BRANCO NEVE PINTALAR",UN,tinta_branca,2026-09-09T19:11:54Z,58.0,58.0
7891153033211,TINTA ACRILICA BRILH,UN,tinta_acrilica,2026-09-09T16:11:13Z,2.0,2.0
7891153033129,TINTA ACRILICA BRILH,UN,tinta_acrilica,2026-09-14T14:36:24Z,7.5,7.5
7891153033082,TINTA ACRILICA BRILH,UN,tinta_acrilica,2026-09-09T16:14:15Z,7.5,7.5
7891153078656,TINTA ACRILICA BRILH,UN,tinta_acrilica,2026-09-15T13:24:03Z,19.7,19.7
7891153079493,TINTA ACRILICA FOSCA,UN,tinta_acrilica,2026-09-15T20:09:59Z,2.0,2.0
7891153035093,TINTA ACRILICA FOSCA,UN,tinta_acrilica,2026-09-14T11:43:41Z,7.45,7.45
7891153035178,TINTA ACRILICA FOSCA,UN,tinta_acrilica,2026-09-10T17:49:32Z,7.45,7.45
7891153035154,TINTA ACRILICA FOSCA,UN,tinta_acrilica,2026-09-15T20:09:59Z,7.45,7.45
7891153035062,TINTA ACRILICA FOSCA,UN,tinta_acrilica,2026-09-14T14:21:36Z,7.45,7.45
7891019000005,TINTA ACRILICA FOSCO CORALAR BR BALDE 15L CORAL,UN,tinta_acrilica,2026-09-14T14:42:58Z,149.9,149.9
7891019000005,TINTA ACRILICA FOSCO CORALAR BR BALDE 15L CORAL,UN,tinta_acrilica,2026-09-13T17:02:09Z,149.9,149.9
7891019000005,TINTA ACRILICA FOSCO CORALAR BR BALDE 15L CORAL,UN,tinta_acrilica,2026-09-10T21:09:59Z,149.9,149.9
7891019000005,TINTA ACRILICA FOSCO CORALAR BR BALDE 15L CORAL,UN,tinta_acrilica,2026-09-14T21:19:46Z,149.9,149.9
7891019000005,TINTA ACRILICA FOSCO CORALAR BR BALDE 15L CORAL,UN,tinta_acrilica,2026-09-13T21:34:21Z,159.47,159.47
7891019000005,TINTA ACRILICA FOSCO CORALAR BR BALDE 15L CORAL,UN,tinta_acrilica_branca,2026-09-14T14:42:58Z,149.9,149.9
7891019000005,TINTA ACRILICA FOSCO CORALAR BR BALDE 15L CORAL,UN,tinta_acrilica_branca,2026-09-13T17:02:09Z,149.9,149.9
7891019000005,TINTA ACRILICA FOSCO CORALAR BR BALDE 15L CORAL,UN,tinta_acrilica_branca,2026-09-10T21:09:59Z,149.9,149.9
7891019000005,TINTA ACRILICA FOSCO CORALAR BR BALDE 15L CORAL,UN,tinta_acrilica_branca,2026-09-14T21:19:46Z,149.9,149.9
7891019000005,TINTA ACRILICA FOSCO CORALAR BR BALDE 15L CORAL,UN,tinta_acrilica_branca,2026-09-13T21:34:21Z,159.47,159.47
7891019000005,TINTA ACRILICA FOSCO CORALAR BR BALDE 15L CORAL,UN,tinta_branca,2026-09-14T14:42:58Z,149.9,149.9
7891019000005,TINTA ACRILICA FOSCO CORALAR BR BALDE 15L CORAL,UN,tinta_branca,2026-09-13T17:02:09Z,149.9,149.9
7891019000005,TINTA ACRILICA FOSCO CORALAR BR BALDE 15L CORAL,UN,tinta_branca,2026-09-10T21:09:59Z,149.9,149.9
7891019000005,TINTA ACRILICA FOSCO CORALAR BR BALDE 15L CORAL,UN,tinta_branca,2026-09-14T21:19:46Z,149.9,149.9
7891019000005,TINTA ACRILICA FOSCO CORALAR BR BALDE 15L CORAL,UN,tinta_branca,2026-09-13T21:34:21Z,159.47,159.47
2457,TINTA ACRILICA INT 5L CONCRETO,BB,tinta_acrilica,2026-09-11T17:09:43Z,20.0,20.0
0000000003425,TINTA ACRILICA INTERNA 15L BD CINZA MEDIO QUIMILUX,UN,tinta_acrilica,2026-09-09T12:33:38Z,112.7,112.5
0000000003365,TINTA ACRILICA INTERNA 15LT BD BRANCO NEVE QUIMILUX,UN,tinta_acrilica,2026-09-12T13:08:36Z,112.7,110.0
0000000003365,TINTA ACRILICA INTERNA 15LT BD BRANCO NEVE QUIMILUX,UN,tinta_acrilica_branca,2026-09-12T13:08:36Z,112.7,110.0
0000000003365,TINTA ACRILICA INTERNA 15LT BD BRANCO NEVE QUIMILUX,UN,tinta_branca,2026-09-12T13:08:36Z,112.7,110.0
003343,TINTA ACRILICA PREMIUM 15L BRANCO GELO ARACOR,UN,tinta_acrilica,2026-09-11T16:56:09Z,130.0,115.0
003343,TINTA ACRILICA PREMIUM 15L BRANCO GELO ARACOR,UN,tinta_acrilica_branca,2026-09-11T16:56:09Z,130.0,115.0
003343,TINTA ACRILICA PREMIUM 15L BRANCO GELO ARACOR,UN,tinta_branca,2026-09-11T16:56:09Z,130.0,115.0
002329,"TINTA ACRILICA PREMIUM 3,6L BRANCO NEVE ARACOR",UN,tinta_acrilica,2026-09-15T13:37:57Z,35.0,35.0
002329,"TINTA ACRILICA PREMIUM 3,6L BRANCO NEVE ARACOR",UN,tinta_acrilica_branca,2026-09-15T13:37:57Z,35.0,35.0
002329,"TINTA ACRILICA PREMIUM 3,6L BRANCO NEVE ARACOR",UN,tinta_branca,2026-09-15T13:37:57Z,35.0,35.0
7891019919642,TINTA ACRILICA RENDE MUITO AREIA 16L CORAL,UN,tinta_acrilica,2026-09-12T21:27:16Z,439.9,439.9
7891019919642,TINTA ACRILICA RENDE MUITO AREIA 16L CORAL,UN,tinta_acrilica,2026-09-13T18:27:54Z,462.66,451.72
7891019919673,TINTA ACRILICA RENDE MUITO BRANCO GELO 16L CORAL,UN,tinta_acrilica,2026-09-12T00:36:49Z,439.9,417.95
7891019919673,TINTA ACRILICA RENDE MUITO BRANCO GELO 16L CORAL,UN,tinta_acrilica,2026-09-10T13:41:45Z,439.9,439.9
7891019919673,TINTA ACRILICA RENDE MUITO BRANCO GELO 16L CORAL,UN,tinta_acrilica_branca,2026-09-12T00:36:49Z,439.9,417.95
7891019919673,TINTA ACRILICA RENDE MUITO BRANCO GELO 16L CORAL,UN,tinta_acrilica_branca,2026-09-10T13:41:45Z,439.9,439.9
7891019919673,TINTA ACRILICA RENDE MUITO BRANCO GELO 16L CORAL,UN,tinta_branca,2026-09-12T00:36:49Z,439.9,417.95
7891019919673,TINTA ACRILICA RENDE MUITO BRANCO GELO 16L CORAL,UN,tinta_branca,2026-09-10T13:41:45Z,439.9,439.9
7891019919925,"TINTA ACRILICA RENDE MUITO BRANCO GELO 3,2L CORAL",UN,tinta_acrilica,2026-09-14T13:54:25Z,121.9,121.9
7891019919925,"TINTA ACRILICA RENDE MUITO BRANCO GELO 3,2L CORAL",UN,tinta_acrilica,2026-09-13T15:36:27Z,132.87,132.87
7891019919925,"TINTA ACRILICA RENDE MUITO BRANCO GELO 3,2L CORAL",UN,tinta_acrilica_branca,2026-09-14T13:54:25Z,121.9,121.9
7891019919925,"TINTA ACRILICA RENDE MUITO BRANCO GELO 3,2L CORAL",UN,tinta_acrilica_branca,2026-09-13T15:36:27Z,132.87,132.87
7891019919925,"TINTA ACRILICA RENDE MUITO BRANCO GELO 3,2L CORAL",UN,tinta_branca,2026-09-14T13:54:25Z,121.9,121.9
7891019919925,"TINTA ACRILICA RENDE MUITO BRANCO GELO 3,2L CORAL",UN,tinta_branca,2026-09-13T15:36:27Z,132.87,132.87
7891019919680,TINTA ACRILICA RENDE MUITO CAMURCA 16L CORAL,UN,tinta_acrilica,2026-09-10T15:33:38Z,414.9,414.9
7891019919680,TINTA ACRILICA RENDE MUITO CAMURCA 16L CORAL,UN,tinta_acrilica,2026-09-09T15:24:22Z,414.9,414.9
7891019919574,TINTA ACRILICA RENDE MUITO CROMIO 16L CORAL,UN,tinta_acrilica,2026-09-09T17:14:53Z,469.9,469.9
7891019919833,"TINTA ACRILICA RENDE MUITO CROMIO 3,2L CORAL",UN,tinta_acrilica,2026-09-12T16:06:15Z,123.9,123.9
7891019919758,TINTA ACRILICA RENDE MUITO PALHA 16L CORAL,UN,tinta_acrilica,2026-09-15T12:48:16Z,439.9,439.85
7891019920006,"TINTA ACRILICA RENDE MUITO PALHA 3,2L CORAL",UN,tinta_acrilica,2026-09-09T20:31:35Z,123.9,123.9
7891019920006,"TINTA ACRILICA RENDE MUITO PALHA 3,2L CORAL",UN,tinta_acrilica,2026-09-10T14:03:09Z,132.87,124.89
7891019919871,"TINTA ACRILICA RENDE MUITO TUBARAO BRANCO 3,2L COR",UN,tinta_acrilica,2026-09-12T12:00:33Z,133.9,133.9
7891019919871,"TINTA ACRILICA RENDE MUITO TUBARAO BRANCO 3,2L COR",UN,tinta_acrilica_branca,2026-09-12T12:00:33Z,133.9,133.9
7891019919871,"TINTA ACRILICA RENDE MUITO TUBARAO BRANCO 3,2L COR",UN,tinta_branca,2026-09-12T12:00:33Z,133.9,133.9
32093,TINTA AER AZ CL USO GERAL 350ML - 1X350ML,UN,tinta_spray,2026-09-09T13:25:15Z,19.9,19.9
32096,TINTA AER AZ METALICO 350ML - 1X350ML,UN,tinta_metalica,2026-09-09T20:56:09Z,25.49,25.49
23004,TINTA AER AZ METALICO 350ML - 1X350ML,UN,tinta_metalica,2026-09-14T19:18:06Z,34.99,34.99
32096,TINTA AER AZ METALICO 350ML - 1X350ML,UN,tinta_spray,2026-09-09T20:56:09Z,25.49,25.49
23004,TINTA AER AZ METALICO 350ML - 1X350ML,UN,tinta_spray,2026-09-14T19:18:06Z,34.99,34.99
32316,TINTA AER COBRE METALICO 350ML - 1X350ML,UN,tinta_metalica,2026-09-11T11:55:50Z,25.49,25.49
32316,TINTA AER COBRE METALICO 350ML - 1X350ML,UN,tinta_metalica,2026-09-12T18:39:50Z,25.49,25.49
32316,TINTA AER COBRE METALICO 350ML - 1X350ML,UN,tinta_spray,2026-09-11T11:55:50Z,25.49,25.49
32316,TINTA AER COBRE METALICO 350ML - 1X350ML,UN,tinta_spray,2026-09-12T18:39:50Z,25.49,25.49
32317,TINTA AER CROMADO METALICO 350ML - 1X350ML,UN,tinta_metalica,2026-09-15T15:56:23Z,30.9,30.9
4264,TINTA AER CROMADO METALICO 350ML - 1X350ML,UN,tinta_metalica,2026-09-15T14:10:57Z,34.99,34.99
32317,TINTA AER CROMADO METALICO 350ML - 1X350ML,UN,tinta_spray,2026-09-15T15:56:23Z,30.9,30.9
4264,TINTA AER CROMADO METALICO 350ML - 1X350ML,UN,tinta_spray,2026-09-15T14:10:57Z,34.99,34.99
32319,TINTA AER DOURADO METALICO 350ML - 1X350ML,UN,tinta_metalica,2026-09-14T18:37:13Z,30.9,30.9
32319,TINTA AER DOURADO METALICO 350ML - 1X350ML,UN,tinta_metalica,2026-09-11T15:49:58Z,30.9,30.9
32319,TINTA AER DOURADO METALICO 350ML - 1X350ML,UN,tinta_metalica,2026-09-15T21:00:49Z,30.9,30.9
36298,TINTA AER DOURADO METALICO 350ML - 1X350ML,UN,tinta_metalica,2026-09-09T14:18:05Z,33.15,33.15
32319,TINTA AER DOURADO METALICO 350ML - 1X350ML,UN,tinta_spray,2026-09-14T18:37:13Z,30.9,30.9
32319,TINTA AER DOURADO METALICO 350ML - 1X350ML,UN,tinta_spray,2026-09-11T15:49:58Z,30.9,30.9
32319,TINTA AER DOURADO METALICO 350ML - 1X350ML,UN,tinta_spray,2026-09-15T21:00:49Z,30.9,30.9
36298,TINTA AER DOURADO METALICO 350ML - 1X350ML,UN,tinta_spray,2026-09-09T14:18:05Z,33.15,33.15
32320,TINTA AER DOURADO USO GERAL 350ML - 1X350ML,UN,tinta_metalica,2026-09-15T15:54:34Z,21.49,21.49
32320,TINTA AER DOURADO USO GERAL 350ML - 1X350ML,UN,tinta_metalica,2026-09-12T17:11:06Z,21.49,21.49
32320,TINTA AER DOURADO USO GERAL 350ML - 1X350ML,UN,tinta_metalica,2026-09-12T13:38:04Z,21.49,21.49
29472,TINTA AER DOURADO USO GERAL 350ML - 1X350ML,UN,tinta_metalica,2026-09-11T16:39:49Z,24.99,24.99
18936,TINTA AER DOURADO USO GERAL 350ML - 1X350ML,UN,tinta_metalica,2026-09-10T18:24:27Z,27.0,27.0
32320,TINTA AER DOURADO USO GERAL 350ML - 1X350ML,UN,tinta_spray,2026-09-15T15:54:34Z,21.49,21.49
32320,TINTA AER DOURADO USO GERAL 350ML - 1X350ML,UN,tinta_spray,2026-09-12T17:11:06Z,21.49,21.49
32320,TINTA AER DOURADO USO GERAL 350ML - 1X350ML,UN,tinta_spray,2026-09-12T13:38:04Z,21.49,21.49
29472,TINTA AER DOURADO USO GERAL 350ML - 1X350ML,UN,tinta_spray,2026-09-11T16:39:49Z,24.99,24.99
18936,TINTA AER DOURADO USO GERAL 350ML - 1X350ML,UN,tinta_spray,2026-09-10T18:24:27Z,27.0,27.0
32349,TINTA AER MR USO GERAL 350ML - 1X350ML,UN,tinta_spray,2026-09-15T14:27:30Z,19.9,19.9
32349,TINTA AER MR USO GERAL 350ML - 1X350ML,UN,tinta_spray,2026-09-15T13:23:11Z,19.9,19.9
32349,TINTA AER MR USO GERAL 350ML - 1X350ML,UN,tinta_spray,2026-09-14T22:08:54Z,19.9,19.9
32352,TINTA AER OURO METALICO 350ML - 1X350ML,UN,tinta_metalica,2026-09-14T18:37:13Z,25.49,25.49
32352,TINTA AER OURO METALICO 350ML - 1X350ML,UN,tinta_metalica,2026-09-12T20:01:32Z,25.49,25.49
32352,TINTA AER OURO METALICO 350ML - 1X350ML,UN,tinta_metalica,2026-09-15T15:15:23Z,25.49,25.49
32352,TINTA AER OURO METALICO 350ML - 1X350ML,UN,tinta_metalica,2026-09-14T20:34:51Z,25.49,25.49
037816,TINTA AER OURO METALICO 350ML - 1X350ML,UN,tinta_metalica,2026-09-10T18:39:44Z,33.4,33.4
32352,TINTA AER OURO METALICO 350ML - 1X350ML,UN,tinta_spray,2026-09-14T18:37:13Z,25.49,25.49
32352,TINTA AER OURO METALICO 350ML - 1X350ML,UN,tinta_spray,2026-09-12T20:01:32Z,25.49,25.49
32352,TINTA AER OURO METALICO 350ML - 1X350ML,UN,tinta_spray,2026-09-15T15:15:23Z,25.49,25.49
32352,TINTA AER OURO METALICO 350ML - 1X350ML,UN,tinta_spray,2026-09-14T20:34:51Z,25.49,25.49
037816,TINTA AER OURO METALICO 350ML - 1X350ML,UN,tinta_spray,2026-09-10T18:39:44Z,33.4,33.4
32375,TINTA AER PT METALICO 350ML - 1X350ML,UN,tinta_metalica,2026-09-09T19:15:33Z,25.49,25.49
32375,TINTA AER PT METALICO 350ML - 1X350ML,UN,tinta_metalica,2026-09-13T15:03:29Z,25.49,25.49
32375,TINTA AER PT METALICO 350ML - 1X350ML,UN,tinta_metalica,2026-09-12T17:11:06Z,25.49,25.49
32375,TINTA AER PT METALICO 350ML - 1X350ML,UN,tinta_metalica,2026-09-15T20:50:13Z,25.49,25.49
32695,TINTA AER PT METALICO 350ML - 1X350ML,UN,tinta_metalica,2026-09-12T20:58:27Z,34.99,34.99
32375,TINTA AER PT METALICO 350ML - 1X350ML,UN,tinta_spray,2026-09-09T19:15:33Z,25.49,25.49
32375,TINTA AER PT METALICO 350ML - 1X350ML,UN,tinta_spray,2026-09-13T15:03:29Z,25.49,25.49
32375,TINTA AER PT METALICO 350ML - 1X350ML,UN,tinta_spray,2026-09-12T17:11:06Z,25.49,25.49
32375,TINTA AER PT METALICO 350ML - 1X350ML,UN,tinta_spray,2026-09-15T20:50:13Z,25.49,25.49
32695,TINTA AER PT METALICO 350ML - 1X350ML,UN,tinta_spray,2026-09-12T20:58:27Z,34.99,34.99
32355,TINTA AER PTA METALICO 350ML - 1X350ML,UN,tinta_metalica,2026-09-10T17:41:30Z,25.49,25.49
32355,TINTA AER PTA METALICO 350ML - 1X350ML,UN,tinta_metalica,2026-09-12T18:39:50Z,25.49,25.49
2898,TINTA AER PTA METALICO 350ML - 1X350ML,UN,tinta_metalica,2026-09-09T14:18:05Z,27.2,27.2
18974,TINTA AER PTA METALICO 350ML - 1X350ML,UN,tinta_metalica,2026-09-15T10:56:39Z,34.0,34.0
32355,TINTA AER PTA METALICO 350ML - 1X350ML,UN,tinta_spray,2026-09-10T17:41:30Z,25.49,25.49
32355,TINTA AER PTA METALICO 350ML - 1X350ML,UN,tinta_spray,2026-09-12T18:39:50Z,25.49,25.49
2898,TINTA AER PTA METALICO 350ML - 1X350ML,UN,tinta_spray,2026-09-09T14:18:05Z,27.2,27.2
18974,TINTA AER PTA METALICO 350ML - 1X350ML,UN,tinta_spray,2026-09-15T10:56:39Z,34.0,34.0
32382,TINTA AER RS FLUOR 350ML - 1X350ML,UN,tinta_spray,2026-09-09T17:47:45Z,32.9,32.9
32408,TINTA AER RS USO GERAL 350ML - 1X350ML,UN,tinta_spray,2026-09-09T16:47:37Z,19.9,19.9
32418,TINTA AER VD USO GERAL 350ML - 1X350ML,UN,tinta_spray,2026-09-14T16:11:43Z,19.9,19.9
32418,TINTA AER VD USO GERAL 350ML - 1X350ML,UN,tinta_spray,2026-09-10T19:58:22Z,19.9,19.9
2899,TINTA AER VD USO GERAL 350ML - 1X350ML,UN,tinta_spray,2026-09-09T14:18:05Z,21.25,21.25
28203,TINTA AER VD USO GERAL 350ML - 1X350ML,UN,tinta_spray,2026-09-11T17:58:16Z,24.99,24.99
32421,TINTA AER VM METALICO 350ML - 1X350ML,UN,tinta_metalica,2026-09-10T16:30:42Z,25.49,25.49
32421,TINTA AER VM METALICO 350ML - 1X350ML,UN,tinta_spray,2026-09-10T16:30:42Z,25.49,25.49
32423,TINTA AER VM USO GERAL 350ML - 1X350ML,UN,tinta_spray,2026-09-12T15:40:35Z,19.9,19.9
32423,TINTA AER VM USO GERAL 350ML - 1X350ML,UN,tinta_spray,2026-09-10T13:03:46Z,19.9,19.9
000942,TINTA AER VM USO GERAL 350ML - 1X350ML,UN,tinta_spray,2026-09-15T14:17:58Z,23.0,23.0
7898543380955,TINTA AER VM USO GERAL 350ML - 1X350ML,UN,tinta_spray,2026-09-15T11:31:52Z,25.9,24.61
7898543388166,TINTA AEROSOL COBRE ROSE METALICO 350ML/250G,UN,tinta_metalica,2026-09-15T18:29:15Z,20.9,20.9
7898543388166,TINTA AEROSOL COBRE ROSE METALICO 350ML/250G,UN,tinta_spray,2026-09-15T18:29:15Z,20.9,20.9
180584,TINTA AEROSOL PRETO FOSCO USO GERAL 350ML 250G,UN,tinta_spray,2026-09-11T19:39:22Z,23.9,23.0
7898543388180,TINTA AEROSOL ROSE GOLD METALICO 350ML/250G,UN,tinta_metalica,2026-09-14T18:45:57Z,29.9,29.9
7898543388180,TINTA AEROSOL ROSE GOLD METALICO 350ML/250G,UN,tinta_spray,2026-09-14T18:45:57Z,29.9,29.9
7898543381044,TINTA AEROSOL SUPER COLOR LARANJA 350M TEK BOND REF 23131006900,UN,tinta_spray,2026-09-14T17:10:33Z,19.95,19.95
D220485,TINTA AEROSSOL ALUMINIO USO GERAL,PC,tinta_metalica,2026-09-09T20:36:10Z,16.8,16.8
32050,TINTA AEROSSOL ALUMINIO USO GERAL,UN,tinta_metalica,2026-09-10T17:18:36Z,19.9,19.9
32050,TINTA AEROSSOL ALUMINIO USO GERAL,UN,tinta_metalica,2026-09-15T21:15:21Z,19.9,19.9
MLB4412659463,TINTA AEROSSOL ALUMINIO USO GERAL,UN,tinta_metalica,2026-09-13T10:37:50Z,20.0,20.0
5266,TINTA AEROSSOL ALUMINIO USO GERAL,UN1,tinta_metalica,2026-09-12T14:47:45Z,25.0,25.0
D220485,TINTA AEROSSOL ALUMINIO USO GERAL,PC,tinta_spray,2026-09-09T20:36:10Z,16.8,16.8
32050,TINTA AEROSSOL ALUMINIO USO GERAL,UN,tinta_spray,2026-09-10T17:18:36Z,19.9,19.9
32050,TINTA AEROSSOL ALUMINIO USO GERAL,UN,tinta_spray,2026-09-15T21:15:21Z,19.9,19.9
MLB4412659463,TINTA AEROSSOL ALUMINIO USO GERAL,UN,tinta_spray,2026-09-13T10:37:50Z,20.0,20.0
5266,TINTA AEROSSOL ALUMINIO USO GERAL,UN1,tinta_spray,2026-09-12T14:47:45Z,25.0,25.0
3289,TINTA AEROSSOL AZUL USO GERAL 350 ML 250,UN,tinta_spray,2026-09-09T14:18:05Z,21.25,21.25
28205,TINTA AEROSSOL AZUL USO GERAL 350 ML 250,UN,tinta_spray,2026-09-15T12:52:37Z,21.99,21.99
1051,TINTA AEROSSOL AZUL USO GERAL 350 ML 250,UN,tinta_spray,2026-09-10T19:56:57Z,24.35,22.0
D220484,TINTA AEROSSOL BRACO FOSCO USO GER,PC,tinta_spray,2026-09-11T16:29:24Z,16.8,16.8
32312,TINTA AEROSSOL BRACO FOSCO USO GER,UN,tinta_spray,2026-09-15T15:35:18Z,19.9,19.9
32312,TINTA AEROSSOL BRACO FOSCO USO GER,UN,tinta_spray,2026-09-15T11:14:38Z,19.9,19.9
32312,TINTA AEROSSOL BRACO FOSCO USO GER,UN,tinta_spray,2026-09-15T15:32:20Z,19.9,19.9
32312,TINTA AEROSSOL BRACO FOSCO USO GER,UN,tinta_spray,2026-09-12T13:20:21Z,19.9,19.9
005363,TINTA AEROSSOL BRACO FOSCO USO GER,UN,tinta_spray,2026-09-09T11:53:48Z,20.0,20.0
07898543381013,TINTA AEROSSOL BRACO FOSCO USO GER,UN,tinta_spray,2026-09-15T13:24:17Z,23.0,20.7
4984,TINTA AEROSSOL BRACO FOSCO USO GER,UN,tinta_spray,2026-09-09T15:03:59Z,20.75,20.75
3065,TINTA AEROSSOL BRACO FOSCO USO GER,UN,tinta_spray,2026-09-09T18:05:23Z,23.0,23.0
18988,TINTA AEROSSOL BRACO FOSCO USO GER,UN,tinta_spray,2026-09-15T18:53:36Z,24.5,23.34
411432-1,TINTA AEROSSOL BRACO FOSCO USO GER,PC,tinta_spray,2026-09-15T19:29:36Z,24.99,24.99
3290,TINTA AEROSSOL BRACO FOSCO USO GER,UN,tinta_spray,2026-09-15T13:02:34Z,24.99,24.99
28202,TINTA AEROSSOL BRACO FOSCO USO GER,UN,tinta_spray,2026-09-14T13:58:32Z,24.99,24.99
11203,TINTA AEROSSOL BRANCO BRILHANTE 350ML,UN,tinta_branca,2026-09-10T11:06:16Z,23.9,23.9
11203,TINTA AEROSSOL BRANCO BRILHANTE 350ML,UN,tinta_spray,2026-09-10T11:06:16Z,23.9,23.9
2732,TINTA AEROSSOL GELO  USO GERAL 350 ML250G,UN,tinta_spray,2026-09-15T14:59:28Z,20.99,20.99
53933,TINTA AEROSSOL LARANJA   2443  TEK BOND,UN,tinta_spray,2026-09-15T13:29:38Z,17.01,15.395
32348,TINTA AEROSSOL LARANJA   2443  TEK BOND,UN,tinta_spray,2026-09-12T20:19:30Z,19.9,19.9
003445,TINTA AEROSSOL PR FOSCO USO GERAL 350ML TEKBOND,UN,tinta_spray,2026-09-15T19:11:57Z,18.0,18.0
2723,TINTA AEROSSOL VERMELHO USO GERAL 350 ML/250G,UN,tinta_spray,2026-09-09T12:45:36Z,13.0,13.0
2723,TINTA AEROSSOL VERMELHO USO GERAL 350 ML/250G,UN,tinta_spray,2026-09-12T13:32:51Z,50.0,50.0
4714,TINTA ANTI MOFO BRANCO 3L TINTAX OK,UN,tinta_branca,2026-09-10T12:20:27Z,29.99,28.5
7891153023472,TINTA ARTESANATO 100ML ACRILEX,UN,tinta_acrilica,2026-09-11T17:37:35Z,12.85,12.85
904938,"TINTA BASE ACR 3,2L DIATEX P IQUINE GL0001GL - FLECHAS",GL,tinta_acrilica,2026-09-10T22:03:24Z,44.99,44.99
913060,"TINTA BASE ACR 3,2L PROT SOL CHUV P CORA GL0001GL - TOQUE DE CEREJEIRA",GL,tinta_acrilica,2026-09-10T11:45:36Z,240.0,240.0
296014,"TINTA BASE ACR FC 0,8L MASTER T CORAL LT0001LT",L,tinta_acrilica,2026-09-09T20:15:33Z,28.99,28.99
931319,"TINTA BASE ACR FC 0,8L RENOVA PAR P CORA LT0001LT",L,tinta_acrilica,2026-09-09T14:16:04Z,49.5,24.75
296018,"TINTA BASE ACR FC 3,2L MASTER MF CORAL GL0004GL - CAPIM DE CHEIRO - SU",FD,tinta_acrilica,2026-09-14T22:58:54Z,137.99,137.99
991359,"TINTA BASE ACR FC LT0,8L DURAVEL C IQUIN LT0001LT - NEI NEI",L,tinta_acrilica,2026-09-13T13:31:17Z,28.99,28.99
904939,TINTA BASE ACR LT16L DIATEX P IQUINE LT0001LT - PAIVA,L,tinta_acrilica,2026-09-10T22:03:24Z,222.99,222.99
903030,"TINTA BASE ACR SB 3,2L DECORA MF GL0001GL - ESSENCIA DE LARANJA",GL,tinta_acrilica,2026-09-15T16:35:49Z,234.99,234.99
890328,"TINTA BASE ESM BR 0,8L DIALINE M B AG IQ LT0001LT - RUA DO SOSSEGO",L,tinta_branca,2026-09-11T12:48:49Z,47.99,47.99
9315,"TINTA BASE ESM BR 3,2L CORALIT T 993",GL,tinta_branca,2026-09-11T11:40:28Z,199.8,199.8
890329,"TINTA BASE ESM BR 3,2L DIALINE C B AG IQ GL0001GL - RUBI",GL,tinta_branca,2026-09-15T20:42:45Z,157.99,157.99
2065,TINTA BD 15L LPRO BR,UN,tinta_branca,2026-09-15T10:40:04Z,95.0,95.0
000200076,"TINTA BELLA ACRIL INTERIOR 3,0L BRANCO",GAL,tinta_acrilica,2026-09-11T15:29:02Z,36.9,33.3
000200076,"TINTA BELLA ACRIL INTERIOR 3,0L BRANCO",GAL,tinta_acrilica_branca,2026-09-11T15:29:02Z,36.9,33.3
000200076,"TINTA BELLA ACRIL INTERIOR 3,0L BRANCO",GAL,tinta_branca,2026-09-11T15:29:02Z,36.9,33.3
1701,TINTA BELLA BRANCO NEVE 15L,UN,tinta_branca,2026-09-15T17:12:37Z,49.9,49.9
1270,TINTA BRANCO NEVE FOSCO 15L DURATON,UN,tinta_branca,2026-09-11T11:47:27Z,99.0,95.64
1270,TINTA BRANCO NEVE FOSCO 15L DURATON,UN,tinta_branca,2026-09-14T11:31:38Z,299.99,299.99
1268,TINTA BRANCO NEVE FOSCO PINTALAR 15L IQUINE,UN,tinta_branca,2026-09-11T15:11:56Z,140.0,140.0
6928,TINTA BRANCO NEVE INTERNO BD 15L- TINTAS MIL,UN,tinta_branca,2026-09-10T19:07:43Z,95.0,95.0
7208,"TINTA BRANCO NEVE INTERNO GL 3,0L- MIL",UN,tinta_branca,2026-09-10T17:53:28Z,38.0,37.62
17303,TINTA CHEMIC U.G. BR FOS. 400ML BASTON,UN,tinta_branca,2026-09-11T16:27:53Z,19.0,18.3
0203090,TINTA CHEMIC U.G. BR FOS. 400ML BASTON,UN,tinta_branca,2026-09-12T13:02:37Z,24.79,24.38
898520,TINTA CHEMIC U.G. BR FOS. 400ML BASTON,SP,tinta_branca,2026-09-13T11:07:01Z,24.99,24.99
3419,TINTA COLOGIN SPRAY 350ML BRANCO,UN,tinta_branca,2026-09-15T13:40:50Z,23.0,23.0
3419,TINTA COLOGIN SPRAY 350ML BRANCO,UN,tinta_spray,2026-09-15T13:40:50Z,23.0,23.0
49600,"TINTA COLORIR 3,0L BR NEVE LUX",GL,tinta_branca,2026-09-09T19:40:13Z,54.99,54.99
3457,"TINTA CORAL 3,6L ACRILICA SEMI BRILHO BR",UN,tinta_acrilica,2026-09-10T13:17:48Z,109.9,103.83
3457,"TINTA CORAL 3,6L ACRILICA SEMI BRILHO BR",UN,tinta_acrilica_branca,2026-09-10T13:17:48Z,109.9,103.83
3457,"TINTA CORAL 3,6L ACRILICA SEMI BRILHO BR",UN,tinta_branca,2026-09-10T13:17:48Z,109.9,103.83
8774,TINTA CORAL 750ML BRANCO,L,tinta_branca,2026-09-15T14:31:52Z,42.9,42.9
4136,TINTA CORAL 900ML BASE DAGUA BRANCO,UN,tinta_branca,2026-09-11T17:36:31Z,49.9,47.0
8323,TINTA CORAL ACRILICA FC BD 15L RENDE MUITO BRANCO,BD,tinta_acrilica,2026-09-14T13:11:53Z,299.9,299.9
8323,TINTA CORAL ACRILICA FC BD 15L RENDE MUITO BRANCO,BD,tinta_acrilica_branca,2026-09-14T13:11:53Z,299.9,299.9
8323,TINTA CORAL ACRILICA FC BD 15L RENDE MUITO BRANCO,BD,tinta_branca,2026-09-14T13:11:53Z,299.9,299.9
139,TINTA DANLAR BRANCO NEVE 15L,UN,tinta_branca,2026-09-11T18:50:36Z,75.0,75.0
2578,TINTA DANLAR INTERNA BRANCO GELO 3L DANTEX,UN,tinta_branca,2026-09-10T20:11:02Z,29.99,28.0
2365,TINTA DANLAR INTERNA BRANCO NEVE 15L DANTEX,UN,tinta_branca,2026-09-14T16:10:44Z,95.55,81.38
2688,TINTA DIALINE TOPA TUDO ABASE DE AGUA BRANCO NEVE 750ML,UN,tinta_branca,2026-09-10T19:28:00Z,60.0,60.0
7892948043477,"TINTA DIEPOXI BR NEVE 3,6L BASE AGUA IQUINE",UN,tinta_branca,2026-09-09T22:23:08Z,349.9,349.9
9358,TINTA DIMENSIONAL METALICA  VERDE FOLHA,UN,tinta_metalica,2026-09-15T20:23:20Z,6.5,6.5
1461,TINTA DURAMAIS 15L BR GELO LUX,UN,tinta_branca,2026-09-15T20:13:58Z,109.99,105.59
51040,TINTA DURAMAIS 15L BR NEVE LUX,UN,tinta_branca,2026-09-14T21:58:26Z,99.99,99.99
51039,TINTA DURAMAIS 15L BR.NEVE LUX,UN,tinta_branca,2026-09-15T20:20:08Z,89.99,89.99
4357,"TINTA DURAMAIS 3,0L BR.NEVE LUX",GL,tinta_branca,2026-09-15T21:11:37Z,39.99,39.99
47550,TINTA DURAMAIS 3.0L BR.GELO LUX,GL,tinta_branca,2026-09-15T11:37:16Z,39.99,39.99
91917056,TINTA ECO F BR 3 6LLUXENS,UN,tinta_branca,2026-09-14T22:21:22Z,73.3,68.9
3276007449105,TINTA ECO INT FOS BRANCA 36L LUXENS          DE7330 POR6890,UN,tinta_branca,2026-09-15T13:05:33Z,73.3,68.9
7899698425942,TINTA ECO INT FOSC BR 15L KLASSE NPB         DE21256 POR19156,UN,tinta_branca,2026-09-15T11:36:06Z,106.28,95.78
7899698402882,TINTA ECO INT FOSC BR 36L KLASSE NPB,UN,tinta_branca,2026-09-12T20:13:21Z,50.96,50.96
12097,"TINTA ECOMAX LATEX 3,0 LT BRANCO TOTAL GL QTD. 24.00 GL",GL,tinta_branca,2026-09-14T10:24:44Z,30.0,26.57
1899,TINTA ECONOMICA BRANCO GELO ARACOR 18L,UN,tinta_branca,2026-09-14T20:40:02Z,85.0,85.0
9215,"TINTA ECONOMICA CSA - BL 15,0 LTS COR 000010-BRANCO LOT",BL,tinta_branca,2026-09-10T21:18:39Z,125.0,125.0
000236,"TINTA ESM 112,5ML BRANCO NEVE IQUINE",UN,tinta_branca,2026-09-12T13:09:36Z,14.0,14.0
40219,"TINTA ESM 112,5ML BRANCO NEVE IQUINE",UN,tinta_branca,2026-09-10T12:13:23Z,14.5,14.5
74754,"TINTA ESM 112,5ML BRANCO NEVE IQUINE",L,tinta_branca,2026-09-15T16:20:51Z,14.99,14.99
996794,"TINTA ESM AC 0,75L DIALINE SEC BR/NV IQU LT0001LT",L,tinta_branca,2026-09-15T21:50:05Z,53.99,53.99
81334,"TINTA ESM AC 3,6L CORALIT ZR BR CORAL GL0001GL",GL,tinta_branca,2026-09-14T20:35:11Z,169.99,156.39
997390,TINTA ESM AC 3L DIALINE B AG BR/GL IQUIN GL0001GL,GL,tinta_branca,2026-09-12T20:07:29Z,169.99,156.39
6431,"TINTA ESM BR 0,112L DELANIL VM IQUINE",L,tinta_branca,2026-09-14T11:16:03Z,10.0,10.0
76051,"TINTA ESM BR 0,112L DIALINE SEC AM IQUIN",L,tinta_branca,2026-09-13T14:03:17Z,14.99,14.99
76044,"TINTA ESM BR 0,112L DIALINE SEC VM IQUIN",L,tinta_branca,2026-09-13T14:03:17Z,14.99,14.99
61394,"TINTA ESM BR 0,225L CORALIT ULT MRCQ CO",L,tinta_branca,2026-09-09T17:49:47Z,24.99,24.99
293058,"TINTA ESM BR 0,75L CORALAR BR CORAL LT0001LT",L,tinta_branca,2026-09-12T14:58:57Z,38.99,38.99
293050,"TINTA ESM BR 0,75L CORALAR PT CORAL",L,tinta_branca,2026-09-15T19:28:37Z,38.99,38.99
002332,"TINTA ESM BR 0,75L DELANIL AM IQUINE",UN,tinta_branca,2026-09-10T15:01:42Z,39.0,39.0
979524,"TINTA ESM BR 0,75L DELANIL AM IQUINE LT0001LT",L,tinta_branca,2026-09-14T16:35:21Z,43.99,43.99
979458,"TINTA ESM BR 0,75L DELANIL BR/NV IQUINE LT0001LT",L,tinta_branca,2026-09-14T17:05:37Z,43.99,43.99
93,"TINTA ESM BR 0,75L DELANIL BRNV IQUINE",L,tinta_branca,2026-09-15T18:59:33Z,39.0,39.0
979499,"TINTA ESM BR 0,75L DELANIL MR/CQ IQUINE LT0001LT",L,tinta_branca,2026-09-15T14:18:26Z,43.99,43.99
001747,"TINTA ESM BR 0,75L DELANIL PT IQUINE",UN,tinta_branca,2026-09-09T17:55:07Z,41.9,41.9
979522,"TINTA ESM BR 0,75L DELANIL PT IQUINE",L,tinta_branca,2026-09-15T16:28:17Z,43.99,43.99
979502,"TINTA ESM BR 0,75L DELANIL VD/FOLH IQUIN LT0001LT",L,tinta_branca,2026-09-14T16:35:21Z,43.99,43.99
997395,"TINTA ESM BR 0,75L DIALINE B AG BR/GL IQ LT0001LT",L,tinta_branca,2026-09-14T21:20:48Z,58.99,58.99
997393,"TINTA ESM BR 0,75L DIALINE B AG BR/NV IQ LT0001LT",L,tinta_branca,2026-09-11T12:50:01Z,58.99,58.99
997398,"TINTA ESM BR 0,75L DIALINE B AG MF IQUIN LT0001LT",L,tinta_branca,2026-09-15T14:08:54Z,58.99,58.99
994394,"TINTA ESM BR 0,75L DIALINE SEC ALU IQUIN LT0001LT",L,tinta_branca,2026-09-15T17:29:16Z,64.99,64.99
982029,"TINTA ESM BR 0,75L DIALINE SEC BR/NV IQ LT0001LT",L,tinta_branca,2026-09-14T20:52:16Z,51.99,51.99
994392,"TINTA ESM BR 0,75L DIALINE SEC CZ/MD IQU LT0001LT",L,tinta_branca,2026-09-12T20:07:29Z,51.99,47.83
994415,"TINTA ESM BR 0,75L DIALINE SEC LJ IQUINE",L,tinta_branca,2026-09-14T20:53:09Z,51.99,51.99
994410,"TINTA ESM BR 0,75L DIALINE SEC MR/CQ IQU LT0001LT",L,tinta_branca,2026-09-15T16:26:18Z,51.99,51.99
994391,"TINTA ESM BR 0,75L DIALINE SEC PLAT IQUI LT0001LT",L,tinta_branca,2026-09-15T20:25:53Z,51.99,51.99
994422,"TINTA ESM BR 0,75L DIALINE SEC PT IQUINE",L,tinta_branca,2026-09-11T13:09:04Z,51.99,51.99
994416,"TINTA ESM BR 0,75L DIALINE SEC VM IQUINE",L,tinta_branca,2026-09-13T14:06:46Z,51.99,51.99
985877,"TINTA ESM BR 0,75L SEC RAP AM/TR CORAL LT0001LT",L,tinta_branca,2026-09-12T12:44:33Z,53.99,53.99
985801,"TINTA ESM BR 0,75L SEC RAP BR CORAL",L,tinta_branca,2026-09-15T16:42:39Z,53.99,53.99
985835,"TINTA ESM BR 0,75L SEC RAP MF CORAL LT0001LT",L,tinta_branca,2026-09-12T11:56:28Z,53.99,53.99
985806,"TINTA ESM BR 0,75L SEC RAP PT CORAL LT0001LT",L,tinta_branca,2026-09-12T12:44:33Z,53.99,53.99
985833,"TINTA ESM BR 0,75L SEC RAP VD/FOLH CORAL LT0001LT",L,tinta_branca,2026-09-13T14:54:32Z,53.99,27.0
985829,"TINTA ESM BR 0,75L SEC RAP VM/GO CORAL LT0001LT",L,tinta_branca,2026-09-10T13:11:23Z,53.99,27.0
24888,"TINTA ESM BR 0,9L CERAMICA CORAL LT0001LT",L,tinta_branca,2026-09-10T17:10:12Z,69.99,69.99
93218,"TINTA ESM BR 0,9L CORALI ZR TB CORAL LT0001LT",L,tinta_branca,2026-09-09T12:31:23Z,60.99,60.99
876638,"TINTA ESM BR 0,9L CORALIT ULT OU CORAL LT0001LT",L,tinta_branca,2026-09-10T12:19:19Z,117.99,117.99
79028,"TINTA ESM BR 0,9L CORALIT ZR BR CORAL LT0001LT",L,tinta_branca,2026-09-14T11:07:29Z,58.99,58.99
79029,"TINTA ESM BR 0,9L CORALIT ZR GL CORAL",L,tinta_branca,2026-09-12T22:07:49Z,58.99,58.99
014312,"TINTA ESM BR 0,9L CORALIT ZR PLAT CORAL",L,tinta_branca,2026-09-14T12:28:46Z,55.0,55.0
014053,"TINTA ESM BR 0,9L CORALIT ZR PT CORAL",L,tinta_branca,2026-09-09T19:19:13Z,55.0,55.0
968578,"TINTA ESM BR 0,9L DIALINE ANTIFER AZ/DR LT0001LT",L,tinta_branca,2026-09-13T16:29:59Z,74.99,37.49
968574,"TINTA ESM BR 0,9L DIALINE ANTIFER VM IQU",L,tinta_branca,2026-09-12T14:59:53Z,74.99,74.99
61335,"TINTA ESM BR 3,6L CORALIT ULT AZ/DR CORA GL0001GL",GL,tinta_branca,2026-09-09T22:36:23Z,199.99,199.99
61325,"TINTA ESM BR 3,6L CORALIT ULT BR CORAL",GL,tinta_branca,2026-09-10T17:26:24Z,159.99,159.99
61343,"TINTA ESM BR 3,6L CORALIT ULT MR CORAL GL0001GL",GL,tinta_branca,2026-09-14T18:11:32Z,199.99,199.99
61351,"TINTA ESM BR 3,6L CORALIT ULT MR/CQ CORA GL0001GL",GL,tinta_branca,2026-09-12T14:29:32Z,199.99,181.99
979536,TINTA ESM BR 3L DELANIL AREIA IQUINE GL0001GL,GL,tinta_branca,2026-09-09T15:14:41Z,100.0,100.0
979556,TINTA ESM BR 3L DELANIL AZ/FR IQUINE GL0001GL,GL,tinta_branca,2026-09-15T12:23:39Z,99.99,93.0
979527,TINTA ESM BR 3L DELANIL BR/NV IQUINE GL0001GL,GL,tinta_branca,2026-09-14T21:24:17Z,99.99,99.99
979535,TINTA ESM BR 3L DELANIL CZ/ES IQUINE GL0001GL,GL,tinta_branca,2026-09-12T14:04:22Z,100.0,100.0
979534,TINTA ESM BR 3L DELANIL CZ/MD IQUINE GL0001GL,GL,tinta_branca,2026-09-15T16:20:51Z,99.99,99.99
979537,TINTA ESM BR 3L DELANIL MF IQUINE GL0001GL,GL,tinta_branca,2026-09-15T22:32:18Z,100.0,100.0
979538,TINTA ESM BR 3L DELANIL MR/CQ IQUINE GL0001GL,GL,tinta_branca,2026-09-12T16:16:39Z,100.0,100.0
979542,TINTA ESM BR 3L DELANIL MR/TB IQUINE GL0001GL,GL,tinta_branca,2026-09-14T16:35:21Z,100.0,100.0
979558,TINTA ESM BR 3L DELANIL PT IQUINE GL0001GL,GL,tinta_branca,2026-09-14T20:59:18Z,100.0,100.0
979547,TINTA ESM BR 3L DELANIL VD/NL IQUINE GL0001GL,GL,tinta_branca,2026-09-13T19:41:04Z,100.0,100.0
997340,TINTA ESM BR 3L DIALINE B AG AZ/DR IQUIN GL0001GL,GL,tinta_branca,2026-09-13T14:34:21Z,159.99,150.39
997326,TINTA ESM BR 3L DIALINE B AG BR/GL IQUIN GL0001GL,GL,tinta_branca,2026-09-10T19:29:52Z,159.99,148.79
997319,TINTA ESM BR 3L DIALINE B AG BR/NV IQUIN GL0001GL,GL,tinta_branca,2026-09-15T20:07:59Z,159.99,150.01
997328,TINTA ESM BR 3L DIALINE B AG CZ/MD IQUIN GL0001GL,GL,tinta_branca,2026-09-13T11:37:42Z,159.99,159.99
997332,TINTA ESM BR 3L DIALINE B AG MR/TB IQUIN GL0001GL,GL,tinta_branca,2026-09-15T15:26:13Z,159.99,159.99
997341,TINTA ESM BR 3L DIALINE B AG PT IQUINE GL0001GL,GL,tinta_branca,2026-09-10T20:47:08Z,159.99,159.99
997337,TINTA ESM BR 3L DIALINE B AG VM IQUINE GL0001GL,GL,tinta_branca,2026-09-15T20:07:59Z,159.99,150.01
994480,TINTA ESM BR 3L DIALINE SEC AM/CAR IQUIN GL0001GL,GL,tinta_branca,2026-09-14T14:17:01Z,153.99,153.99
982027,TINTA ESM BR 3L DIALINE SEC BR/NV IQUINE GL0001GL,GL,tinta_branca,2026-09-11T19:35:41Z,153.99,153.99
994441,TINTA ESM BR 3L DIALINE SEC CZ/MD IQUINE GL0001GL,GL,tinta_branca,2026-09-11T16:18:02Z,153.99,153.99
996768,TINTA ESM BR 3L DIALINE SEC GF/ESC IQUIN LT0001LT,L,tinta_branca,2026-09-15T12:33:19Z,153.99,153.99
994473,TINTA ESM BR 3L DIALINE SEC LJ IQUINE GL0001GL,GL,tinta_branca,2026-09-14T16:59:11Z,153.99,153.99
994454,TINTA ESM BR 3L DIALINE SEC MF IQUINE,GL,tinta_branca,2026-09-10T14:56:43Z,153.99,153.99
994463,TINTA ESM BR 3L DIALINE SEC MR/TB IQUINE GL0001GL,GL,tinta_branca,2026-09-13T13:58:10Z,153.99,138.59
996764,TINTA ESM BR 3L DIALINE SEC OU/ANT IQUIN LT0001LT,L,tinta_branca,2026-09-09T15:09:19Z,169.99,169.99
994433,TINTA ESM BR 3L DIALINE SEC PLAT IQUINE GL0001GL,GL,tinta_branca,2026-09-15T14:39:41Z,153.99,153.99
994479,TINTA ESM BR 3L DIALINE SEC PT IQUINE,GL,tinta_branca,2026-09-11T21:50:15Z,153.99,153.99
994472,TINTA ESM BR 3L DIALINE SEC VD/NL IQUINE GL0001GL,GL,tinta_branca,2026-09-13T13:27:17Z,153.99,153.99
994474,TINTA ESM BR 3L DIALINE SEC VM IQUINE GL0001GL,GL,tinta_branca,2026-09-15T17:59:19Z,153.99,153.99
985830,TINTA ESM BR 3L SEC RAP AM CORAL GL0001GL,GL,tinta_branca,2026-09-12T13:17:23Z,157.16,152.01
985800,TINTA ESM BR 3L SEC RAP BR CORAL,GL,tinta_branca,2026-09-15T21:25:05Z,148.99,148.99
985805,TINTA ESM BR 3L SEC RAP PT CORAL GL0001GL,GL,tinta_branca,2026-09-09T11:27:15Z,168.99,168.99
1108,"TINTA ESM BR RAP LT0,225L DELANIL BR NEV",UN,tinta_branca,2026-09-10T16:52:12Z,16.35,16.35
1572,"TINTA ESM BR RAP LT0,9L DELANIL PRETO",UN,tinta_branca,2026-09-10T13:35:18Z,36.0,36.0
2347,TINTA ESM EXT BR NEVE 100G LUX,UN,tinta_branca,2026-09-15T20:48:24Z,10.0,9.66
996767,TINTA ESM FC 3L DIALINE SEC BR/NV IQUINE LT0001LT,L,tinta_branca,2026-09-11T19:38:40Z,148.79,135.4
110,TINTA ESM FREVOLIT 1/4 750ML BRANCO NEVE UN QTD. 4.00 UN,UN,tinta_branca,2026-09-11T21:06:11Z,30.0,30.0
07891260059999,"TINTA ESM S RAP 0,9L BRANCO BASF",UN,tinta_branca,2026-09-14T12:07:05Z,44.0,39.6
5796,TINTA ESM SINT 750ML - MEGAO - BRANCO,UN,tinta_branca,2026-09-09T12:34:09Z,35.0,35.0
8964,TINTA ESM SINT B/AGUA AQUAMAX 750ML BR HIDROT,UN,tinta_branca,2026-09-11T15:11:05Z,50.0,50.0
4892,"TINTA ESM SINT BRIH SEC RAP 3,6L BR - GLASU",GALAO,tinta_branca,2026-09-11T20:53:12Z,134.56,114.2
2403,"TINTA ESM ST EXTRALUX 0,1125L BR NEVE",UN,tinta_branca,2026-09-15T18:47:32Z,10.5,10.5
471,TINTA ESM. STAR 1\32 BRANCO 0639 - STARLUX,UN,tinta_branca,2026-09-11T13:29:07Z,10.5,10.5
471,TINTA ESM. STAR 1\32 BRANCO 0639 - STARLUX,UN,tinta_branca,2026-09-14T20:17:16Z,120.0,120.0
11038,TINTA ESMAL BRILHO BRANCO 225ML,PC,tinta_branca,2026-09-11T08:51:42Z,15.0,13.89
0000000008226,TINTA ESMALTE ABASE DAGUA 750ML BRANCO AQUAMAX HIDROTINTAS,UN,tinta_branca,2026-09-14T20:19:18Z,45.0,43.45
7892948024919,"TINTA ESMALTE BRANCO 112,5ML DELANIL IQUINE",Lata,tinta_branca,2026-09-15T14:25:53Z,14.5,14.5
7892948051243,"TINTA ESMALTE BRANCO IQUINE DELANIL 0,75L",UN,tinta_branca,2026-09-12T16:27:03Z,41.85,41.36
11032,TINTA ESMALTE BRI PREMIUM BRANCO 900ML,PC,tinta_branca,2026-09-11T14:02:06Z,45.0,40.0
12467,"TINTA ESMT LUXLAR BR NEVE 0,75 L LUX KG",KG,tinta_branca,2026-09-10T15:59:37Z,37.5641,35.32
13676,TINTA ESMT SINT DIALINE BR GELO AL BR GL 1,L,tinta_branca,2026-09-14T13:42:19Z,149.37,149.37
000104374,"TINTA EXT/ACR FC BR/NEVE RENDE MUITO 3,6LTS CORAL",UN,tinta_acrilica,2026-09-10T15:58:54Z,115.0,107.72
000104374,"TINTA EXT/ACR FC BR/NEVE RENDE MUITO 3,6LTS CORAL",UN,tinta_acrilica_branca,2026-09-10T15:58:54Z,115.0,107.72
000104374,"TINTA EXT/ACR FC BR/NEVE RENDE MUITO 3,6LTS CORAL",UN,tinta_branca,2026-09-10T15:58:54Z,115.0,107.72
12454,TINTA FACIAL METALICA AZUL 15ML - ROSTINHO PINTADO,UN,tinta_metalica,2026-09-11T20:38:05Z,8.9,3.73
7891260331811,TINTA FOS 18L BR NEVE RENDE E COBRE MUITO SUVINIL,L,tinta_branca,2026-09-14T12:34:07Z,329.9,329.9
7891260331811,TINTA FOS 18L BR NEVE RENDE E COBRE MUITO SUVINIL,L,tinta_branca,2026-09-10T21:32:30Z,391.9,391.9
7891260331811,TINTA FOS 18L BR NEVE RENDE E COBRE MUITO SUVINIL,L,tinta_branca,2026-09-10T16:07:57Z,391.9,391.9
7892948011650,"TINTA FOSC BR NEVE 3,6L PINTALAR  IQUINE",GL,tinta_branca,2026-09-12T20:18:36Z,61.9,59.04
7892948011650,"TINTA FOSC BR NEVE 3,6L PINTALAR  IQUINE",GL,tinta_branca,2026-09-15T15:54:47Z,61.9,61.9
7891153025612,TINTA FOSCA P ARTESANATO 37ML ACRILEX,UN,tinta_acrilica,2026-09-09T13:35:38Z,5.25,5.25
7891019139729,TINTA GESSO 18L BR DIRETO NO GESSO CORAL,L,tinta_branca,2026-09-10T16:07:57Z,419.9,419.9
7891019139729,TINTA GESSO 18L BR DIRETO NO GESSO CORAL,UN,tinta_branca,2026-09-12T23:23:07Z,452.02,452.02
09619,TINTA GESSO ECONOMICA HGESSO BRANCO FOSCO 15L HIDRACOR,LA,tinta_branca,2026-09-11T13:10:32Z,139.2,139.12
09619,TINTA GESSO ECONOMICA HGESSO BRANCO FOSCO 15L HIDRACOR,LA,tinta_branca,2026-09-14T20:18:06Z,139.2,139.2
00747,"TINTA GESSO ECONOMICA HGESSO BRANCO FOSCO 3,6L HIDRACOR",GL,tinta_branca,2026-09-12T13:58:07Z,43.5,43.5
00747,"TINTA GESSO ECONOMICA HGESSO BRANCO FOSCO 3,6L HIDRACOR",GL,tinta_branca,2026-09-15T20:07:19Z,54.0,48.6
00747,"TINTA GESSO ECONOMICA HGESSO BRANCO FOSCO 3,6L HIDRACOR",GL,tinta_branca,2026-09-10T15:03:25Z,48.6,48.6
00747,"TINTA GESSO ECONOMICA HGESSO BRANCO FOSCO 3,6L HIDRACOR",GL,tinta_branca,2026-09-09T17:36:51Z,48.6,48.6
01963,TINTA GESSO ECONOMICA RENOVA GESSO E DRYWALL BRANCO FOSCO 18L CORAL,LA,tinta_branca,2026-09-12T12:54:44Z,379.8,379.8
01964,"TINTA GESSO ECONOMICA RENOVA GESSO E DRYWALL BRANCO FOSCO 3,6L CORAL",GL,tinta_branca,2026-09-15T11:52:45Z,100.8,100.8
56332,"TINTA GESSO ECONOMICA RENOVA GESSO E DRYWALL BRANCO FOSCO 3,6L CORAL",GL,tinta_branca,2026-09-09T13:55:27Z,125.3,112.77
01964,"TINTA GESSO ECONOMICA RENOVA GESSO E DRYWALL BRANCO FOSCO 3,6L CORAL",GL,tinta_branca,2026-09-11T17:06:31Z,113.4,113.4
01964,"TINTA GESSO ECONOMICA RENOVA GESSO E DRYWALL BRANCO FOSCO 3,6L CORAL",GL,tinta_branca,2026-09-14T11:13:55Z,113.4,113.4
01311,"TINTA GESSO ECONOMICA RENOVA GESSO E DRYWALL BRANCO FOSCO 3,6L CORAL",GL,tinta_branca,2026-09-10T13:59:58Z,126.66,125.82
01311,"TINTA GESSO ECONOMICA RENOVA GESSO E DRYWALL BRANCO FOSCO 3,6L CORAL",GL,tinta_branca,2026-09-11T12:59:30Z,126.66,126.66
39335,"TINTA GESSO ECONOMICA RENOVA GESSO E DRYWALL BRANCO FOSCO 3,6L CORAL",GL,tinta_branca,2026-09-12T12:40:00Z,133.99,133.99
3234,"TINTA GESSO ECONOMICA RENOVA GESSO E DRYWALL BRANCO FOSCO 3,6L CORAL",GL,tinta_branca,2026-09-15T16:57:55Z,135.0,135.0
11519,TINTA IMPERMEA PREMIUM FUSEPROTEC PAREDE BRANCO FOSCO 14L/19KG VIAPOL,LA,tinta_branca,2026-09-12T15:41:16Z,265.0,233.22
11519,TINTA IMPERMEA PREMIUM FUSEPROTEC PAREDE BRANCO FOSCO 14L/19KG VIAPOL,LA,tinta_branca,2026-09-15T11:56:05Z,238.5,238.5
11266,TINTA IMPERMEA PREMIUM MACTRA VEDBEM PAREDE BRANCO FOSCO 18KG CORAL,LA,tinta_branca,2026-09-11T11:19:04Z,265.5,265.5
11266,TINTA IMPERMEA PREMIUM MACTRA VEDBEM PAREDE BRANCO FOSCO 18KG CORAL,LA,tinta_branca,2026-09-12T14:09:56Z,265.5,265.5
11267,"TINTA IMPERMEA PREMIUM MACTRA VEDBEM PAREDE BRANCO FOSCO 3,6KG CORAL",GL,tinta_branca,2026-09-12T12:58:23Z,87.0,73.85
11222,TINTA IMPERMEA PREMIUM PINTURA EMBORR BRANCO FOSCO 16L ( 20KG ) HYDRONORTH,LA,tinta_branca,2026-09-10T19:21:31Z,465.0,418.0
11222,TINTA IMPERMEA PREMIUM PINTURA EMBORR BRANCO FOSCO 16L ( 20KG ) HYDRONORTH,LA,tinta_branca,2026-09-14T13:43:00Z,418.5,418.5
05536,"TINTA IMPERMEA PREMIUM PROTECAO SOL CHUVA BRANCO FOSCO 3,6L CORAL",GL,tinta_branca,2026-09-14T20:09:38Z,194.4,194.4
02006,TINTA IMPERMEA PREMIUM VEDAPREN PAREDE BRANCO FOSCO 18KG VEDACIT,LA,tinta_branca,2026-09-15T12:34:46Z,349.002,349.0
02006,TINTA IMPERMEA PREMIUM VEDAPREN PAREDE BRANCO FOSCO 18KG VEDACIT,LA,tinta_branca,2026-09-12T11:15:09Z,349.002,349.0
02005,"TINTA IMPERMEA PREMIUM VEDAPREN PAREDE BRANCO FOSCO 3,6KG VEDACIT",GL,tinta_branca,2026-09-15T20:40:19Z,98.1,96.46
02005,"TINTA IMPERMEA PREMIUM VEDAPREN PAREDE BRANCO FOSCO 3,6KG VEDACIT",GL,tinta_branca,2026-09-11T19:23:43Z,109.0,98.0
02005,"TINTA IMPERMEA PREMIUM VEDAPREN PAREDE BRANCO FOSCO 3,6KG VEDACIT",GL,tinta_branca,2026-09-11T12:07:11Z,98.1,98.1
41105,"TINTA INT BR GELO 4,5KG LATEX LUCRILAR",GL,tinta_branca,2026-09-09T18:25:47Z,39.6,39.6
40976,TINTA INT BR NEVE 18L LATEX LUCRILAR,BD,tinta_branca,2026-09-15T13:58:21Z,121.0,121.0
41506,"TINTA INT BR NEVE 4,5KG LATEX LUCRILAR",GL,tinta_branca,2026-09-15T18:14:45Z,39.62,39.62
32091010,TINTA INT BRANCO GELO IBRATIN,UN,tinta_branca,2026-09-14T15:34:12Z,110.0,110.0
005600,TINTA INT ECON 15L BRANCO NEVE ARACOR,UN,tinta_branca,2026-09-10T14:46:58Z,105.99,85.0
2174,TINTA INT ECONOMICA 15L BRANCO NEVE ARACOR 45,UN,tinta_branca,2026-09-12T15:24:16Z,88.0,79.0
008690,TINTA INT ECONOMICA 3L BRANCO NEVE - ARACOR,UN,tinta_branca,2026-09-11T20:08:02Z,35.0,29.0
002881,TINTA INT. ECONOMICA 15L BRANCO GELO,UN,tinta_branca,2026-09-10T20:29:09Z,115.0,115.0
2675,TINTA INT. ECONOMICA 15L BRANCO GELO ARACOR 46,BL,tinta_branca,2026-09-10T20:08:04Z,79.5,79.5
002880,TINTA INT. ECONOMICA 15L BRANCO NEVE,UN,tinta_branca,2026-09-15T19:01:07Z,105.0,105.0
2550,TINTA INT. ECONOMICA 15L BRANCO NEVE ARACOR 45,BL,tinta_branca,2026-09-09T12:47:19Z,79.0,71.64
5462,TINTA INT. ECONOMICA 15L BRANCO NEVE ARACOR 45,Peca,tinta_branca,2026-09-10T17:22:22Z,98.0,98.0
3019,"TINTA INT. ECONOMICA 3,6L BRANCO GELO ARACOR 61",GL,tinta_branca,2026-09-11T14:46:55Z,24.0,24.0
3019,"TINTA INT. ECONOMICA 3,6L BRANCO GELO ARACOR 61",UN,tinta_branca,2026-09-15T18:47:06Z,38.99,38.99
1818,"TINTA INT. ECONOMICA 3,6L BRANCO NEVE ARACOR 60",GL,tinta_branca,2026-09-12T14:51:16Z,24.0,24.0
55593,TINTA INT.NACOR ECON.15L BR IBRATIN,BD,tinta_branca,2026-09-14T13:26:59Z,119.99,119.99
000106157,TINTA INT/ACR FC BR/GELO TINTAX 15LTS MIRACOR BALD,UN,tinta_acrilica,2026-09-15T20:44:05Z,106.0,106.0
000106157,TINTA INT/ACR FC BR/GELO TINTAX 15LTS MIRACOR BALD,UN,tinta_acrilica_branca,2026-09-15T20:44:05Z,106.0,106.0
000106157,TINTA INT/ACR FC BR/GELO TINTAX 15LTS MIRACOR BALD,UN,tinta_branca,2026-09-15T20:44:05Z,106.0,106.0
000106152,TINTA INT/ACR FC BR/NEVE TINTAX 3LTS MIRACOR GALAO,UN,tinta_acrilica,2026-09-14T14:13:17Z,33.0,33.0
000106152,TINTA INT/ACR FC BR/NEVE TINTAX 3LTS MIRACOR GALAO,UN,tinta_acrilica_branca,2026-09-14T14:13:17Z,33.0,33.0
000106152,TINTA INT/ACR FC BR/NEVE TINTAX 3LTS MIRACOR GALAO,UN,tinta_branca,2026-09-14T14:13:17Z,33.0,33.0
13009,TINTA INTERNA ARACOR 15L BRANCO NEVE,UN,tinta_branca,2026-09-14T10:49:50Z,75.0,75.0
8971,TINTA INTERNA BR GELO 18KG,BD,tinta_branca,2026-09-11T11:40:49Z,98.0,98.0
006140,TINTA INTERNA BRANCO GELO-15L - TINTAX,UN,tinta_branca,2026-09-11T18:22:41Z,110.0,100.0
011254,TINTA INTERNA BRANCO NEVE 3L TINTAX,UN,tinta_branca,2026-09-12T21:09:52Z,35.0,35.0
426,TINTA INTERNA BRANCO NEVE BALDE,BD,tinta_branca,2026-09-14T17:38:11Z,100.0,100.0
346,TINTA LATEX 18KG BR GELO LUCRILAR,BD,tinta_branca,2026-09-10T18:16:54Z,109.99,70.0
2852,TINTA LATEX ARACOR BRANCO NEVE15L OK,UN,tinta_branca,2026-09-10T17:24:18Z,97.9,93.0
114,TINTA LATEX BR 18KG LUCRILAR,BD,tinta_branca,2026-09-12T12:42:19Z,109.99,79.99
0001525,TINTA LATEX DEMAIS BD 15L BRANCO HIDROTINTAS,BD,tinta_branca,2026-09-11T20:19:14Z,100.0,100.0
4946,TINTA LATEX DURAMAIS 15L BR NEVE - LUX,BALDE,tinta_branca,2026-09-14T11:09:45Z,136.0,129.18
3014,TINTA LATEX DURAMAIS BRANCO GELO 15L LUX OK,UN,tinta_branca,2026-09-11T13:21:51Z,126.9,126.9
4072,TINTA LATEX DURAMAIS BRANCO GELO 3L LUX D OK,UN,tinta_branca,2026-09-11T13:07:18Z,27.9,27.9
3637,TINTA LATEX HIDROTINTAS 15L BR NEVE INT.,UN,tinta_branca,2026-09-09T15:39:24Z,109.9,109.9
2865,TINTA LATEX INT 3L (BR NEVE) - HIDROT,UN,tinta_branca,2026-09-15T19:55:02Z,42.9,42.9
9787,TINTA LATEX INT DEMAIS 15L BR GELO HIDRO,BD,tinta_branca,2026-09-15T15:37:27Z,115.0,115.0
7818,TINTA LATEX INT DEMAIS 3L BR NEVE HIDROT,GL,tinta_branca,2026-09-10T16:57:19Z,32.0,32.0
79,TINTA LATEX INT DEMAIS 3L BR NEVE HIDROT,UN,tinta_branca,2026-09-12T18:44:06Z,35.0,35.0
4769,TINTA LATEX INT DEMAIS 3L BR NEVE HIDROT,UN,tinta_branca,2026-09-10T21:21:37Z,38.0,38.0
4071,TINTA LATEX INT DEMAIS 3L BR NEVE HIDROT,GL,tinta_branca,2026-09-11T16:15:53Z,47.0,47.0
8972,TINTA LATEX INTERNA BR 18 KG,BD,tinta_branca,2026-09-11T14:57:31Z,98.0,98.0
4731,TINTA LATEX LUX L.PRO INTERIOR BD15L BR NEVE,UN,tinta_branca,2026-09-15T20:37:57Z,113.0,110.0
6498,TINTA LATEX PINTALAR BR NEVE 15L IQUINE,UN,tinta_branca,2026-09-11T18:27:31Z,139.0,139.0
3565,TINTA LATEX SEMI-BRILHO BR NEVE 3L LUX,UN,tinta_branca,2026-09-09T20:25:59Z,91.0,91.0
002385,TINTA LTX 15L BRANCO NEVE ARACOR,UN,tinta_branca,2026-09-11T19:25:50Z,85.0,85.0
001848,"TINTA LTX 3,6L BRANCO GLASU",UN,tinta_branca,2026-09-11T16:27:08Z,44.0,40.0
002523,"TINTA LTX 3,6L BRANCO NEVE ARACOR",UN,tinta_branca,2026-09-11T19:21:31Z,30.0,30.0
2694,TINTA LTX DURA + 15L BR NEVE - LUX,BD,tinta_branca,2026-09-11T13:57:22Z,100.0,100.0
2115,TINTA LTX DURA + INT BR NEVE 3L LUX,UN,tinta_branca,2026-09-15T17:08:01Z,35.0,35.0
2016,TINTA LTX PINTALAR ACRIL BCO GELO 15L,BD,tinta_acrilica,2026-09-11T21:20:48Z,110.0,110.0
2595,TINTA LTX SEMI-BRILHO BR NEVE 15LT LUX,UN,tinta_branca,2026-09-11T15:19:47Z,380.0,380.0
3670,TINTA LTX SEMI-BRILHO BR NEVE 3L C/4 LUX,PT,tinta_branca,2026-09-11T11:25:04Z,95.0,95.0
9593,TINTA LUCRILAR BRANCO NEVE 15L /,UN,tinta_branca,2026-09-09T16:11:16Z,85.0,82.0
7004,TINTA LUX DURA + INT BRANCO NEVE 15L,UN,tinta_branca,2026-09-11T19:40:53Z,99.9,94.37
9912,"TINTA MIRACOR INT 3,0L BRANCO",GL,tinta_branca,2026-09-14T19:55:53Z,31.9,30.09
2267,TINTA MIRALAR ACR ECON INT BR 15L MIRACOR,BD,tinta_acrilica,2026-09-09T14:33:24Z,110.0,110.0
2267,TINTA MIRALAR ACR ECON INT BR 15L MIRACOR,BD,tinta_acrilica_branca,2026-09-09T14:33:24Z,110.0,110.0
2267,TINTA MIRALAR ACR ECON INT BR 15L MIRACOR,BD,tinta_branca,2026-09-09T14:33:24Z,110.0,110.0
56472,TINTA NACOR ECON 15L BR CRB IBRATIN,UN,tinta_branca,2026-09-12T20:00:20Z,109.99,109.99
56473,TINTA NACOR ECON 15L BR CSA IBRATIN 7897 - 95143194 1,UN,tinta_branca,2026-09-15T20:15:17Z,89.99,89.99
52421,TINTA NACOR ECON 15L BR GELO IBRATIN,BD,tinta_branca,2026-09-15T16:46:52Z,119.99,114.99
55471,TINTA NORDESTIN 350ML BR BRILHANTE - 41.49,UN,tinta_branca,2026-09-13T14:08:39Z,18.59,18.59
0074468050822,TINTA NORDESTIN 350ML BR BRILHANTE PETKOV REF 002.001.001.004,UN,tinta_branca,2026-09-10T18:10:04Z,17.95,17.95
0074468050822,TINTA NORDESTIN 350ML BR BRILHANTE PETKOV REF 002.001.001.004,UN,tinta_branca,2026-09-15T17:41:18Z,17.95,17.95
55826,TINTA NORDESTIN 350ML BR FOSCO,UN,tinta_branca,2026-09-10T18:56:09Z,25.49,25.49
55504,TINTA NORDESTIN 350ML BR FOSCO - 41.49,UN,tinta_branca,2026-09-15T16:03:58Z,18.59,18.59
55853,TINTA NORDESTIN 350ML METALICA CROM - 41.49,UN,tinta_metalica,2026-09-11T17:56:17Z,25.49,25.49
55853,TINTA NORDESTIN 350ML METALICA CROM - 41.49,UN,tinta_metalica,2026-09-15T13:19:11Z,25.49,25.49
55858,TINTA NORDESTIN 350ML METALICA DR - 41.49,UN,tinta_metalica,2026-09-10T16:36:28Z,25.49,25.49
4114,TINTA NORDESTIN 350ML/250G U.G.BRANCO BRILHANTE,UN,tinta_branca,2026-09-11T19:04:31Z,21.7,21.7
4115,TINTA NORDESTIN 350ML/250G U.G.BRANCO FOSCO,UN,tinta_branca,2026-09-11T16:47:38Z,17.99,17.99
48199,TINTA NORDESTIN METIC PRATA 350ML,UN,tinta_metalica,2026-09-11T12:33:42Z,23.51,21.27
7896011705514,TINTA OLEO METALICA,UN,tinta_metalica,2026-09-10T15:43:12Z,16.9,16.9
5442,"TINTA P PISO 3,6L BRANCO IBRATIN 10",UN,tinta_branca,2026-09-14T17:33:13Z,99.99,99.99
7891605108009,TINTA P REJUNTE ZAPT BRANCO 200ML,UN,tinta_branca,2026-09-15T20:08:32Z,62.9,62.9
14265,TINTA PAINTCOLOR 400ML METALICA PRATA NOVA,UN,tinta_metalica,2026-09-11T18:30:37Z,18.0,18.0
2813,TINTA PINTALAR VINIL ACR.15L BR.NEVE,UN,tinta_acrilica,2026-09-12T14:46:34Z,115.0,115.0
2813,TINTA PINTALAR VINIL ACR.15L BR.NEVE,UN,tinta_acrilica_branca,2026-09-12T14:46:34Z,115.0,115.0
2813,TINTA PINTALAR VINIL ACR.15L BR.NEVE,UN,tinta_branca,2026-09-12T14:46:34Z,115.0,115.0
92450673,TINTA PISO ANT BRANCA 4KG,UN,tinta_branca,2026-09-12T20:51:52Z,106.28,99.9
05982,TINTA PISO BRANCO 18L MIRAPISO MIRACOR,BD,tinta_branca,2026-09-15T12:11:51Z,239.9,239.9
1657,TINTA PISO BRANCO 18LT FUTURA,UN,tinta_branca,2026-09-11T15:07:48Z,295.0,295.0
7619,"TINTA PISO BRANCO 3,6L MIRAPISO MIRACOR",GL,tinta_branca,2026-09-11T21:04:01Z,65.0,65.0
8634,TINTA PISO MIL 15L BRANCO,UN,tinta_branca,2026-09-13T13:01:08Z,198.0,198.0
7891019145331,TINTA PISO PREM FOS 18L BR NEVE PINTA PISO CORAL,L,tinta_branca,2026-09-15T22:30:42Z,423.9,355.9
7891019145331,TINTA PISO PREM FOS 18L BR NEVE PINTA PISO CORAL,L,tinta_branca,2026-09-09T20:32:29Z,423.9,423.9
7891019145324,"TINTA PISO PREM FOS 3,6L BR NEVE PINTA PISO CORAL",GL,tinta_branca,2026-09-15T19:42:57Z,105.9,105.9
7891260539644,"TINTA PISO PREM FOS 3,6L BR NEVE PISOS SUVINIL",UN,tinta_branca,2026-09-14T19:51:14Z,113.9,113.9
7891260539644,"TINTA PISO PREM FOS 3,6L BR NEVE PISOS SUVINIL",UN,tinta_branca,2026-09-12T17:47:40Z,113.9,113.9
09571,TINTA PISO PREMIUM HPISO BRANCO 15L HIDRACOR,LA,tinta_branca,2026-09-10T15:08:46Z,185.0,185.0
09571,TINTA PISO PREMIUM HPISO BRANCO 15L HIDRACOR,LA,tinta_branca,2026-09-10T18:36:25Z,252.0,226.975
06882,"TINTA PISO PREMIUM HPISO BRANCO 3,6L HIDRACOR",GL,tinta_branca,2026-09-15T12:48:13Z,68.4,68.4
01507,TINTA PISO PREMIUM SUVINIL PISO BRANCO 18L SUVINIL,LA,tinta_branca,2026-09-14T12:36:46Z,388.8,388.8
01507,TINTA PISO PREMIUM SUVINIL PISO BRANCO 18L SUVINIL,LA,tinta_branca,2026-09-15T14:39:20Z,388.8,388.8
10425,"TINTA PISO PREMIUM SUVINIL PISO BRANCO 3,6L PLASTICO SUVINIL",GL,tinta_branca,2026-09-15T16:55:46Z,93.6,93.6
329,TINTA POP BRANCO NEVE 5 LT,UN,tinta_branca,2026-09-09T12:32:58Z,40.0,40.0
3276007450118,TINTA PRE EXT FOS BRANCA 18L LUXENS          DE115936 POR108982,UN,tinta_branca,2026-09-09T16:57:49Z,579.68,544.91
3276007449891,TINTA PRE INT ACET BR 36L LUXENS             DE21266 POR17678,UN,tinta_branca,2026-09-09T11:15:43Z,212.66,176.78
7891019993932,TINTA PREM MASTER INT FOS BR 36LCORAL,UN,tinta_branca,2026-09-13T23:08:27Z,180.74,180.74
49,TINTA PVA BRANCO GELO 15L- LUX,UN,tinta_branca,2026-09-10T15:06:09Z,117.0,117.0
75,TINTA PVA BRANCO GELO 3L - LUX,UN,tinta_branca,2026-09-09T19:42:13Z,38.5,38.5
12071,TINTA PVA DURAMAIS LUX GL BR NEVE 3L GL,GL,tinta_branca,2026-09-15T16:54:22Z,41.5,41.5
9284,TINTA PVA DURAMAIS LUX LT BR GELO 15L BD,L,tinta_branca,2026-09-11T18:50:32Z,110.83,110.83
9286,TINTA PVA DURAMAIS LUX LT BR NEVE 15L BD,BD,tinta_branca,2026-09-15T19:19:34Z,117.9022,109.27
9286,TINTA PVA DURAMAIS LUX LT BR NEVE 15L BD,BD,tinta_branca,2026-09-15T11:13:07Z,110.83,110.83
9286,TINTA PVA DURAMAIS LUX LT BR NEVE 15L BD,BD,tinta_branca,2026-09-14T20:07:15Z,110.83,110.83
6562,"TINTA RENDE PLUS STANDARD 3,6L BRANCO IB",UN,tinta_branca,2026-09-10T12:27:16Z,74.99,74.99
5338,TINTA REVESTIMENTO LATEX INT BR LUCRILAR 18 KG,BD,tinta_branca,2026-09-15T19:43:55Z,90.0,90.0
27949,TINTA SEMI BRILHO 15L BRANCO NEVE LUX,UN,tinta_branca,2026-09-12T20:56:10Z,314.99,298.67
52142,"TINTA SEMI BRILHO 3,0L BR GELO LUX",UN,tinta_branca,2026-09-10T14:20:56Z,84.99,84.99
52146,"TINTA SEMI BRILHO 3,0L BR NEVE LUX",UN,tinta_branca,2026-09-14T17:49:29Z,84.99,84.99
0029000033,TINTA SOLV BRANCO DUPLA FUN KG,UN,tinta_branca,2026-09-10T14:28:41Z,68.1332,68.135
5057,TINTA SPR ALTA T 350ML/250G PRETO FOSCO CX/6 QTD. 1.00 CX,CX,tinta_spray,2026-09-11T16:46:11Z,170.0,170.0
113,TINTA SPR GER PRETO FOSCO 350ML CX/6 QTD. 1.00 CX,CX,tinta_spray,2026-09-15T20:40:21Z,22.0,22.0
113,TINTA SPR GER PRETO FOSCO 350ML CX/6 QTD. 1.00 CX,BD,tinta_spray,2026-09-15T20:14:06Z,130.0,130.0
132,TINTA SPR GERAL 350ML/250G BCO BRILHANTE CX/6 QTD. 5.00 CX,UN,tinta_spray,2026-09-12T14:00:00Z,20.0,20.0
132,TINTA SPR GERAL 350ML/250G BCO BRILHANTE CX/6 QTD. 5.00 CX,L,tinta_spray,2026-09-10T19:46:49Z,42.0,42.0
876,TINTA SPRAY,UN,tinta_spray,2026-09-14T19:41:46Z,25.0,25.0
876,TINTA SPRAY,UN,tinta_spray,2026-09-10T18:48:43Z,28.6,28.41
0074468050808,TINTA SPRAY 350G PRETO NORDESTIN,UN,tinta_spray,2026-09-15T19:05:42Z,18.9,17.01
0074468050808,TINTA SPRAY 350G PRETO NORDESTIN,UN,tinta_spray,2026-09-09T15:56:30Z,17.95,17.95
2279,TINTA SPRAY 350ML (PRETO BRIL) - TEKBOND,KG,tinta_spray,2026-09-15T19:54:22Z,23.9,23.9
1354,TINTA SPRAY 350ML (PRETO SEMI BRILHO) - N,UN,tinta_spray,2026-09-09T18:06:36Z,21.9,21.9
57867,TINTA SPRAY 350ML ALTA TEMPERATURA BR FO,UN,tinta_branca,2026-09-12T15:40:16Z,23.0,20.7
57867,TINTA SPRAY 350ML ALTA TEMPERATURA BR FO,UN,tinta_spray,2026-09-12T15:40:16Z,23.0,20.7
57862,TINTA SPRAY 350ML ALTA TEMPERATURA PR BR,UN,tinta_branca,2026-09-11T17:57:38Z,23.0,23.0
57862,TINTA SPRAY 350ML ALTA TEMPERATURA PR BR,UN,tinta_spray,2026-09-11T17:57:38Z,23.0,23.0
57856,TINTA SPRAY 350ML BR BRILHANTE NORDESTIN,UN,tinta_branca,2026-09-10T12:52:44Z,14.5,14.5
57856,TINTA SPRAY 350ML BR BRILHANTE NORDESTIN,UN,tinta_spray,2026-09-10T12:52:44Z,14.5,14.5
0074468050846,TINTA SPRAY 350ML BR FOSCO NORDESTIN,UN,tinta_branca,2026-09-14T19:22:05Z,18.9,17.01
0074468050846,TINTA SPRAY 350ML BR FOSCO NORDESTIN,UN,tinta_branca,2026-09-14T14:06:40Z,17.95,17.95
0074468050846,TINTA SPRAY 350ML BR FOSCO NORDESTIN,UN,tinta_branca,2026-09-15T20:15:51Z,17.95,17.95
0074468050846,TINTA SPRAY 350ML BR FOSCO NORDESTIN,UN,tinta_spray,2026-09-14T19:22:05Z,18.9,17.01
0074468050846,TINTA SPRAY 350ML BR FOSCO NORDESTIN,UN,tinta_spray,2026-09-14T14:06:40Z,17.95,17.95
0074468050846,TINTA SPRAY 350ML BR FOSCO NORDESTIN,UN,tinta_spray,2026-09-15T20:15:51Z,17.95,17.95
57865,TINTA SPRAY 350ML BR FOSCO NORDESTIN SPR,UN,tinta_branca,2026-09-10T15:40:01Z,14.5,14.5
57865,TINTA SPRAY 350ML BR FOSCO NORDESTIN SPR,UN,tinta_spray,2026-09-10T15:40:01Z,14.5,14.5
791,TINTA SPRAY 350ML BR FOSCO U.G - NORDESTIN,UN,tinta_branca,2026-09-15T13:46:49Z,18.0,18.0
791,TINTA SPRAY 350ML BR FOSCO U.G - NORDESTIN,UN,tinta_spray,2026-09-15T13:46:49Z,18.0,18.0
794,TINTA SPRAY 350ML BRANCO BRILHANTE,UN,tinta_branca,2026-09-15T19:47:59Z,17.0,17.0
794,TINTA SPRAY 350ML BRANCO BRILHANTE,UN,tinta_spray,2026-09-15T19:47:59Z,17.0,17.0
734,TINTA SPRAY 350ML BRANCO BRILHO - NORDESTIN,UN,tinta_branca,2026-09-15T14:01:45Z,18.0,18.0
734,TINTA SPRAY 350ML BRANCO BRILHO - NORDESTIN,UN,tinta_spray,2026-09-15T14:01:45Z,18.0,18.0
10852,TINTA SPRAY 350ML BRANCO USO G. - TEK BOND,UN,tinta_branca,2026-09-13T12:46:08Z,16.9,16.1
10852,TINTA SPRAY 350ML BRANCO USO G. - TEK BOND,UN,tinta_spray,2026-09-13T12:46:08Z,16.9,16.1
0074468050952,TINTA SPRAY 350ML CINZA ESCURO NORDESTIN,UN,tinta_spray,2026-09-09T20:18:45Z,18.9,17.01
57847,TINTA SPRAY 350ML CZ CLARO NORDESTIN SPR,UN,tinta_spray,2026-09-09T15:01:14Z,14.5,14.5
57850,TINTA SPRAY 350ML DOURADO NORDESTIN SPRA,UN,tinta_metalica,2026-09-10T19:30:44Z,14.5,13.78
57850,TINTA SPRAY 350ML DOURADO NORDESTIN SPRA,UN,tinta_spray,2026-09-10T19:30:44Z,14.5,13.78
2318,TINTA SPRAY 350ML MET CROMADA NORDESTIN,UN,tinta_metalica,2026-09-15T19:40:13Z,31.9,31.9
2318,TINTA SPRAY 350ML MET CROMADA NORDESTIN,UN,tinta_spray,2026-09-15T19:40:13Z,31.9,31.9
3295,TINTA SPRAY 350ML MET DOURADA CHEMICOLOR,UN,tinta_metalica,2026-09-14T17:29:21Z,27.0,27.0
3295,TINTA SPRAY 350ML MET DOURADA CHEMICOLOR,UN,tinta_spray,2026-09-14T17:29:21Z,27.0,27.0
57848,TINTA SPRAY 350ML PR BRILHANTE NORDESTIN,UN,tinta_spray,2026-09-09T15:01:14Z,14.5,14.5
57861,TINTA SPRAY 350ML PR FOSCO NORDESTIN SPR,UN,tinta_spray,2026-09-10T15:40:01Z,14.5,14.5
7898543382348,TINTA SPRAY 350ML PRETO FOSCO ALTA TEMP. TEK BOND,UN,tinta_spray,2026-09-15T11:56:12Z,32.9,29.61
7898543382348,TINTA SPRAY 350ML PRETO FOSCO ALTA TEMP. TEK BOND,UN,tinta_spray,2026-09-15T20:01:50Z,31.0,31.0
0074468050815,TINTA SPRAY 350ML PRETO FOSCO NORDESTIN,UN,tinta_spray,2026-09-14T14:02:59Z,18.9,17.01
0074468050815,TINTA SPRAY 350ML PRETO FOSCO NORDESTIN,UN,tinta_spray,2026-09-11T18:41:25Z,17.95,17.95
0074468050815,TINTA SPRAY 350ML PRETO FOSCO NORDESTIN,UN,tinta_spray,2026-09-14T19:03:26Z,17.95,17.95
2304,TINTA SPRAY 350ML PT BRILH NORDESTIN,UN,tinta_spray,2026-09-12T11:06:55Z,21.0,18.72
733,TINTA SPRAY 350ML PT BRILH U.G - NORDESTIN,UN,tinta_spray,2026-09-15T11:36:25Z,18.0,17.0
6211,TINTA SPRAY 350ML PT BRILH U.G - NORDESTIN,UN,tinta_spray,2026-09-12T16:01:47Z,20.0,20.0
683,TINTA SPRAY 350ML PT FOSCO A.T - NORDESTIN,UN,tinta_spray,2026-09-09T12:43:32Z,25.0,25.0
0000237,TINTA SPRAY 350ML PT FOSCO ALT - CHEMICOLOR,UN,tinta_spray,2026-09-12T16:27:57Z,28.0,28.0
8874,TINTA SPRAY 350ML PT FOSCO U.G - NORDESTIN,UN,tinta_spray,2026-09-09T18:44:49Z,23.0,21.0
013085,TINTA SPRAY 350ML TEKBOND,UN,tinta_spray,2026-09-12T11:22:46Z,22.0,3.2
2306,TINTA SPRAY 350ML VERMELHO NORDESTIN,UN,tinta_spray,2026-09-12T12:27:15Z,20.0,20.0
0000000003044,TINTA SPRAY 350ML VERMELHO TEKBOND,UN,tinta_spray,2026-09-14T20:23:44Z,25.3,22.0
1096,TINTA SPRAY 400ML AZ ESCURO U. - CHEMICOLOR,UN,tinta_spray,2026-09-14T16:46:36Z,22.0,22.0
4326,TINTA SPRAY 400ML CINZA CLARO - CHEMICOLOR,UN,tinta_spray,2026-09-14T20:04:39Z,16.9,16.9
6077,TINTA SPRAY 400ML CINZA ESCURO - CHEMICOLOR,UN,tinta_spray,2026-09-13T12:46:08Z,16.9,16.1
32,TINTA SPRAY 400ML CROMADO/ CHEMICOLOR,UN,tinta_metalica,2026-09-12T15:58:03Z,21.0,21.0
392931-1,TINTA SPRAY 400ML CROMADO/ CHEMICOLOR,PC,tinta_metalica,2026-09-13T16:28:38Z,24.99,24.99
002839,TINTA SPRAY 400ML CROMADO/ CHEMICOLOR,UN,tinta_metalica,2026-09-14T13:13:23Z,25.0,25.0
000258,TINTA SPRAY 400ML CROMADO/ CHEMICOLOR,UN,tinta_metalica,2026-09-10T18:22:29Z,26.0,26.0
5852,TINTA SPRAY 400ML CROMADO/ CHEMICOLOR,UN,tinta_metalica,2026-09-11T22:07:49Z,29.0,29.0
32,TINTA SPRAY 400ML CROMADO/ CHEMICOLOR,UN,tinta_spray,2026-09-12T15:58:03Z,21.0,21.0
392931-1,TINTA SPRAY 400ML CROMADO/ CHEMICOLOR,PC,tinta_spray,2026-09-13T16:28:38Z,24.99,24.99
002839,TINTA SPRAY 400ML CROMADO/ CHEMICOLOR,UN,tinta_spray,2026-09-14T13:13:23Z,25.0,25.0
000258,TINTA SPRAY 400ML CROMADO/ CHEMICOLOR,UN,tinta_spray,2026-09-10T18:22:29Z,26.0,26.0
5852,TINTA SPRAY 400ML CROMADO/ CHEMICOLOR,UN,tinta_spray,2026-09-11T22:07:49Z,29.0,29.0
7850,TINTA SPRAY 400ML DOURADO - CHEMICOLOR,PT,tinta_metalica,2026-09-11T12:07:01Z,18.9,18.9
7850,TINTA SPRAY 400ML DOURADO - CHEMICOLOR,PT,tinta_spray,2026-09-11T12:07:01Z,18.9,18.9
35,TINTA SPRAY 400ML LUMINOSA PINK CHEMICOLOR,UN,tinta_spray,2026-09-11T13:51:29Z,27.0,27.0
0000000003993,TINTA SPRAY 400ML LUMINOSA ROSA CHOQUE COLOR JET RENNER,UN,tinta_spray,2026-09-14T18:29:22Z,22.0,22.0
5312,TINTA SPRAY 400ML METALICA COBRE - CHEMICOLOR,UN,tinta_metalica,2026-09-15T11:58:40Z,21.9,21.9
5312,TINTA SPRAY 400ML METALICA COBRE - CHEMICOLOR,UN,tinta_spray,2026-09-15T11:58:40Z,21.9,21.9
999921526,TINTA SPRAY 400ML MUNDIAL PRIME UG PRETO BRIL.3197,UN,tinta_spray,2026-09-09T14:40:20Z,22.0,20.0
3267,TINTA SPRAY 400ML PRETO - CHEMICOLOR,UN,tinta_spray,2026-09-15T17:20:24Z,16.9,15.71
8,TINTA SPRAY 400ML PRETO BRIL - CHEMICOLOR,UN,tinta_spray,2026-09-11T12:54:25Z,20.0,20.0
1040,TINTA SPRAY 400ML PRETO FOSCO - CHEMICOLOR,UN,tinta_spray,2026-09-14T11:32:35Z,16.9,16.9
1040,TINTA SPRAY 400ML PRETO FOSCO - CHEMICOLOR,UN,tinta_spray,2026-09-15T18:07:30Z,135.0,135.0
580,TINTA SPRAY 400ML U.G PT BRILH CHEMICOLOR,UN,tinta_spray,2026-09-14T17:26:06Z,20.0,20.0
33,TINTA SPRAY 400ML USO GERAL VERDE CLARO CHEMICOLOR,UN,tinta_spray,2026-09-12T15:59:41Z,16.0,16.0
33,TINTA SPRAY 400ML USO GERAL VERDE CLARO CHEMICOLOR,UN,tinta_spray,2026-09-11T18:20:32Z,20.0,20.0
7898436141595,TINTA SPRAY 400ML USO GERAL VERDE CLARO CHEMICOLOR,UN,tinta_spray,2026-09-09T23:53:45Z,22.9,22.9
10501,TINTA SPRAY 500ML BRANCO BRILHANTE USO G - CHEMICOLOR,UN,tinta_branca,2026-09-14T14:17:41Z,16.9,16.0
10501,TINTA SPRAY 500ML BRANCO BRILHANTE USO G - CHEMICOLOR,UN,tinta_spray,2026-09-14T14:17:41Z,16.9,16.0
303426,TINTA SPRAY A TEMP 400ML PT/FC PAINTCOLO,UN,tinta_spray,2026-09-11T14:41:20Z,18.98,18.98
313647,TINTA SPRAY ALT TEMP 400ML PT/FC IQUINE SP0001SP,SP,tinta_spray,2026-09-15T21:37:55Z,22.99,22.99
011184,TINTA SPRAY ALTA TEMP 250ML PRETO CHEMICOLOR,UN,tinta_spray,2026-09-12T21:17:35Z,18.0,18.0
14,TINTA SPRAY ALTA TEMP 350ML ALUM CHEMICO,UN,tinta_metalica,2026-09-14T14:10:44Z,24.0,24.0
14,TINTA SPRAY ALTA TEMP 350ML ALUM CHEMICO,UN,tinta_spray,2026-09-14T14:10:44Z,24.0,24.0
1348,TINTA SPRAY ALTA TEMP 350ML PT FOSC TEK,UN,tinta_spray,2026-09-12T19:58:10Z,22.0,22.0
336,TINTA SPRAY ALTA TEMP PT FOS 350ML CHEMI,UN,tinta_spray,2026-09-12T14:17:51Z,20.0,20.0
234,TINTA SPRAY ALTA TEMP. 350ML ALUMINIO - CHEMICOLOR,UN,tinta_metalica,2026-09-15T13:43:41Z,23.9,22.81
234,TINTA SPRAY ALTA TEMP. 350ML ALUMINIO - CHEMICOLOR,UN,tinta_metalica,2026-09-15T20:46:02Z,36.0,30.52
234,TINTA SPRAY ALTA TEMP. 350ML ALUMINIO - CHEMICOLOR,MR,tinta_metalica,2026-09-14T21:06:37Z,53.0,45.06
234,TINTA SPRAY ALTA TEMP. 350ML ALUMINIO - CHEMICOLOR,UN,tinta_metalica,2026-09-15T20:39:44Z,106.0,90.0
234,TINTA SPRAY ALTA TEMP. 350ML ALUMINIO - CHEMICOLOR,UN,tinta_spray,2026-09-15T13:43:41Z,23.9,22.81
234,TINTA SPRAY ALTA TEMP. 350ML ALUMINIO - CHEMICOLOR,UN,tinta_spray,2026-09-15T20:46:02Z,36.0,30.52
234,TINTA SPRAY ALTA TEMP. 350ML ALUMINIO - CHEMICOLOR,MR,tinta_spray,2026-09-14T21:06:37Z,53.0,45.06
234,TINTA SPRAY ALTA TEMP. 350ML ALUMINIO - CHEMICOLOR,UN,tinta_spray,2026-09-15T20:39:44Z,106.0,90.0
233,TINTA SPRAY ALTA TEMP. 350ML P. FOSCO - CHEMICOLOR,UN,tinta_spray,2026-09-14T19:40:52Z,23.9,22.0
23346,TINTA SPRAY ALTA TEMP.BR FOSCO 400ML IQU,UN,tinta_branca,2026-09-10T13:32:24Z,19.99,19.99
23346,TINTA SPRAY ALTA TEMP.BR FOSCO 400ML IQU,UN,tinta_spray,2026-09-10T13:32:24Z,19.99,19.99
80539,TINTA SPRAY ALTA TEMPERATURA NORDESTIN 350ML,UN,tinta_spray,2026-09-15T15:20:35Z,24.95,24.95
2416,TINTA SPRAY ALUM ALT. TEMP. NORDESTIN,UN,tinta_metalica,2026-09-15T19:40:13Z,31.5,31.5
2416,TINTA SPRAY ALUM ALT. TEMP. NORDESTIN,UN,tinta_spray,2026-09-15T19:40:13Z,31.5,31.5
1732,TINTA SPRAY ALUMINIO USO GERAL 350ML/250G TEKBOND,UN,tinta_metalica,2026-09-15T14:28:05Z,18.6,18.6
1732,TINTA SPRAY ALUMINIO USO GERAL 350ML/250G TEKBOND,UN,tinta_spray,2026-09-15T14:28:05Z,18.6,18.6
7891494009142,TINTA SPRAY AM LIMAO 400ML ARTE URBANA COLORGIN,UN,tinta_spray,2026-09-12T01:04:31Z,43.9,43.9
000103459,TINTA SPRAY AMARELO 400ML LUX,UN,tinta_spray,2026-09-10T16:04:31Z,22.0,21.24
823637,TINTA SPRAY AUTOM 300ML COLORJET CROMADO,SP,tinta_metalica,2026-09-09T16:26:48Z,24.0,22.09
823637,TINTA SPRAY AUTOM 300ML COLORJET CROMADO,SP,tinta_spray,2026-09-09T16:26:48Z,24.0,22.09
7891323104659,TINTA SPRAY AZ COLONIAL 400ML USO GERAL COLORGIN,UN,tinta_spray,2026-09-15T00:02:56Z,33.9,33.9
227910,TINTA SPRAY BCO FOSCO USO GERAL 250ML CHEMICOLOR,UN,tinta_spray,2026-09-12T13:18:38Z,13.15,13.15
7891323110902,TINTA SPRAY BR 300ML ALTA TEMPERATURA COLORGIN,UN,tinta_branca,2026-09-09T23:16:42Z,31.9,31.9
7891323110902,TINTA SPRAY BR 300ML ALTA TEMPERATURA COLORGIN,UN,tinta_spray,2026-09-09T23:16:42Z,31.9,31.9
7891494008527,TINTA SPRAY BR 350ML EPOXY COLORGIN,UN,tinta_branca,2026-09-12T15:20:34Z,61.9,61.9
7891494008527,TINTA SPRAY BR 350ML EPOXY COLORGIN,UN,tinta_spray,2026-09-12T15:20:34Z,61.9,61.9
2615,TINTA SPRAY BR 350ML U.GERAL - TEKBOND,UN,tinta_branca,2026-09-15T15:59:22Z,19.0,19.0
2615,TINTA SPRAY BR 350ML U.GERAL - TEKBOND,UN,tinta_spray,2026-09-15T15:59:22Z,19.0,19.0
7891323104697,TINTA SPRAY BR ACABAMENTO 400ML USO GERAL COLORGIN,UN,tinta_branca,2026-09-13T15:06:19Z,35.9,34.32
7891323104697,TINTA SPRAY BR ACABAMENTO 400ML USO GERAL COLORGIN,UN,tinta_spray,2026-09-13T15:06:19Z,35.9,34.32
7891323104505,TINTA SPRAY BR BRASTEMP 400ML USO GERAL GE COLORGI,UN,tinta_branca,2026-09-11T23:25:25Z,29.9,29.9
7891323104505,TINTA SPRAY BR BRASTEMP 400ML USO GERAL GE COLORGI,UN,tinta_branca,2026-09-12T15:43:37Z,29.9,29.9
7891323104505,TINTA SPRAY BR BRASTEMP 400ML USO GERAL GE COLORGI,UN,tinta_branca,2026-09-13T16:16:38Z,29.9,29.9
7891323104505,TINTA SPRAY BR BRASTEMP 400ML USO GERAL GE COLORGI,UN,tinta_spray,2026-09-11T23:25:25Z,29.9,29.9
7891323104505,TINTA SPRAY BR BRASTEMP 400ML USO GERAL GE COLORGI,UN,tinta_spray,2026-09-12T15:43:37Z,29.9,29.9
7891323104505,TINTA SPRAY BR BRASTEMP 400ML USO GERAL GE COLORGI,UN,tinta_spray,2026-09-13T16:16:38Z,29.9,29.9
53260,TINTA SPRAY BR BRILHANTE 340ML ORBI QUIM,UN,tinta_branca,2026-09-15T18:30:26Z,19.99,19.99
53260,TINTA SPRAY BR BRILHANTE 340ML ORBI QUIM,UN,tinta_spray,2026-09-15T18:30:26Z,19.99,19.99
7898543380931,TINTA SPRAY BRANCO BRILHANTE 350ML TEKBOND,UN,tinta_branca,2026-09-15T17:22:29Z,19.9,17.91
7898543380931,TINTA SPRAY BRANCO BRILHANTE 350ML TEKBOND,UN,tinta_branca,2026-09-10T19:51:46Z,18.99,18.99
7898543380931,TINTA SPRAY BRANCO BRILHANTE 350ML TEKBOND,UN,tinta_branca,2026-09-09T13:08:40Z,21.0,19.88
7898543380931,TINTA SPRAY BRANCO BRILHANTE 350ML TEKBOND,UN,tinta_spray,2026-09-15T17:22:29Z,19.9,17.91
7898543380931,TINTA SPRAY BRANCO BRILHANTE 350ML TEKBOND,UN,tinta_spray,2026-09-10T19:51:46Z,18.99,18.99
7898543380931,TINTA SPRAY BRANCO BRILHANTE 350ML TEKBOND,UN,tinta_spray,2026-09-09T13:08:40Z,21.0,19.88
2325,TINTA SPRAY BRANCO BRILHO 350ML COLORE/TEK,UN,tinta_branca,2026-09-15T13:33:44Z,17.0,17.0
D220483,TINTA SPRAY BRANCO BRILHO 350ML COLORE/TEK,PC,tinta_branca,2026-09-15T16:40:42Z,17.87,17.87
006300,TINTA SPRAY BRANCO BRILHO 350ML COLORE/TEK,UN,tinta_branca,2026-09-12T12:03:02Z,18.0,18.0
32311,TINTA SPRAY BRANCO BRILHO 350ML COLORE/TEK,UN,tinta_branca,2026-09-15T14:27:30Z,19.9,19.9
32311,TINTA SPRAY BRANCO BRILHO 350ML COLORE/TEK,UN,tinta_branca,2026-09-09T20:32:04Z,19.9,19.9
32311,TINTA SPRAY BRANCO BRILHO 350ML COLORE/TEK,UN,tinta_branca,2026-09-15T16:27:52Z,19.9,19.9
32311,TINTA SPRAY BRANCO BRILHO 350ML COLORE/TEK,UN,tinta_branca,2026-09-12T20:12:47Z,19.9,19.9
2892,TINTA SPRAY BRANCO BRILHO 350ML COLORE/TEK,UN,tinta_branca,2026-09-09T14:18:05Z,21.24,21.24
727,TINTA SPRAY BRANCO BRILHO 350ML COLORE/TEK,UN,tinta_branca,2026-09-09T21:48:17Z,22.0,22.0
1246,TINTA SPRAY BRANCO BRILHO 350ML COLORE/TEK,UN,tinta_branca,2026-09-12T20:44:49Z,22.0,22.0
18878,TINTA SPRAY BRANCO BRILHO 350ML COLORE/TEK,UN,tinta_branca,2026-09-11T16:22:52Z,24.5,24.5
27713,TINTA SPRAY BRANCO BRILHO 350ML COLORE/TEK,UN,tinta_branca,2026-09-15T16:15:08Z,24.99,24.99
3639576,TINTA SPRAY BRANCO BRILHO 350ML COLORE/TEK,UN,tinta_branca,2026-09-12T16:34:00Z,39.9,39.9
2325,TINTA SPRAY BRANCO BRILHO 350ML COLORE/TEK,UN,tinta_spray,2026-09-15T13:33:44Z,17.0,17.0
D220483,TINTA SPRAY BRANCO BRILHO 350ML COLORE/TEK,PC,tinta_spray,2026-09-15T16:40:42Z,17.87,17.87
006300,TINTA SPRAY BRANCO BRILHO 350ML COLORE/TEK,UN,tinta_spray,2026-09-12T12:03:02Z,18.0,18.0
32311,TINTA SPRAY BRANCO BRILHO 350ML COLORE/TEK,UN,tinta_spray,2026-09-15T14:27:30Z,19.9,19.9
32311,TINTA SPRAY BRANCO BRILHO 350ML COLORE/TEK,UN,tinta_spray,2026-09-09T20:32:04Z,19.9,19.9
32311,TINTA SPRAY BRANCO BRILHO 350ML COLORE/TEK,UN,tinta_spray,2026-09-15T16:27:52Z,19.9,19.9
32311,TINTA SPRAY BRANCO BRILHO 350ML COLORE/TEK,UN,tinta_spray,2026-09-12T20:12:47Z,19.9,19.9
2892,TINTA SPRAY BRANCO BRILHO 350ML COLORE/TEK,UN,tinta_spray,2026-09-09T14:18:05Z,21.24,21.24
727,TINTA SPRAY BRANCO BRILHO 350ML COLORE/TEK,UN,tinta_spray,2026-09-09T21:48:17Z,22.0,22.0
1246,TINTA SPRAY BRANCO BRILHO 350ML COLORE/TEK,UN,tinta_spray,2026-09-12T20:44:49Z,22.0,22.0
18878,TINTA SPRAY BRANCO BRILHO 350ML COLORE/TEK,UN,tinta_spray,2026-09-11T16:22:52Z,24.5,24.5
27713,TINTA SPRAY BRANCO BRILHO 350ML COLORE/TEK,UN,tinta_spray,2026-09-15T16:15:08Z,24.99,24.99
3639576,TINTA SPRAY BRANCO BRILHO 350ML COLORE/TEK,UN,tinta_spray,2026-09-12T16:34:00Z,39.9,39.9
000100515,TINTA SPRAY BRANCO FOSCO ALTA T. 400ML LUX,UN,tinta_branca,2026-09-09T18:03:22Z,26.5,26.5
000100515,TINTA SPRAY BRANCO FOSCO ALTA T. 400ML LUX,UN,tinta_spray,2026-09-09T18:03:22Z,26.5,26.5
25207,TINTA SPRAY BRILHANTE ALUMINIO P/RODAS - 250G,PC,tinta_metalica,2026-09-09T13:30:43Z,17.15,17.15
25207,TINTA SPRAY BRILHANTE ALUMINIO P/RODAS - 250G,PC,tinta_spray,2026-09-09T13:30:43Z,17.15,17.15
7891494070029,TINTA SPRAY BRONZE 1002 350ML ALUMEN COLORGIN,UN,tinta_metalica,2026-09-12T15:18:28Z,49.9,49.9
7891494070029,TINTA SPRAY BRONZE 1002 350ML ALUMEN COLORGIN,UN,tinta_spray,2026-09-12T15:18:28Z,49.9,49.9
1636,TINTA SPRAY CHEMICOLOR BRANCO BRILHANTE,UN,tinta_branca,2026-09-10T15:25:18Z,22.0,22.0
1636,TINTA SPRAY CHEMICOLOR BRANCO BRILHANTE,UN,tinta_spray,2026-09-10T15:25:18Z,22.0,22.0
3114,TINTA SPRAY CHEMICOLOR PTO BRILH USO GERAL 400ML - REF 0680092,CX6,tinta_spray,2026-09-10T17:21:19Z,17.0,17.0
005008,TINTA SPRAY CHEMICOLOR VIOLETA CLARO 400ML- USO GERAL,UN,tinta_spray,2026-09-15T21:39:39Z,18.0,18.0
7898915993448,TINTA SPRAY COLORE 400ML,UN,tinta_spray,2026-09-09T15:37:49Z,21.69,21.69
7266,TINTA SPRAY CROM METALICO 350M - TEKBOND,UN,tinta_metalica,2026-09-15T21:21:29Z,32.0,32.0
7266,TINTA SPRAY CROM METALICO 350M - TEKBOND,UN,tinta_spray,2026-09-15T21:21:29Z,32.0,32.0
7891494000514,TINTA SPRAY CROMADO 350ML INT METALLIK COLORGIN,UN,tinta_metalica,2026-09-12T19:23:31Z,61.9,61.9
7891494000514,TINTA SPRAY CROMADO 350ML INT METALLIK COLORGIN,UN,tinta_spray,2026-09-12T19:23:31Z,61.9,61.9
7891323104703,TINTA SPRAY CZ PLACA 400ML USO GERAL COLORGIN,UN,tinta_spray,2026-09-09T16:11:13Z,35.9,35.9
1744,TINTA SPRAY DOURADO METALICO 350ML/250G TEKBOND,UN,tinta_metalica,2026-09-15T11:08:14Z,29.39,27.93
1744,TINTA SPRAY DOURADO METALICO 350ML/250G TEKBOND,UN,tinta_spray,2026-09-15T11:08:14Z,29.39,27.93
313639,TINTA SPRAY ESM 400ML MET DO IQUINE SP0001SP,SP,tinta_metalica,2026-09-11T13:36:42Z,22.99,22.99
313639,TINTA SPRAY ESM 400ML MET DO IQUINE SP0001SP,SP,tinta_spray,2026-09-11T13:36:42Z,22.99,22.99
313641,TINTA SPRAY ESM 400ML MET PR IQUINE SP0001SP,SP,tinta_metalica,2026-09-15T19:16:35Z,22.99,22.99
313641,TINTA SPRAY ESM 400ML MET PR IQUINE SP0001SP,SP,tinta_spray,2026-09-15T19:16:35Z,22.99,22.99
7465,TINTA SPRAY ESM. ORBI ALUMINIO 340ML 6695,UN,tinta_metalica,2026-09-11T17:15:09Z,29.95,26.76
7465,TINTA SPRAY ESM. ORBI ALUMINIO 340ML 6695,UN,tinta_spray,2026-09-11T17:15:09Z,29.95,26.76
002832,TINTA SPRAY FUNDO PREP. LUMINOSO BRANCO 400ML CHEMICOLOR,UN,tinta_branca,2026-09-11T20:39:25Z,25.0,25.0
002832,TINTA SPRAY FUNDO PREP. LUMINOSO BRANCO 400ML CHEMICOLOR,UN,tinta_spray,2026-09-11T20:39:25Z,25.0,25.0
7898436140680,TINTA SPRAY FUNDO PREP.CZ 400ML CHEMICOLOR,UN,tinta_spray,2026-09-12T17:58:16Z,31.9,31.9
7898436140680,TINTA SPRAY FUNDO PREP.CZ 400ML CHEMICOLOR,UN,tinta_spray,2026-09-11T15:25:27Z,31.9,31.9
7898436140680,TINTA SPRAY FUNDO PREP.CZ 400ML CHEMICOLOR,UN,tinta_spray,2026-09-12T16:12:27Z,31.9,31.9
7891323104444,TINTA SPRAY GRAF METAL RODAS 400ML USO GERAL COLOR,UN,tinta_metalica,2026-09-14T16:42:51Z,35.9,35.9
7891323104444,TINTA SPRAY GRAF METAL RODAS 400ML USO GERAL COLOR,UN,tinta_spray,2026-09-14T16:42:51Z,35.9,35.9
2894,TINTA SPRAY KALA PRETO,UN,tinta_spray,2026-09-15T17:41:30Z,20.0,17.52
3338,TINTA SPRAY KALA PT.FOSCO,UN,tinta_spray,2026-09-15T17:04:44Z,20.0,20.0
10771,TINTA SPRAY LUM 400ML VD CHEMICOLOR,SP,tinta_spray,2026-09-12T16:12:55Z,24.0,24.0
002831,TINTA SPRAY LUMINOSA 400ML MAGENTA CHEMICOLOR,UN,tinta_spray,2026-09-10T16:28:45Z,28.0,28.0
7898436142196,TINTA SPRAY LUMINOSA 400ML MAGENTA CHEMICOLOR,UN,tinta_spray,2026-09-12T23:14:31Z,39.9,39.9
7898436141700,TINTA SPRAY LUMINOSA AM 400ML CHEMICOLOR,UN,tinta_spray,2026-09-12T01:04:31Z,39.9,39.9
7898436141724,TINTA SPRAY LUMINOSA PINK 400ML CHEMIXOLOR,UN,tinta_spray,2026-09-15T13:49:48Z,39.9,39.9
5498,TINTA SPRAY MET 350ML PR TEK BOND,UN,tinta_metalica,2026-09-11T21:24:54Z,29.0,29.0
5498,TINTA SPRAY MET 350ML PR TEK BOND,UN,tinta_spray,2026-09-11T21:24:54Z,29.0,29.0
6208,TINTA SPRAY MET 350ML PT TEK BOND,UN,tinta_metalica,2026-09-10T17:01:56Z,27.0,27.0
6208,TINTA SPRAY MET 350ML PT TEK BOND,UN,tinta_spray,2026-09-10T17:01:56Z,27.0,27.0
761,TINTA SPRAY MET 400ML CHEMICOLOR,UN,tinta_metalica,2026-09-14T19:46:37Z,29.0,29.0
898504,TINTA SPRAY MET 400ML CHEMICOLOR,SP,tinta_metalica,2026-09-10T12:04:20Z,33.99,33.99
761,TINTA SPRAY MET 400ML CHEMICOLOR,UN,tinta_spray,2026-09-14T19:46:37Z,29.0,29.0
898504,TINTA SPRAY MET 400ML CHEMICOLOR,SP,tinta_spray,2026-09-10T12:04:20Z,33.99,33.99
12619,TINTA SPRAY MET 400ML CR PAINTCOLOR,PC,tinta_metalica,2026-09-11T18:30:37Z,18.0,18.0
12619,TINTA SPRAY MET 400ML CR PAINTCOLOR,PC,tinta_spray,2026-09-11T18:30:37Z,18.0,18.0
898503,TINTA SPRAY MET 400ML DO CHEMICOLOR,SP,tinta_metalica,2026-09-13T16:18:36Z,33.99,33.99
7898436146118,TINTA SPRAY MET 400ML DO CHEMICOLOR,UN,tinta_metalica,2026-09-10T19:33:40Z,37.9,37.9
898503,TINTA SPRAY MET 400ML DO CHEMICOLOR,SP,tinta_spray,2026-09-13T16:18:36Z,33.99,33.99
7898436146118,TINTA SPRAY MET 400ML DO CHEMICOLOR,UN,tinta_spray,2026-09-10T19:33:40Z,37.9,37.9
11956,TINTA SPRAY MET 400ML OU CHEMICOLOR,SP,tinta_metalica,2026-09-12T20:03:40Z,22.0,22.0
905135,TINTA SPRAY MET 400ML OU CHEMICOLOR,SP,tinta_metalica,2026-09-09T20:23:32Z,32.99,32.99
11956,TINTA SPRAY MET 400ML OU CHEMICOLOR,SP,tinta_spray,2026-09-12T20:03:40Z,22.0,22.0
905135,TINTA SPRAY MET 400ML OU CHEMICOLOR,SP,tinta_spray,2026-09-09T20:23:32Z,32.99,32.99
11572,TINTA SPRAY MET 400ML PR - CHEMICOLOR,UN,tinta_metalica,2026-09-14T13:42:09Z,33.5,22.0
11572,TINTA SPRAY MET 400ML PR - CHEMICOLOR,UN,tinta_spray,2026-09-14T13:42:09Z,33.5,22.0
14337,TINTA SPRAY MET 400ML PR CHEMICOLOR,UN,tinta_metalica,2026-09-09T13:30:34Z,21.0,21.0
20670,TINTA SPRAY MET 400ML PR CHEMICOLOR,UN,tinta_metalica,2026-09-15T19:13:12Z,23.49,21.16
824264,TINTA SPRAY MET 400ML PR CHEMICOLOR,SP,tinta_metalica,2026-09-09T16:26:48Z,23.0,21.17
10373,TINTA SPRAY MET 400ML PR CHEMICOLOR,UN,tinta_metalica,2026-09-11T13:04:32Z,22.4,22.4
10373,TINTA SPRAY MET 400ML PR CHEMICOLOR,UN,tinta_metalica,2026-09-15T13:15:29Z,22.4,22.4
10373,TINTA SPRAY MET 400ML PR CHEMICOLOR,UN,tinta_metalica,2026-09-14T21:06:06Z,23.8,23.8
10373,TINTA SPRAY MET 400ML PR CHEMICOLOR,UN,tinta_metalica,2026-09-10T20:09:02Z,28.0,25.0
002838,TINTA SPRAY MET 400ML PR CHEMICOLOR,UN,tinta_metalica,2026-09-10T13:31:02Z,25.0,25.0
10373,TINTA SPRAY MET 400ML PR CHEMICOLOR,UN,tinta_metalica,2026-09-11T20:17:23Z,28.0,25.6
2131,TINTA SPRAY MET 400ML PR CHEMICOLOR,UN,tinta_metalica,2026-09-11T19:20:01Z,28.0,28.0
3107,TINTA SPRAY MET 400ML PR CHEMICOLOR,PT,tinta_metalica,2026-09-10T19:24:15Z,34.0,34.0
14337,TINTA SPRAY MET 400ML PR CHEMICOLOR,UN,tinta_spray,2026-09-09T13:30:34Z,21.0,21.0
20670,TINTA SPRAY MET 400ML PR CHEMICOLOR,UN,tinta_spray,2026-09-15T19:13:12Z,23.49,21.16
824264,TINTA SPRAY MET 400ML PR CHEMICOLOR,SP,tinta_spray,2026-09-09T16:26:48Z,23.0,21.17
10373,TINTA SPRAY MET 400ML PR CHEMICOLOR,UN,tinta_spray,2026-09-11T13:04:32Z,22.4,22.4
10373,TINTA SPRAY MET 400ML PR CHEMICOLOR,UN,tinta_spray,2026-09-15T13:15:29Z,22.4,22.4
10373,TINTA SPRAY MET 400ML PR CHEMICOLOR,UN,tinta_spray,2026-09-14T21:06:06Z,23.8,23.8
10373,TINTA SPRAY MET 400ML PR CHEMICOLOR,UN,tinta_spray,2026-09-10T20:09:02Z,28.0,25.0
002838,TINTA SPRAY MET 400ML PR CHEMICOLOR,UN,tinta_spray,2026-09-10T13:31:02Z,25.0,25.0
10373,TINTA SPRAY MET 400ML PR CHEMICOLOR,UN,tinta_spray,2026-09-11T20:17:23Z,28.0,25.6
2131,TINTA SPRAY MET 400ML PR CHEMICOLOR,UN,tinta_spray,2026-09-11T19:20:01Z,28.0,28.0
3107,TINTA SPRAY MET 400ML PR CHEMICOLOR,PT,tinta_spray,2026-09-10T19:24:15Z,34.0,34.0
0074468051010,TINTA SPRAY METALICA,UN,tinta_metalica,2026-09-14T15:03:59Z,23.95,23.95
0074468050853,TINTA SPRAY METALICA,UN,tinta_metalica,2026-09-12T13:47:13Z,23.95,23.95
0074468050891,TINTA SPRAY METALICA,UN,tinta_metalica,2026-09-11T15:49:58Z,23.95,23.95
0074468051010,TINTA SPRAY METALICA,UN,tinta_metalica,2026-09-09T17:17:46Z,23.95,23.95
0074468051010,TINTA SPRAY METALICA,UN,tinta_spray,2026-09-14T15:03:59Z,23.95,23.95
0074468050853,TINTA SPRAY METALICA,UN,tinta_spray,2026-09-12T13:47:13Z,23.95,23.95
0074468050891,TINTA SPRAY METALICA,UN,tinta_spray,2026-09-11T15:49:58Z,23.95,23.95
0074468051010,TINTA SPRAY METALICA,UN,tinta_spray,2026-09-09T17:17:46Z,23.95,23.95
011128,TINTA SPRAY METALICA 250ML ROSE GOLD CHEMICOLOR,UN,tinta_metalica,2026-09-12T21:07:39Z,20.0,20.0
011128,TINTA SPRAY METALICA 250ML ROSE GOLD CHEMICOLOR,UN,tinta_spray,2026-09-12T21:07:39Z,20.0,20.0
00074468051010,TINTA SPRAY METALICA 350ML NORDESTN,UN,tinta_metalica,2026-09-14T19:22:26Z,23.95,23.95
00074468051010,TINTA SPRAY METALICA 350ML NORDESTN,UN,tinta_spray,2026-09-14T19:22:26Z,23.95,23.95
009099,TINTA SPRAY METALICA 400ML PRETO CHEMICOLOR,UN,tinta_metalica,2026-09-10T13:11:50Z,25.0,25.0
355176,TINTA SPRAY METALICA 400ML PRETO CHEMICOLOR,L,tinta_metalica,2026-09-09T21:38:39Z,27.9,27.9
4397,TINTA SPRAY METALICA 400ML PRETO CHEMICOLOR,UN,tinta_metalica,2026-09-12T12:10:41Z,30.0,30.0
009099,TINTA SPRAY METALICA 400ML PRETO CHEMICOLOR,UN,tinta_spray,2026-09-10T13:11:50Z,25.0,25.0
355176,TINTA SPRAY METALICA 400ML PRETO CHEMICOLOR,L,tinta_spray,2026-09-09T21:38:39Z,27.9,27.9
4397,TINTA SPRAY METALICA 400ML PRETO CHEMICOLOR,UN,tinta_spray,2026-09-12T12:10:41Z,30.0,30.0
7898436140192,TINTA SPRAY METALICA COBRE 400M CHEMICOLOR,UN,tinta_metalica,2026-09-15T21:58:11Z,39.9,39.9
7898436140192,TINTA SPRAY METALICA COBRE 400M CHEMICOLOR,UN,tinta_spray,2026-09-15T21:58:11Z,39.9,39.9
7898436140208,TINTA SPRAY METALICA OURO 400ML CHEMICOLOR,UN,tinta_metalica,2026-09-12T13:29:53Z,41.9,41.9
7898436140208,TINTA SPRAY METALICA OURO 400ML CHEMICOLOR,UN,tinta_spray,2026-09-12T13:29:53Z,41.9,41.9
213,TINTA SPRAY MONDIAL 400ML,UN,tinta_spray,2026-09-12T12:20:28Z,16.0,16.0
18325,TINTA SPRAY NORDESTIN ALTA TEMPERATURA PRETO FOSCO 350ML,UN,tinta_spray,2026-09-12T13:08:14Z,34.0,30.6
5408,TINTA SPRAY NORDESTIN PTO BRILHANTE 350ML,UN,tinta_spray,2026-09-11T17:25:28Z,15.99,15.99
5408,TINTA SPRAY NORDESTIN PTO BRILHANTE 350ML,GL,tinta_spray,2026-09-10T15:18:07Z,120.0,120.0
1738,TINTA SPRAY OURO METALICO 350ML/250G TEKBOND,UN,tinta_metalica,2026-09-09T15:00:50Z,23.93,23.93
1738,TINTA SPRAY OURO METALICO 350ML/250G TEKBOND,UN,tinta_spray,2026-09-09T15:00:50Z,23.93,23.93
18329,TINTA SPRAY PAINTCOLOR ALTA TEMPERATURA PRETO FOSCO 400ML,UN,tinta_spray,2026-09-10T17:00:29Z,22.3,19.18
18331,TINTA SPRAY PAINTCOLOR BRANCO BRILHANTE 400ML,UN,tinta_branca,2026-09-12T13:29:20Z,17.99,16.19
18331,TINTA SPRAY PAINTCOLOR BRANCO BRILHANTE 400ML,UN,tinta_spray,2026-09-12T13:29:20Z,17.99,16.19
18496,TINTA SPRAY PAINTCOLOR BRANCO FOSCO 400ML,UN,tinta_branca,2026-09-10T14:12:37Z,17.99,15.29
18496,TINTA SPRAY PAINTCOLOR BRANCO FOSCO 400ML,UN,tinta_spray,2026-09-10T14:12:37Z,17.99,15.29
18332,TINTA SPRAY PAINTCOLOR PRETO BRILHANTE 400ML,UN,tinta_spray,2026-09-15T19:36:57Z,17.99,15.29
18333,TINTA SPRAY PAINTCOLOR PRETO FOSCO 400ML,UN,tinta_spray,2026-09-11T17:24:06Z,17.99,16.19
17679,TINTA SPRAY PEGUZE BART PTO FOSCO USO GER 300ML  -  REF 51388,UN,tinta_spray,2026-09-11T16:49:26Z,20.0,20.0
30633,TINTA SPRAY PLATINA U. G. 350ML TEKBOND,UN,tinta_spray,2026-09-14T14:14:57Z,21.99,21.99
3099,TINTA SPRAY PLATINA U. G. 350ML TEKBOND,UN,tinta_spray,2026-09-15T20:21:25Z,22.0,22.0
1741,TINTA SPRAY PR FOSCO USO GERAL 350ML/250G TEKBOND,UN,tinta_spray,2026-09-15T14:42:03Z,18.6,17.433333333333334
13388,TINTA SPRAY PRATA MET TEKBOND,UN,tinta_metalica,2026-09-11T20:40:37Z,29.9,20.0
13388,TINTA SPRAY PRATA MET TEKBOND,UN,tinta_spray,2026-09-11T20:40:37Z,29.9,20.0
945,TINTA SPRAY PRATA METALICO,UN,tinta_metalica,2026-09-15T13:33:42Z,26.0,26.0
945,TINTA SPRAY PRATA METALICO,UN,tinta_spray,2026-09-15T13:33:42Z,26.0,26.0
5220,TINTA SPRAY PRATA METALICO 350 - TEKBOND,UN,tinta_metalica,2026-09-15T21:18:54Z,22.0,22.0
5220,TINTA SPRAY PRATA METALICO 350 - TEKBOND,UN,tinta_spray,2026-09-15T21:18:54Z,22.0,22.0
7898543381167,TINTA SPRAY PRETO ALTA TEMP. 350ML TEKBOND,UN,tinta_spray,2026-09-09T19:01:26Z,28.9,26.01
7898543380924,TINTA SPRAY PRETO BRILHANTE 350ML TEKBOND,UN,tinta_spray,2026-09-14T20:56:17Z,19.9,19.9
1208,TINTA SPRAY PRETO FOSCO 350ML TEKBOND,UN,tinta_spray,2026-09-09T19:39:36Z,23.4,21.155
1050,TINTA SPRAY PRETO FOSCO 350ML U.G - NORDESTIN,UN,tinta_spray,2026-09-14T14:02:56Z,20.0,20.0
003489,TINTA SPRAY PRETO FOSCO 400 ML CHESIQUIMICA,PÇ,tinta_spray,2026-09-09T17:44:55Z,17.0,17.0
000103144,TINTA SPRAY PRETO FOSCO 400ML LUX,UN,tinta_spray,2026-09-09T17:56:21Z,22.0,20.9
000100352,TINTA SPRAY PRETO FOSCO ALTA T. 400ML LUX,UN,tinta_spray,2026-09-12T14:28:18Z,28.0,25.0
000100352,TINTA SPRAY PRETO FOSCO ALTA T. 400ML LUX,UN,tinta_spray,2026-09-12T14:51:54Z,28.0,28.0
294,TINTA SPRAY PRETO FOSCO CHEMICOLOR,UN,tinta_spray,2026-09-11T13:24:43Z,24.0,24.0
3166,TINTA SPRAY PRETO SEMIBRI 400ML CHEMICOLOR,UN,tinta_spray,2026-09-14T19:51:47Z,22.9,22.9
2249,TINTA SPRAY PT 350ML U.GERAL - TEKBOND,UN,tinta_spray,2026-09-10T20:08:47Z,20.0,20.0
17898543380921,TINTA SPRAY PT BRILH 350ML TEKBOND TEKBOND,UN,tinta_spray,2026-09-09T12:31:08Z,24.99,23.61
0004484,TINTA SPRAY PT FO 350ML U.GERA - TEKBOND,UN,tinta_spray,2026-09-12T15:31:27Z,14.9,14.9
5703,TINTA SPRAY PT FO 350ML U.GERA - TEKBOND,UN,tinta_spray,2026-09-11T21:41:37Z,23.6,23.6
7036,TINTA SPRAY PT FO 350ML U.GERA - TEKBOND,UN,tinta_spray,2026-09-09T21:04:52Z,27.99,27.99
2248,TINTA SPRAY PT FO 350ML U.GERAL - TEKBOND,UN,tinta_spray,2026-09-10T16:18:55Z,20.0,20.0
7898436140833,TINTA SPRAY PT FOSCO P/ALTA TEMP 350ML CHEMICOLOR,UN,tinta_spray,2026-09-13T19:55:18Z,33.9,33.9
7898436140833,TINTA SPRAY PT FOSCO P/ALTA TEMP 350ML CHEMICOLOR,UN,tinta_spray,2026-09-14T21:32:54Z,33.9,33.9
7898436140833,TINTA SPRAY PT FOSCO P/ALTA TEMP 350ML CHEMICOLOR,UN,tinta_spray,2026-09-13T15:57:05Z,33.9,33.9
7898436140833,TINTA SPRAY PT FOSCO P/ALTA TEMP 350ML CHEMICOLOR,UN,tinta_spray,2026-09-11T12:33:36Z,33.9,33.9
9706,TINTA SPRAY ROSA USO GERAL 400ML CHEMICOLOR /,UN,tinta_spray,2026-09-11T11:12:18Z,17.0,16.0
355194,TINTA SPRAY ROSA USO GERAL 400ML CHEMICOLOR /,L,tinta_spray,2026-09-12T12:19:51Z,20.9,20.9
10360,TINTA SPRAY ROSA USO GERAL 400ML CHEMICOLOR /,UN,tinta_spray,2026-09-15T13:58:32Z,21.6,21.6
7898543381006,TINTA SPRAY SUPER CO,UN,tinta_spray,2026-09-09T16:31:52Z,17.95,17.95
7898543380993,TINTA SPRAY SUPER CO,UN,tinta_spray,2026-09-15T16:27:41Z,17.95,17.95
7898543380993,TINTA SPRAY SUPER CO,UN,tinta_spray,2026-09-12T12:02:54Z,18.99,18.99
7898543381259,TINTA SPRAY SUPERCOL,UN,tinta_spray,2026-09-09T19:11:03Z,23.2,20.88
7898543381273,TINTA SPRAY SUPERCOL,UN,tinta_spray,2026-09-12T15:48:32Z,23.2,23.2
7898543381136,TINTA SPRAY SUPERCOL,UN,tinta_spray,2026-09-12T16:00:35Z,41.9,41.9
009367,TINTA SPRAY TEK BOND- PRETO BRILHANTE 350 ML- ALTA TEMP.,UN,tinta_spray,2026-09-14T16:27:59Z,25.0,23.2
D220487,TINTA SPRAY TEK BOND- PRETO BRILHANTE 350 ML- ALTA TEMP.,PC,tinta_spray,2026-09-15T12:55:50Z,24.22,24.22
32245,TINTA SPRAY TEK BOND- PRETO BRILHANTE 350 ML- ALTA TEMP.,UN,tinta_spray,2026-09-11T14:33:46Z,25.98,25.98
32358,TINTA SPRAY TEK BOND- PRETO BRILHANTE 350 ML- ALTA TEMP.,UN,tinta_spray,2026-09-15T16:28:13Z,30.9,30.9
27714,TINTA SPRAY TEK BOND- PRETO BRILHANTE 350 ML- ALTA TEMP.,UN,tinta_spray,2026-09-15T14:28:14Z,39.99,39.99
2007142,TINTA SPRAY TEK BOND- PRETO BRILHANTE 350 ML- ALTA TEMP.,UN,tinta_spray,2026-09-12T16:34:00Z,56.9,56.9
0000000054293,TINTA SPRAY TEKBOND ALTA TEMP PRETO 350ML,UN,tinta_spray,2026-09-11T16:02:16Z,19.99,19.99
0000000041921,TINTA SPRAY TEKBOND BRANCO BRILHANTE 350ML,UN,tinta_branca,2026-09-11T11:55:27Z,19.99,19.99
0000000041921,TINTA SPRAY TEKBOND BRANCO BRILHANTE 350ML,UN,tinta_spray,2026-09-11T11:55:27Z,19.99,19.99
3745,TINTA SPRAY TEKBOND PT BRILHANTE GERAL,UN,tinta_spray,2026-09-12T19:11:59Z,21.0,21.0
337,TINTA SPRAY U G PT BRILHO 400ML CHEMIC,UN,tinta_spray,2026-09-14T17:36:30Z,14.4,14.4
8648,TINTA SPRAY U GER 400ML AL CHEMICOLOR,SP,tinta_spray,2026-09-10T19:45:38Z,16.0,16.0
824062,TINTA SPRAY U GER 400ML AL CHEMICOLOR,SP,tinta_spray,2026-09-09T16:26:48Z,20.0,18.407777777777778
002806,TINTA SPRAY U GER 400ML AL CHEMICOLOR,UN,tinta_spray,2026-09-09T13:31:13Z,20.0,20.0
7898436140550,TINTA SPRAY U GER 400ML AL CHEMICOLOR,UN,tinta_spray,2026-09-13T19:51:42Z,25.9,25.9
7898436140550,TINTA SPRAY U GER 400ML AL CHEMICOLOR,UN,tinta_spray,2026-09-14T13:33:25Z,25.9,25.9
313648,TINTA SPRAY U GER 400ML AL IQUINE,SP,tinta_spray,2026-09-13T11:07:01Z,19.99,19.99
14661,TINTA SPRAY U GER 400ML AL/ROD CHEMICOLO,SP,tinta_spray,2026-09-13T15:44:31Z,16.0,16.0
823914,TINTA SPRAY U GER 400ML AM CHEMICOLOR,SP,tinta_spray,2026-09-09T16:26:48Z,20.0,18.406666666666663
10356,TINTA SPRAY U GER 400ML AM CHEMICOLOR,UN,tinta_spray,2026-09-14T12:34:32Z,19.8,19.8
355182,TINTA SPRAY U GER 400ML AM CHEMICOLOR,L,tinta_spray,2026-09-13T12:34:42Z,20.9,20.9
355182,TINTA SPRAY U GER 400ML AM CHEMICOLOR,L,tinta_spray,2026-09-09T20:34:32Z,20.9,20.9
0000965,TINTA SPRAY U GER 400ML AM CHEMICOLOR,SP,tinta_spray,2026-09-12T16:27:57Z,22.0,22.0
313649,TINTA SPRAY U GER 400ML AM IQUINE SP0001SP,SP,tinta_spray,2026-09-11T15:56:29Z,19.99,19.99
313650,TINTA SPRAY U GER 400ML AZ/CL IQUINE SP0001SP,SP,tinta_spray,2026-09-11T15:56:29Z,19.99,19.99
011557,TINTA SPRAY U GER 400ML BR CHEMICOLOR,UN,tinta_branca,2026-09-10T18:11:37Z,18.0,16.0
002815,TINTA SPRAY U GER 400ML BR CHEMICOLOR,UN,tinta_branca,2026-09-11T14:33:07Z,18.0,18.0
000360,TINTA SPRAY U GER 400ML BR CHEMICOLOR,UN,tinta_branca,2026-09-13T12:26:05Z,20.0,20.0
1806,TINTA SPRAY U GER 400ML BR CHEMICOLOR,UN,tinta_branca,2026-09-14T20:58:38Z,20.0,20.0
258,TINTA SPRAY U GER 400ML BR CHEMICOLOR,UN,tinta_branca,2026-09-12T13:53:40Z,21.99,21.99
898519,TINTA SPRAY U GER 400ML BR CHEMICOLOR,UN,tinta_branca,2026-09-15T13:58:47Z,24.0,22.44
7898436140581,TINTA SPRAY U GER 400ML BR CHEMICOLOR,UN,tinta_branca,2026-09-12T13:03:18Z,24.0,22.9
392921-1,TINTA SPRAY U GER 400ML BR CHEMICOLOR,PC,tinta_branca,2026-09-15T01:22:24Z,24.99,24.99
898519,TINTA SPRAY U GER 400ML BR CHEMICOLOR,SP,tinta_branca,2026-09-13T13:33:50Z,24.99,24.99
7898436140581,TINTA SPRAY U GER 400ML BR CHEMICOLOR,UN,tinta_branca,2026-09-14T20:47:21Z,25.9,25.9
011557,TINTA SPRAY U GER 400ML BR CHEMICOLOR,UN,tinta_spray,2026-09-10T18:11:37Z,18.0,16.0
002815,TINTA SPRAY U GER 400ML BR CHEMICOLOR,UN,tinta_spray,2026-09-11T14:33:07Z,18.0,18.0
000360,TINTA SPRAY U GER 400ML BR CHEMICOLOR,UN,tinta_spray,2026-09-13T12:26:05Z,20.0,20.0
1806,TINTA SPRAY U GER 400ML BR CHEMICOLOR,UN,tinta_spray,2026-09-14T20:58:38Z,20.0,20.0
258,TINTA SPRAY U GER 400ML BR CHEMICOLOR,UN,tinta_spray,2026-09-12T13:53:40Z,21.99,21.99
898519,TINTA SPRAY U GER 400ML BR CHEMICOLOR,UN,tinta_spray,2026-09-15T13:58:47Z,24.0,22.44
7898436140581,TINTA SPRAY U GER 400ML BR CHEMICOLOR,UN,tinta_spray,2026-09-12T13:03:18Z,24.0,22.9
392921-1,TINTA SPRAY U GER 400ML BR CHEMICOLOR,PC,tinta_spray,2026-09-15T01:22:24Z,24.99,24.99
898519,TINTA SPRAY U GER 400ML BR CHEMICOLOR,SP,tinta_spray,2026-09-13T13:33:50Z,24.99,24.99
7898436140581,TINTA SPRAY U GER 400ML BR CHEMICOLOR,UN,tinta_spray,2026-09-14T20:47:21Z,25.9,25.9
313652,TINTA SPRAY U GER 400ML BR IQUINE SP0001SP,SP,tinta_branca,2026-09-14T17:00:10Z,19.99,19.99
313652,TINTA SPRAY U GER 400ML BR IQUINE SP0001SP,SP,tinta_spray,2026-09-14T17:00:10Z,19.99,19.99
9173,TINTA SPRAY U GER 400ML BR MUNDIAL,SP,tinta_branca,2026-09-11T05:05:08Z,17.9,17.9
9173,TINTA SPRAY U GER 400ML BR MUNDIAL,SP,tinta_spray,2026-09-11T05:05:08Z,17.9,17.9
313653,TINTA SPRAY U GER 400ML BRFC IQUINE,SP,tinta_spray,2026-09-13T17:54:41Z,19.99,19.99
11271,TINTA SPRAY U GER 400ML CZ PRIMER MUNDIA,SP,tinta_spray,2026-09-09T16:12:22Z,17.9,17.9
313654,TINTA SPRAY U GER 400ML CZ/CL IQUINE SP0001SP,SP,tinta_spray,2026-09-15T21:37:55Z,19.99,19.99
11270,TINTA SPRAY U GER 400ML CZMD MUNDIAL,SP,tinta_spray,2026-09-14T12:24:30Z,17.9,14.56
824580,TINTA SPRAY U GER 400ML FD CZ CHEMICOLOR,SP,tinta_spray,2026-09-09T16:26:48Z,20.0,18.41
355188,TINTA SPRAY U GER 400ML FD CZ CHEMICOLOR,L,tinta_spray,2026-09-15T14:31:48Z,23.9,23.9
002834,TINTA SPRAY U GER 400ML FD CZ CHEMICOLOR,UN,tinta_spray,2026-09-15T16:55:36Z,25.0,25.0
13632,TINTA SPRAY U GER 400ML FD CZ CHEMICOLOR,UN,tinta_spray,2026-09-11T12:32:07Z,28.0,25.2
313658,TINTA SPRAY U GER 400ML PT IQUINE SP0001SP,SP,tinta_spray,2026-09-15T14:36:53Z,19.99,19.99
313659,TINTA SPRAY U GER 400ML PT/FC IQUINE SP0001SP,SP,tinta_spray,2026-09-11T17:25:53Z,19.99,19.99
823915,TINTA SPRAY U GER 400ML PTBRI CHEMICOLOR,SP,tinta_spray,2026-09-09T16:26:48Z,20.0,18.40833333333333
7898907527538,TINTA SPRAY U GER 400ML PTBRI CHEMICOLOR,UN,tinta_spray,2026-09-09T16:46:27Z,19.0,19.0
2397,TINTA SPRAY U GER 400ML PTBRI CHEMICOLOR,SP,tinta_spray,2026-09-15T19:24:54Z,22.0,22.0
8122,TINTA SPRAY U GER 400ML PTBRI PAINTCOLO,PC,tinta_spray,2026-09-10T21:16:16Z,20.0,20.0
9231,TINTA SPRAY U GER 400ML PTFC MUNDIAL,SP,tinta_spray,2026-09-11T09:46:46Z,17.9,17.9
824056,TINTA SPRAY U GER 400ML PTFC MUNDIAL,SP,tinta_spray,2026-09-09T16:26:48Z,20.0,18.4075
313660,TINTA SPRAY U GER 400ML SB PT IQUINE SP0001SP,SP,tinta_spray,2026-09-14T11:46:36Z,19.99,19.99
11887,TINTA SPRAY U GER 400ML VERNIZ MUNDIAL,SP,tinta_spray,2026-09-11T05:05:08Z,17.9,17.9
17374,TINTA SPRAY U GER 400ML VERNIZ PAINTCOLO,UN,tinta_spray,2026-09-10T11:12:57Z,21.0,21.0
003004,TINTA SPRAY U GER 500ML PT/FC CHEMICOLOR,UN,tinta_spray,2026-09-14T20:34:38Z,25.0,25.0
26049,TINTA SPRAY U.G AZ CLARO 400ML IQUINE,UN,tinta_spray,2026-09-12T12:12:37Z,14.99,14.99
58425,TINTA SPRAY U.G.340ML AMARELO ORBI QUIMI,UN,tinta_spray,2026-09-14T18:20:31Z,19.99,19.99
0000000000066,TINTA SPRAY UG 400ML AZUL CLARO CHEMICOLOR,UN,tinta_spray,2026-09-11T14:53:58Z,17.5,17.5
0000000000071,TINTA SPRAY UG 400ML PRETO BRILHO CHEMICOLOR,UN,tinta_spray,2026-09-14T18:29:22Z,17.5,17.5
0000000002902,TINTA SPRAY UG PRETO BRILHO 400ML PRATIK,UN,tinta_spray,2026-09-12T14:25:00Z,15.0,15.0
498,TINTA SPRAY USO G 350ML BR TEK BOND,UN,tinta_branca,2026-09-12T14:51:16Z,19.0,19.0
2997,TINTA SPRAY USO G 350ML BR TEK BOND,UN,tinta_branca,2026-09-11T21:23:52Z,23.6,23.6
498,TINTA SPRAY USO G 350ML BR TEK BOND,UN,tinta_branca,2026-09-14T14:03:46Z,28.0,28.0
498,TINTA SPRAY USO G 350ML BR TEK BOND,UN,tinta_branca,2026-09-09T11:58:20Z,115.0,106.35
498,TINTA SPRAY USO G 350ML BR TEK BOND,UN,tinta_spray,2026-09-12T14:51:16Z,19.0,19.0
2997,TINTA SPRAY USO G 350ML BR TEK BOND,UN,tinta_spray,2026-09-11T21:23:52Z,23.6,23.6
498,TINTA SPRAY USO G 350ML BR TEK BOND,UN,tinta_spray,2026-09-14T14:03:46Z,28.0,28.0
498,TINTA SPRAY USO G 350ML BR TEK BOND,UN,tinta_spray,2026-09-09T11:58:20Z,115.0,106.35
751,TINTA SPRAY USO G 350ML DOURADO TEK BOND,UN,tinta_metalica,2026-09-09T12:21:13Z,18.0,18.0
751,TINTA SPRAY USO G 350ML DOURADO TEK BOND,UN,tinta_spray,2026-09-09T12:21:13Z,18.0,18.0
497,TINTA SPRAY USO G 350ML PT FOSCO TEK BON,UN,tinta_spray,2026-09-10T19:00:54Z,13.5,13.5
7602,TINTA SPRAY USO G 350ML PT FOSCO TEK BON,UN,tinta_spray,2026-09-10T20:31:33Z,21.0,21.0
1064,TINTA SPRAY USO G 350ML PT TEK BOND,UN,tinta_spray,2026-09-15T14:30:50Z,26.0,26.0
5153,TINTA SPRAY USO G 350ML VM NORDESTIN,UN,tinta_spray,2026-09-14T21:09:36Z,20.0,20.0
000754,TINTA SPRAY USO G 350ML VM NORDESTIN,UN,tinta_spray,2026-09-15T18:19:23Z,25.0,25.0
31,TINTA SPRAY USO G 400ML AZ ESCURO CHEMIC,UN,tinta_spray,2026-09-10T20:59:04Z,20.0,19.714285714285715
5681,TINTA SPRAY USO G 400ML DOURADO CHEMICOL,UN,tinta_metalica,2026-09-14T10:49:16Z,18.0,18.0
5681,TINTA SPRAY USO G 400ML DOURADO CHEMICOL,UN,tinta_spray,2026-09-14T10:49:16Z,18.0,18.0
0001068,TINTA SPRAY USO G 500ML ALUM CHEMICO,UN,tinta_metalica,2026-09-12T15:45:23Z,22.0,22.0
0001068,TINTA SPRAY USO G 500ML ALUM CHEMICO,UN,tinta_spray,2026-09-12T15:45:23Z,22.0,22.0
6719,TINTA SPRAY USO G 500ML PT FOSCO CHEMICO,UN,tinta_spray,2026-09-15T20:25:19Z,25.0,25.0
3205,TINTA SPRAY USO G BR BRILHANTE 400ML,UN,tinta_branca,2026-09-13T15:44:31Z,16.0,16.0
3205,TINTA SPRAY USO G BR BRILHANTE 400ML,UN,tinta_spray,2026-09-13T15:44:31Z,16.0,16.0
1999,TINTA SPRAY USO G PT 350ML TEK BOND,UN,tinta_spray,2026-09-11T21:28:54Z,21.2,21.2
285,TINTA SPRAY USO G PT 350ML TEK BOND,UN,tinta_spray,2026-09-15T12:46:03Z,22.0,22.0
285,TINTA SPRAY USO G PT 350ML TEK BOND,UN,tinta_spray,2026-09-15T17:50:45Z,29.99,28.85
395,TINTA SPRAY USO G PT FOSCO 350ML TEK BON,UN,tinta_spray,2026-09-12T19:03:03Z,20.0,20.0
2000,TINTA SPRAY USO G PT FOSCO 350ML TEK BON,UN,tinta_spray,2026-09-10T20:54:51Z,23.3,23.3
0074468050907,TINTA SPRAY USO GERA,UN,tinta_spray,2026-09-09T19:11:03Z,17.95,16.15
0074468050969,TINTA SPRAY USO GERA,UN,tinta_spray,2026-09-11T13:47:09Z,17.95,17.95
221,TINTA SPRAY USO GERAL  400ML CHEMICOLOR,UN,tinta_spray,2026-09-11T19:52:34Z,22.0,22.0
221,TINTA SPRAY USO GERAL  400ML CHEMICOLOR,UN,tinta_spray,2026-09-12T11:24:39Z,22.0,22.0
6735,TINTA SPRAY USO GERAL 350ML BRANCO BRIL - NORDESTIN,UN,tinta_branca,2026-09-09T13:09:50Z,18.0,18.0
6735,TINTA SPRAY USO GERAL 350ML BRANCO BRIL - NORDESTIN,UN,tinta_spray,2026-09-09T13:09:50Z,18.0,18.0
00074468050884,TINTA SPRAY USO GERAL 350ML NORDESTN,UN,tinta_spray,2026-09-11T13:03:16Z,17.95,17.95
00074468050846,TINTA SPRAY USO GERAL 350ML NORDESTN,UN,tinta_spray,2026-09-14T13:11:04Z,17.95,17.95
00074468050815,TINTA SPRAY USO GERAL 350ML NORDESTN,UN,tinta_spray,2026-09-14T13:11:04Z,17.95,17.95
00074468050822,TINTA SPRAY USO GERAL 350ML NORDESTN,UN,tinta_spray,2026-09-11T20:11:06Z,17.95,17.95
9615,TINTA SPRAY USO GERAL 400ML AZUL ESCURO CHEMICOLOR /,UN,tinta_spray,2026-09-12T13:51:51Z,17.0,17.0
17308,TINTA SPRAY USO GERAL 400ML AZUL ESCURO CHEMICOLOR /,UN,tinta_spray,2026-09-12T14:14:03Z,19.0,17.11
823913,TINTA SPRAY USO GERAL 400ML AZUL ESCURO CHEMICOLOR /,SP,tinta_spray,2026-09-09T16:26:48Z,20.0,18.406666666666663
000358,TINTA SPRAY USO GERAL 400ML AZUL ESCURO CHEMICOLOR /,UN,tinta_spray,2026-09-13T11:44:42Z,20.0,20.0
418,TINTA SPRAY USO GERAL 400ML AZUL ESCURO CHEMICOLOR /,UN,tinta_spray,2026-09-15T17:50:45Z,21.99,21.15
002818,TINTA SPRAY USO GERAL 400ML DOURADO CHEMICOLOR,UN,tinta_metalica,2026-09-10T13:32:15Z,25.0,25.0
002818,TINTA SPRAY USO GERAL 400ML DOURADO CHEMICOLOR,UN,tinta_spray,2026-09-10T13:32:15Z,25.0,25.0
006295,TINTA SPRAY USO GERAL 400ML GRAFITE CHEMICOLOR,UN,tinta_spray,2026-09-15T16:26:16Z,18.0,18.0
007625,TINTA SPRAY USO GERAL 400ML VIOLETA CLARO CHEMICOLOR,UN,tinta_spray,2026-09-11T16:27:23Z,18.0,18.0
824584,TINTA SPRAY USO GERAL 400ML VIOLETA CLARO CHEMICOLOR,SP,tinta_spray,2026-09-09T16:26:48Z,20.0,18.408
10365,TINTA SPRAY USO GERAL 400ML VIOLETA CLARO CHEMICOLOR,UN,tinta_spray,2026-09-10T18:16:35Z,22.0,20.0
355198,TINTA SPRAY USO GERAL 400ML VIOLETA CLARO CHEMICOLOR,L,tinta_spray,2026-09-12T12:19:51Z,20.9,20.9
002821,TINTA SPRAY USO GERAL 400ML VIOLETA ESCURO CHEMICOLOR,UN,tinta_spray,2026-09-10T20:46:04Z,20.0,20.0
898535,TINTA SPRAY USO GERAL 400ML VIOLETA ESCURO CHEMICOLOR,SP,tinta_spray,2026-09-09T17:28:07Z,24.99,24.99
10368,TINTA SPRAY USO GERAL 400ML VIOLETA ESCURO CHEMICOLOR,UN,tinta_spray,2026-09-15T17:05:47Z,28.0,25.0
7898436142714,TINTA SPRAY USO GERAL ALU P/RODAS 400ML CHEMICOLOR,UN,tinta_spray,2026-09-09T16:11:13Z,25.9,25.9
7898436140567,TINTA SPRAY USO GERAL AM 400ML CHEMICOLOR,UN,tinta_spray,2026-09-09T15:27:48Z,25.9,25.9
7898436140567,TINTA SPRAY USO GERAL AM 400ML CHEMICOLOR,UN,tinta_spray,2026-09-13T18:22:14Z,25.9,25.9
7898436140567,TINTA SPRAY USO GERAL AM 400ML CHEMICOLOR,UN,tinta_spray,2026-09-14T12:11:14Z,25.9,25.9
7898436141618,TINTA SPRAY USO GERAL AZ ESCURO 400ML CHEMICOLOR,UN,tinta_spray,2026-09-15T21:29:24Z,25.9,25.9
7898436141632,TINTA SPRAY USO GERAL BG 400ML CHEMICOLOR,UN,tinta_spray,2026-09-13T18:07:50Z,25.9,25.9
7898436141632,TINTA SPRAY USO GERAL BG 400ML CHEMICOLOR,UN,tinta_spray,2026-09-14T12:11:14Z,25.9,25.9
7898436141540,TINTA SPRAY USO GERAL BR FOSCO 400ML CHEMICOLOR,UN,tinta_branca,2026-09-12T20:38:18Z,25.9,25.9
7898436141540,TINTA SPRAY USO GERAL BR FOSCO 400ML CHEMICOLOR,UN,tinta_branca,2026-09-13T21:16:38Z,25.9,25.9
7898436141540,TINTA SPRAY USO GERAL BR FOSCO 400ML CHEMICOLOR,UN,tinta_branca,2026-09-10T14:21:19Z,25.9,25.9
7898436141540,TINTA SPRAY USO GERAL BR FOSCO 400ML CHEMICOLOR,UN,tinta_spray,2026-09-12T20:38:18Z,25.9,25.9
7898436141540,TINTA SPRAY USO GERAL BR FOSCO 400ML CHEMICOLOR,UN,tinta_spray,2026-09-13T21:16:38Z,25.9,25.9
7898436141540,TINTA SPRAY USO GERAL BR FOSCO 400ML CHEMICOLOR,UN,tinta_spray,2026-09-10T14:21:19Z,25.9,25.9
015030,TINTA SPRAY USO GERAL CINZA CLARO 350 ML- NORDESTIN,UN,tinta_spray,2026-09-15T16:34:29Z,18.0,16.75
7898436146125,TINTA SPRAY USO GERAL CZ CLARO 400ML CHEMICOLOR,UN,tinta_spray,2026-09-12T15:56:33Z,25.9,25.9
7898436140598,TINTA SPRAY USO GERAL DOURADO 400ML CHEMICOLOR,UN,tinta_metalica,2026-09-12T22:33:51Z,25.9,25.9
7898436140598,TINTA SPRAY USO GERAL DOURADO 400ML CHEMICOLOR,UN,tinta_metalica,2026-09-15T16:21:36Z,25.9,25.9
7898436140598,TINTA SPRAY USO GERAL DOURADO 400ML CHEMICOLOR,UN,tinta_spray,2026-09-12T22:33:51Z,25.9,25.9
7898436140598,TINTA SPRAY USO GERAL DOURADO 400ML CHEMICOLOR,UN,tinta_spray,2026-09-15T16:21:36Z,25.9,25.9
7898436140604,TINTA SPRAY USO GERAL GRAFITE 400ML CHEMICOLOR,UN,tinta_spray,2026-09-13T16:49:57Z,25.9,24.68
7898436140604,TINTA SPRAY USO GERAL GRAFITE 400ML CHEMICOLOR,UN,tinta_spray,2026-09-11T18:12:48Z,25.9,25.9
7898436140604,TINTA SPRAY USO GERAL GRAFITE 400ML CHEMICOLOR,UN,tinta_spray,2026-09-14T13:31:51Z,25.9,25.9
013992,TINTA SPRAY USO GERAL PRETO BRILHANTE 350 ML- NORDESTIN,UN,tinta_spray,2026-09-14T16:27:59Z,18.0,16.7
7898436140635,TINTA SPRAY USO GERAL VD ESCURO 400ML CHEMICOLOR,UN,tinta_spray,2026-09-12T12:14:06Z,25.9,25.9
7898436140703,TINTA SPRAY USO GERAL VERNIZ 400ML CHEMICOLOR,UN,tinta_spray,2026-09-11T21:17:35Z,31.9,31.9
7898436140642,TINTA SPRAY USO GERAL VM 400ML CHEMICOLOR,UN,tinta_spray,2026-09-15T16:39:11Z,25.9,25.9
6353,TINTA SPRAY USOGERAL BR BRILHO 350ML - TEKBOND,PC,tinta_branca,2026-09-15T19:25:26Z,21.0,19.95
6353,TINTA SPRAY USOGERAL BR BRILHO 350ML - TEKBOND,PC,tinta_spray,2026-09-15T19:25:26Z,21.0,19.95
12279,TINTA SPRAY USOGERAL PR FOSCO 350ML - KALA,UN,tinta_spray,2026-09-10T14:23:16Z,19.9,16.913333333333334
2361,TINTA SPRAY USOGERAL PRETO BRILHO 350ML - KALA,UN,tinta_spray,2026-09-11T20:04:19Z,23.0,23.0
20164,TINTA SPRAY VERDE 340ML/190G,UN,tinta_spray,2026-09-10T17:47:06Z,14.7,14.7
017598,TINTA SPRAY VERDE 340ML/220G ORBISPRAY,UN,tinta_spray,2026-09-10T18:11:34Z,22.26,21.15
32691,TINTA SPRAY VERDE METALICO 350ML 250G TE,UN,tinta_metalica,2026-09-14T14:35:19Z,34.99,17.5
32691,TINTA SPRAY VERDE METALICO 350ML 250G TE,UN,tinta_spray,2026-09-14T14:35:19Z,34.99,17.5
1737,TINTA SPRAY VERDE USO GERAL 350ML/250G TEKBOND,UN,tinta_spray,2026-09-12T12:49:03Z,18.6,17.54
1733,TINTA SPRAY VERMELHO USO GERAL 350ML/250G TEKBOND,UN,tinta_spray,2026-09-14T12:43:46Z,18.6,18.0
7899674004185,TINTA SPRAY VERNIZ MAD MOGNO 400ML CHEMICOLOR,UN,tinta_spray,2026-09-12T21:40:00Z,45.9,45.9
7899674004161,TINTA SPRAY VERNIZ MAD NATURAL 400ML CHEMICOLOR,UN,tinta_spray,2026-09-10T13:44:53Z,45.9,45.9
7899674004161,TINTA SPRAY VERNIZ MAD NATURAL 400ML CHEMICOLOR,UN,tinta_spray,2026-09-11T20:09:40Z,45.9,45.9
7899674004161,TINTA SPRAY VERNIZ MAD NATURAL 400ML CHEMICOLOR,UN,tinta_spray,2026-09-13T14:08:32Z,45.9,45.9
7891323104406,TINTA SPRAY VM METAL 400ML USO GERAL COLORGIN,UN,tinta_metalica,2026-09-14T12:11:14Z,26.9,26.9
7891323104406,TINTA SPRAY VM METAL 400ML USO GERAL COLORGIN,UN,tinta_spray,2026-09-14T12:11:14Z,26.9,26.9
134392,TINTA SPRAY VONDER PTO BRILH 350ML,UN,tinta_spray,2026-09-09T13:20:00Z,21.99,21.99
214203,TINTA SPRAY WHITE COLOR ALTA/TEMP ALUM 340ML ORBI,UN,tinta_metalica,2026-09-14T18:36:25Z,17.52,17.52
53261,TINTA SPRAY WHITE COLOR ALTA/TEMP ALUM 340ML ORBI,UN,tinta_metalica,2026-09-12T19:10:12Z,21.99,21.99
214203,TINTA SPRAY WHITE COLOR ALTA/TEMP ALUM 340ML ORBI,UN,tinta_spray,2026-09-14T18:36:25Z,17.52,17.52
53261,TINTA SPRAY WHITE COLOR ALTA/TEMP ALUM 340ML ORBI,UN,tinta_spray,2026-09-12T19:10:12Z,21.99,21.99
214202,TINTA SPRAY WHITE COLOR ALTA/TEMP PRETO 340ML ORBI,UN,tinta_spray,2026-09-15T12:12:22Z,17.62,17.62
32511,TINTA SPRAY WHITE COLOR ALTA/TEMP PRETO 340ML ORBI,UN,tinta_spray,2026-09-14T18:39:54Z,25.0,25.0
9101,TINTA SPRAY WHITE COLOR PRETO BRILHANTE 340ML ORBI,UN,tinta_spray,2026-09-14T18:15:52Z,15.6,15.6
53259,TINTA SPRAY WHITE COLOR PRETO BRILHANTE 340ML ORBI,UN,tinta_spray,2026-09-13T12:20:29Z,19.99,19.99
1633,TINTA STARLUX 3L BRANCO,GL,tinta_branca,2026-09-09T13:41:15Z,105.9,100.0
8912,TINTA STARLUX 750ML BRANCO,QT,tinta_branca,2026-09-11T12:08:14Z,31.9,31.4
91917546,TINTA STD F BR 1 0LLUXENS,UN,tinta_branca,2026-09-12T12:58:25Z,35.0,35.0
91917140,TINTA STD F BR 3 6LLUXENS,UN,tinta_branca,2026-09-12T20:51:52Z,102.02,95.89
3276007449181,TINTA STD INT FOS BRANCA 20 L LUXENS         DE35096 POR32490,UN,tinta_branca,2026-09-14T15:28:14Z,350.96,324.9
3276007449297,TINTA STD INT FOS BRANCA 36L LUXENS          DE10202 POR9589,UN,tinta_branca,2026-09-10T12:06:23Z,102.02,95.89
2541,TINTA V N ACR  FC BD15L PINTALAR BR/NV IQUINE,UN,tinta_acrilica,2026-09-09T17:19:41Z,128.0,122.81
2541,TINTA V N ACR  FC BD15L PINTALAR BR/NV IQUINE,UN,tinta_acrilica_branca,2026-09-09T17:19:41Z,128.0,122.81
2541,TINTA V N ACR  FC BD15L PINTALAR BR/NV IQUINE,UN,tinta_branca,2026-09-09T17:19:41Z,128.0,122.81
6976,"TINTA VINIL ACR 3,6L PINTALAR BR GELO IQUINE",PC,tinta_acrilica,2026-09-13T13:19:04Z,49.9,49.9
6976,"TINTA VINIL ACR 3,6L PINTALAR BR GELO IQUINE",PC,tinta_acrilica_branca,2026-09-13T13:19:04Z,49.9,49.9
6976,"TINTA VINIL ACR 3,6L PINTALAR BR GELO IQUINE",PC,tinta_branca,2026-09-13T13:19:04Z,49.9,49.9
6024,TINTA VINIL ACR LT15L PINTALAR BR GELO IQUINE,UN,tinta_acrilica,2026-09-11T19:33:32Z,119.9,109.25
6024,TINTA VINIL ACR LT15L PINTALAR BR GELO IQUINE,UN,tinta_acrilica_branca,2026-09-11T19:33:32Z,119.9,109.25
6024,TINTA VINIL ACR LT15L PINTALAR BR GELO IQUINE,UN,tinta_branca,2026-09-11T19:33:32Z,119.9,109.25
1111,TINTA VINIL ACR LT15L PINTALAR BR NEVE,UN,tinta_acrilica,2026-09-11T16:46:11Z,129.5,129.5
1111,TINTA VINIL ACR LT15L PINTALAR BR NEVE,UN,tinta_acrilica_branca,2026-09-11T16:46:11Z,129.5,129.5
1111,TINTA VINIL ACR LT15L PINTALAR BR NEVE,UN,tinta_branca,2026-09-11T16:46:11Z,129.5,129.5
6023,TINTA VINIL ACR LT15L PINTALAR BR NEVE IQUINE,UN,tinta_acrilica,2026-09-11T12:04:04Z,119.9,109.9
6023,TINTA VINIL ACR LT15L PINTALAR BR NEVE IQUINE,UN,tinta_acrilica_branca,2026-09-11T12:04:04Z,119.9,109.9
6023,TINTA VINIL ACR LT15L PINTALAR BR NEVE IQUINE,UN,tinta_branca,2026-09-11T12:04:04Z,119.9,109.9
972631,TINTA VN ACR BD15L DIATEX BR/GL IQUINE BD0001BD,BD,tinta_acrilica,2026-09-15T16:41:36Z,109.99,109.99
357976,TINTA VN ACR BD15L DIATEX BR/GL IQUINE BD0001BD,L,tinta_acrilica,2026-09-12T13:38:25Z,152.9,152.9
972631,TINTA VN ACR BD15L DIATEX BR/GL IQUINE BD0001BD,BD,tinta_acrilica_branca,2026-09-15T16:41:36Z,109.99,109.99
357976,TINTA VN ACR BD15L DIATEX BR/GL IQUINE BD0001BD,L,tinta_acrilica_branca,2026-09-12T13:38:25Z,152.9,152.9
972631,TINTA VN ACR BD15L DIATEX BR/GL IQUINE BD0001BD,BD,tinta_branca,2026-09-15T16:41:36Z,109.99,109.99
357976,TINTA VN ACR BD15L DIATEX BR/GL IQUINE BD0001BD,L,tinta_branca,2026-09-12T13:38:25Z,152.9,152.9
972651,TINTA VN ACR BD15L DIATEX CAJU IQUINE BD0001BD,BD,tinta_acrilica,2026-09-15T21:01:15Z,164.99,164.99
972656,TINTA VN ACR BD15L DIATEX HORT IQUINE BD0001BD,BD,tinta_acrilica,2026-09-12T14:24:02Z,164.99,164.99
973471,TINTA VN ACR FC BD15L PINTALAR ANDOR IQU BD0001BD,BD,tinta_acrilica,2026-09-15T14:24:38Z,132.99,126.34
941091,TINTA VN ACR FC BD15L PINTALAR AREIA IQU BD0001BD,BD,tinta_acrilica,2026-09-14T14:20:11Z,132.99,132.99
941090,TINTA VN ACR FC BD15L PINTALAR PALH IQUI BD0001BD,BD,tinta_acrilica,2026-09-13T17:41:04Z,132.99,132.99
991324,TINTA VN ACR FC BD15L PINTALAR ROND IQUI BD0001BD,BD,tinta_acrilica,2026-09-14T16:35:21Z,132.99,132.99
965992,TINTA VN ACR FC BD15L PINTALAR VD/PIS IQ BD0001BD,BD,tinta_acrilica,2026-09-14T17:05:37Z,132.99,132.99
965990,TINTA VN ACR FC BD15L PINTALAR VD/PM IQU BD0001BD,BD,tinta_acrilica,2026-09-13T14:05:06Z,132.99,132.99
74180,"TINTA VN ACR FC GP3,6L PINTALAR AZ/CEU I GP0001GP",GL,tinta_acrilica,2026-09-15T17:39:05Z,51.99,51.99
74175,"TINTA VN ACR FC GP3,6L PINTALAR MF IQUIN GP0001GP",GP,tinta_acrilica,2026-09-15T16:20:51Z,51.99,51.99
74179,"TINTA VN ACR FC GP3,6L PINTALAR PESS IQU",GP,tinta_acrilica,2026-09-09T19:22:49Z,51.99,51.99
92952,"TINTA VN ACR FC GP3,6L PINTALAR PITANGA GP0001GP",GP,tinta_acrilica,2026-09-15T16:20:51Z,51.99,51.99
168,"TINTA VN ACR FC GP3,6L PINTALAR PITANGA GP0001GP",UN,tinta_acrilica,2026-09-12T15:49:20Z,54.0,54.0
74178,"TINTA VN ACR FC GP3,6L PINTALAR RS/PET I GP0001GP",GL,tinta_acrilica,2026-09-09T21:47:19Z,51.99,51.99
934440,"TINTA VN ACR FC GP3,6L PINTALAR VD/LM IQ GP0001GP",GL,tinta_acrilica,2026-09-09T16:37:31Z,51.99,51.99
74177,"TINTA VN ACR FC GP3,6L PINTALAR VD/PM IQ GP0001GP",GP,tinta_acrilica,2026-09-15T16:15:11Z,51.99,51.99
74757,"TINTA VN ACR GP3,6L DIATEX AM/CAN IQUINE GP0001GP",GL,tinta_acrilica,2026-09-15T11:44:10Z,54.99,54.99
74764,"TINTA VN ACR GP3,6L DIATEX BR/GL IQUINE GP0001GP",GP,tinta_acrilica,2026-09-13T17:07:26Z,54.99,54.99
74764,"TINTA VN ACR GP3,6L DIATEX BR/GL IQUINE GP0001GP",GP,tinta_acrilica_branca,2026-09-13T17:07:26Z,54.99,54.99
74764,"TINTA VN ACR GP3,6L DIATEX BR/GL IQUINE GP0001GP",GP,tinta_branca,2026-09-13T17:07:26Z,54.99,54.99
74771,"TINTA VN ACR GP3,6L DIATEX BR/NV IQUINE GP0001GP",GP,tinta_acrilica,2026-09-12T19:02:02Z,54.99,54.99
7892948003761,"TINTA VN ACR GP3,6L DIATEX BR/NV IQUINE GP0001GP",GL,tinta_acrilica,2026-09-13T15:05:26Z,62.9,62.9
7892948003761,"TINTA VN ACR GP3,6L DIATEX BR/NV IQUINE GP0001GP",GL,tinta_acrilica,2026-09-15T22:42:53Z,62.9,62.9
7892948003761,"TINTA VN ACR GP3,6L DIATEX BR/NV IQUINE GP0001GP",GL,tinta_acrilica,2026-09-15T12:46:13Z,62.9,62.9
7892948003761,"TINTA VN ACR GP3,6L DIATEX BR/NV IQUINE GP0001GP",GL,tinta_acrilica,2026-09-14T22:32:12Z,62.9,62.9
74771,"TINTA VN ACR GP3,6L DIATEX BR/NV IQUINE GP0001GP",GP,tinta_acrilica_branca,2026-09-12T19:02:02Z,54.99,54.99
7892948003761,"TINTA VN ACR GP3,6L DIATEX BR/NV IQUINE GP0001GP",GL,tinta_acrilica_branca,2026-09-13T15:05:26Z,62.9,62.9
7892948003761,"TINTA VN ACR GP3,6L DIATEX BR/NV IQUINE GP0001GP",GL,tinta_acrilica_branca,2026-09-15T22:42:53Z,62.9,62.9
7892948003761,"TINTA VN ACR GP3,6L DIATEX BR/NV IQUINE GP0001GP",GL,tinta_acrilica_branca,2026-09-15T12:46:13Z,62.9,62.9
7892948003761,"TINTA VN ACR GP3,6L DIATEX BR/NV IQUINE GP0001GP",GL,tinta_acrilica_branca,2026-09-14T22:32:12Z,62.9,62.9
74771,"TINTA VN ACR GP3,6L DIATEX BR/NV IQUINE GP0001GP",GP,tinta_branca,2026-09-12T19:02:02Z,54.99,54.99
7892948003761,"TINTA VN ACR GP3,6L DIATEX BR/NV IQUINE GP0001GP",GL,tinta_branca,2026-09-13T15:05:26Z,62.9,62.9
7892948003761,"TINTA VN ACR GP3,6L DIATEX BR/NV IQUINE GP0001GP",GL,tinta_branca,2026-09-15T22:42:53Z,62.9,62.9
7892948003761,"TINTA VN ACR GP3,6L DIATEX BR/NV IQUINE GP0001GP",GL,tinta_branca,2026-09-15T12:46:13Z,62.9,62.9
7892948003761,"TINTA VN ACR GP3,6L DIATEX BR/NV IQUINE GP0001GP",GL,tinta_branca,2026-09-14T22:32:12Z,62.9,62.9
92921,"TINTA VN ACR GP3,6L DIATEX CAM IQUINE GP0001GP",GL,tinta_acrilica,2026-09-09T21:39:30Z,54.99,54.99
74773,"TINTA VN ACR GP3,6L DIATEX CZ IQUINE",GP,tinta_acrilica,2026-09-13T17:54:41Z,54.99,54.99
7892948003815,"TINTA VN ACR GP3,6L DIATEX CZ IQUINE",UN,tinta_acrilica,2026-09-14T19:19:05Z,62.9,62.9
7892948003815,"TINTA VN ACR GP3,6L DIATEX CZ IQUINE",UN,tinta_acrilica,2026-09-15T11:39:19Z,62.9,62.9
7892948003815,"TINTA VN ACR GP3,6L DIATEX CZ IQUINE",UN,tinta_acrilica,2026-09-11T20:47:09Z,62.9,62.9
874625,"TINTA VN ACR GP3,6L DIATEX IPAN IQUINE GP0001GP",GL,tinta_acrilica,2026-09-12T19:01:34Z,54.99,54.99
92933,"TINTA VN ACR GP3,6L DIATEX RIO/OS IQUINE GP0001GP",GP,tinta_acrilica,2026-09-12T19:14:59Z,54.99,54.99
1784323,TINTA VONDER SPRAY 3,UN,tinta_spray,2026-09-15T10:14:56Z,23.99,23.99
1784285,TINTA VONDER SPRAY 3,UN,tinta_spray,2026-09-14T14:38:39Z,23.99,23.99
52420,TINTA.INT.NACOR ECON 15L BR IBRATIN,BD,tinta_branca,2026-09-14T20:51:06Z,109.99,109.99
10051,TINTAS LUX ESM.EXTRA.750ML BR NEVE,UN,tinta_branca,2026-09-15T11:49:17Z,43.0,43.0
310,TINTAS LUX L.PRO INTERIOR 15L BRANCO NEVE,BA,tinta_branca,2026-09-09T14:30:16Z,95.0,95.0
000035,TINTAX 15L BRANCO GELO,UN,tinta_branca,2026-09-12T12:10:20Z,104.0,80.85
1395,TINTAX ACR ECONOMICO INT BRANCO 15L,BD,tinta_acrilica,2026-09-09T12:34:09Z,95.0,95.0
1395,TINTAX ACR ECONOMICO INT BRANCO 15L,BD,tinta_acrilica_branca,2026-09-09T12:34:09Z,95.0,95.0
1395,TINTAX ACR ECONOMICO INT BRANCO 15L,BD,tinta_branca,2026-09-09T12:34:09Z,95.0,95.0
001698,TINTAX ACR ECONOMICO INT BRANCO BALDE 15L,UN,tinta_acrilica,2026-09-15T20:00:43Z,104.0,104.0
001698,TINTAX ACR ECONOMICO INT BRANCO BALDE 15L,UN,tinta_acrilica_branca,2026-09-15T20:00:43Z,104.0,104.0
001698,TINTAX ACR ECONOMICO INT BRANCO BALDE 15L,UN,tinta_branca,2026-09-15T20:00:43Z,104.0,104.0
001931,TINTAX ACR ECONOMICO INT CINZA EUROPA GALAO,UN,tinta_acrilica,2026-09-13T14:11:02Z,29.0,29.0
001869,TINTAX ACR ECONOMICO INT CINZA S PAULO GALAO,UN,tinta_acrilica,2026-09-13T12:03:29Z,29.0,27.47
3527,TINTAX ACR INT BRANCO NEVE 3L,UN,tinta_acrilica,2026-09-10T18:09:02Z,26.0,26.0
3527,TINTAX ACR INT BRANCO NEVE 3L,UN,tinta_acrilica_branca,2026-09-10T18:09:02Z,26.0,26.0
3527,TINTAX ACR INT BRANCO NEVE 3L,UN,tinta_branca,2026-09-10T18:09:02Z,26.0,26.0
6432,TINTAX ACR INTERIOR FOSCO GELO 3L,UN,tinta_acrilica,2026-09-15T20:51:10Z,28.0,28.0
248,TINTAX INT. BRANCO NEVE 15L,BD,tinta_branca,2026-09-12T13:52:50Z,100.0,100.0
003819,VERNIZ AEROSSOL BRILHO USO GERAL 350ML TEKBOND,UN,tinta_spray,2026-09-10T20:38:54Z,18.0,18.0
011133,VERNIZ AEROSSOL BRILHO USO GERAL 350ML TEKBOND,UN,tinta_spray,2026-09-10T17:21:59Z,20.0,20.0
7898543381082,VERNIZ AEROSSOL BRILHO USO GERAL 350ML TEKBOND,UN,tinta_spray,2026-09-14T15:00:32Z,24.0,23.0
